OrderID,OrderDate,ShipDate,ShipMode,CustomerID,Country,City,State,PostalCode,Region
CA-2016-152156,11/8/2016,11/11/2016,Second Class,CG-12520,United States,Henderson,Kentucky,42420,South
CA-2016-138688,6/12/2016,6/16/2016,Second Class,DV-13045,United States,Los Angeles,California,90036,West
US-2015-108966,10/11/2015,10/18/2015,Standard Class,SO-20335,United States,Fort Lauderdale,Florida,33311,South
CA-2014-115812,6/9/2014,6/14/2014,Standard Class,BH-11710,United States,Los Angeles,California,90032,West
CA-2017-114412,4/15/2017,4/20/2017,Standard Class,AA-10480,United States,Concord,North Carolina,28027,South
CA-2016-161389,12/5/2016,12/10/2016,Standard Class,IM-15070,United States,Seattle,Washington,98103,West
US-2015-118983,11/22/2015,11/26/2015,Standard Class,HP-14815,United States,Fort Worth,Texas,76106,Central
CA-2014-105893,11/11/2014,11/18/2014,Standard Class,PK-19075,United States,Madison,Wisconsin,53711,Central
CA-2014-167164,5/13/2014,5/15/2014,Second Class,AG-10270,United States,West Jordan,Utah,84084,West
CA-2014-143336,8/27/2014,9/1/2014,Second Class,ZD-21925,United States,San Francisco,California,94109,West
CA-2016-137330,12/9/2016,12/13/2016,Standard Class,KB-16585,United States,Fremont,Nebraska,68025,Central
US-2017-156909,7/16/2017,7/18/2017,Second Class,SF-20065,United States,Philadelphia,Pennsylvania,19140,East
CA-2015-106320,9/25/2015,9/30/2015,Standard Class,EB-13870,United States,Orem,Utah,84057,West
CA-2016-121755,1/16/2016,1/20/2016,Second Class,EH-13945,United States,Los Angeles,California,90049,West
US-2015-150630,9/17/2015,9/21/2015,Standard Class,TB-21520,United States,Philadelphia,Pennsylvania,19140,East
CA-2017-107727,10/19/2017,10/23/2017,Second Class,MA-17560,United States,Houston,Texas,77095,Central
CA-2016-117590,12/8/2016,12/10/2016,First Class,GH-14485,United States,Richardson,Texas,75080,Central
CA-2015-117415,12/27/2015,12/31/2015,Standard Class,SN-20710,United States,Houston,Texas,77041,Central
CA-2017-120999,9/10/2017,9/15/2017,Standard Class,LC-16930,United States,Naperville,Illinois,60540,Central
CA-2016-101343,7/17/2016,7/22/2016,Standard Class,RA-19885,United States,Los Angeles,California,90049,West
CA-2017-139619,9/19/2017,9/23/2017,Standard Class,ES-14080,United States,Melbourne,Florida,32935,South
CA-2016-118255,3/11/2016,3/13/2016,First Class,ON-18715,United States,Eagan,Minnesota,55122,Central
CA-2014-146703,10/20/2014,10/25/2014,Second Class,PO-18865,United States,Westland,Michigan,48185,Central
CA-2016-169194,6/20/2016,6/25/2016,Standard Class,LH-16900,United States,Dover,Delaware,19901,East
CA-2015-115742,4/18/2015,4/22/2015,Standard Class,DP-13000,United States,New Albany,Indiana,47150,Central
CA-2016-105816,12/11/2016,12/17/2016,Standard Class,JM-15265,United States,New York City,New York,10024,East
CA-2016-111682,6/17/2016,6/18/2016,First Class,TB-21055,United States,Troy,New York,12180,East
CA-2015-135545,11/24/2015,11/30/2015,Standard Class,KM-16720,United States,Los Angeles,California,90004,West
US-2015-164175,4/30/2015,5/5/2015,Standard Class,PS-18970,United States,Chicago,Illinois,60610,Central
CA-2014-106376,12/5/2014,12/10/2014,Standard Class,BS-11590,United States,Gilbert,Arizona,85234,West
CA-2016-119823,6/4/2016,6/6/2016,First Class,KD-16270,United States,Springfield,Virginia,22153,South
CA-2016-106075,9/18/2016,9/23/2016,Standard Class,HM-14980,United States,New York City,New York,10009,East
CA-2017-114440,9/14/2017,9/17/2017,Second Class,TB-21520,United States,Jackson,Michigan,49201,Central
US-2015-134026,4/26/2015,5/2/2015,Standard Class,JE-15745,United States,Memphis,Tennessee,38109,South
US-2017-118038,12/9/2017,12/11/2017,First Class,KB-16600,United States,Houston,Texas,77041,Central
US-2014-147606,11/26/2014,12/1/2014,Second Class,JE-15745,United States,Houston,Texas,77070,Central
CA-2016-127208,6/12/2016,6/15/2016,First Class,SC-20770,United States,Decatur,Alabama,35601,South
CA-2014-139451,10/12/2014,10/16/2014,Standard Class,DN-13690,United States,San Francisco,California,94122,West
CA-2015-149734,9/3/2015,9/8/2015,Standard Class,JC-16105,United States,Durham,North Carolina,27707,South
US-2017-119662,11/13/2017,11/16/2017,First Class,CS-12400,United States,Chicago,Illinois,60623,Central
CA-2017-140088,5/28/2017,5/30/2017,Second Class,PO-18865,United States,Columbia,South Carolina,29203,South
CA-2017-155558,10/26/2017,11/2/2017,Standard Class,PG-18895,United States,Rochester,Minnesota,55901,Central
CA-2016-159695,4/5/2016,4/10/2016,Second Class,GM-14455,United States,Houston,Texas,77095,Central
CA-2016-109806,9/17/2016,9/22/2016,Standard Class,JS-15685,United States,Los Angeles,California,90036,West
CA-2015-149587,1/31/2015,2/5/2015,Second Class,KB-16315,United States,Minneapolis,Minnesota,55407,Central
US-2017-109484,11/6/2017,11/12/2017,Standard Class,RB-19705,United States,Portland,Oregon,97206,West
CA-2017-161018,11/9/2017,11/11/2017,Second Class,PN-18775,United States,New York City,New York,10009,East
CA-2017-157833,6/17/2017,6/20/2017,First Class,KD-16345,United States,San Francisco,California,94122,West
CA-2016-149223,9/6/2016,9/11/2016,Standard Class,ER-13855,United States,Saint Paul,Minnesota,55106,Central
CA-2016-158568,8/29/2016,9/2/2016,Standard Class,RB-19465,United States,Chicago,Illinois,60610,Central
CA-2016-129903,12/1/2016,12/4/2016,Second Class,GZ-14470,United States,Rochester,Minnesota,55901,Central
US-2015-156867,11/13/2015,11/17/2015,Standard Class,LC-16870,United States,Aurora,Colorado,80013,West
CA-2017-119004,11/23/2017,11/28/2017,Standard Class,JM-15250,United States,Charlotte,North Carolina,28205,South
CA-2015-129476,10/15/2015,10/20/2015,Standard Class,PA-19060,United States,Orland Park,Illinois,60462,Central
CA-2017-146780,12/25/2017,12/30/2017,Standard Class,CV-12805,United States,New York City,New York,10035,East
CA-2016-128867,11/3/2016,11/10/2016,Standard Class,CL-12565,United States,Urbandale,Iowa,50322,Central
CA-2014-115259,8/25/2014,8/27/2014,Second Class,RC-19960,United States,Columbus,Ohio,43229,East
CA-2015-110457,3/2/2015,3/6/2015,Standard Class,DK-13090,United States,Seattle,Washington,98103,West
US-2015-136476,4/5/2015,4/10/2015,Standard Class,GG-14650,United States,Bristol,Tennessee,37620,South
CA-2016-103730,6/12/2016,6/15/2016,First Class,SC-20725,United States,Wilmington,Delaware,19805,East
US-2014-152030,12/26/2014,12/28/2014,Second Class,AD-10180,United States,Houston,Texas,77041,Central
US-2014-134614,9/20/2014,9/25/2014,Standard Class,PF-19165,United States,Bloomington,Illinois,61701,Central
US-2017-107272,11/5/2017,11/12/2017,Standard Class,TS-21610,United States,Phoenix,Arizona,85023,West
US-2016-125969,11/6/2016,11/10/2016,Second Class,LS-16975,United States,Los Angeles,California,90004,West
US-2017-164147,2/2/2017,2/5/2017,First Class,DW-13585,United States,Columbus,Ohio,43229,East
CA-2016-145583,10/13/2016,10/19/2016,Standard Class,LC-16885,United States,Roseville,California,95661,West
CA-2016-110366,9/5/2016,9/7/2016,Second Class,JD-15895,United States,Philadelphia,Pennsylvania,19140,East
CA-2017-106180,9/18/2017,9/23/2017,Standard Class,SH-19975,United States,San Francisco,California,94122,West
CA-2017-155376,12/22/2017,12/27/2017,Standard Class,SG-20080,United States,Independence,Missouri,64055,Central
CA-2015-110744,9/7/2015,9/12/2015,Standard Class,HA-14920,United States,Pasadena,California,91104,West
CA-2014-110072,10/22/2014,10/28/2014,Standard Class,MG-17680,United States,Newark,Ohio,43055,East
CA-2016-114489,12/5/2016,12/9/2016,Standard Class,JE-16165,United States,Franklin,Wisconsin,53132,Central
CA-2016-158834,3/13/2016,3/16/2016,First Class,TW-21025,United States,Scottsdale,Arizona,85254,West
CA-2015-124919,5/31/2015,6/2/2015,First Class,SP-20650,United States,San Jose,California,95123,West
CA-2015-118948,5/28/2015,6/3/2015,Standard Class,NK-18490,United States,Seattle,Washington,98105,West
CA-2014-104269,3/1/2014,3/6/2014,Second Class,DB-13060,United States,Seattle,Washington,98115,West
CA-2016-114104,11/20/2016,11/24/2016,Standard Class,NP-18670,United States,Edmond,Oklahoma,73034,Central
CA-2016-162733,5/11/2016,5/12/2016,First Class,TT-21070,United States,Los Angeles,California,90045,West
CA-2015-119697,12/28/2015,12/31/2015,Second Class,EM-13960,United States,Philadelphia,Pennsylvania,19134,East
CA-2016-154508,11/16/2016,11/20/2016,Standard Class,RD-19900,United States,Carlsbad,New Mexico,88220,West
CA-2016-113817,11/7/2016,11/11/2016,Standard Class,MJ-17740,United States,Seattle,Washington,98115,West
CA-2014-139892,9/8/2014,9/12/2014,Standard Class,BM-11140,United States,San Antonio,Texas,78207,Central
CA-2014-118962,8/5/2014,8/9/2014,Standard Class,CS-12130,United States,Los Angeles,California,90004,West
US-2014-100853,9/14/2014,9/19/2014,Standard Class,JB-15400,United States,Chicago,Illinois,60623,Central
US-2017-152366,4/21/2017,4/25/2017,Second Class,SJ-20500,United States,Houston,Texas,77036,Central
US-2015-101511,11/21/2015,11/23/2015,Second Class,JE-15745,United States,Newark,Ohio,43055,East
CA-2015-137225,12/15/2015,12/19/2015,Standard Class,JK-15640,United States,New York City,New York,10009,East
CA-2014-166191,12/5/2014,12/9/2014,Second Class,DK-13150,United States,Decatur,Illinois,62521,Central
CA-2014-158274,11/19/2014,11/24/2014,Second Class,RM-19675,United States,Monroe,Louisiana,71203,South
CA-2016-105018,11/28/2016,12/2/2016,Standard Class,SK-19990,United States,Fairfield,Connecticut,6824,East
CA-2014-123260,8/26/2014,8/30/2014,Standard Class,FM-14290,United States,Los Angeles,California,90032,West
CA-2016-157000,7/16/2016,7/22/2016,Standard Class,AM-10360,United States,Grand Prairie,Texas,75051,Central
CA-2015-102281,10/12/2015,10/14/2015,First Class,MP-17470,United States,New York City,New York,10035,East
CA-2015-131457,10/31/2015,11/6/2015,Standard Class,MZ-17515,United States,Redlands,California,92374,West
CA-2014-140004,3/21/2014,3/25/2014,Standard Class,CB-12025,United States,Hamilton,Ohio,45011,East
CA-2017-107720,11/6/2017,11/13/2017,Standard Class,VM-21685,United States,Westfield,New Jersey,7090,East
US-2017-124303,7/6/2017,7/13/2017,Standard Class,FH-14365,United States,Philadelphia,Pennsylvania,19120,East
CA-2017-105074,6/24/2017,6/29/2017,Standard Class,MB-17305,United States,Akron,Ohio,44312,East
CA-2014-133690,8/3/2014,8/5/2014,First Class,BS-11755,United States,Denver,Colorado,80219,West
US-2017-116701,12/17/2017,12/21/2017,Second Class,LC-17140,United States,Dallas,Texas,75220,Central
CA-2017-126382,6/3/2017,6/7/2017,Standard Class,HK-14890,United States,Franklin,Tennessee,37064,South
CA-2017-108329,12/9/2017,12/14/2017,Standard Class,LE-16810,United States,Whittier,California,90604,West
CA-2017-135860,12/1/2017,12/7/2017,Standard Class,JH-15985,United States,Saginaw,Michigan,48601,Central
CA-2015-101007,2/9/2015,2/13/2015,Second Class,MS-17980,United States,Dallas,Texas,75220,Central
CA-2015-146262,1/2/2015,1/9/2015,Standard Class,VW-21775,United States,Medina,Ohio,44256,East
CA-2016-130162,10/28/2016,11/1/2016,Standard Class,JH-15910,United States,Los Angeles,California,90032,West
CA-2015-169397,12/24/2015,12/27/2015,First Class,JB-15925,United States,Dublin,Ohio,43017,East
CA-2015-163055,8/9/2015,8/16/2015,Standard Class,DS-13180,United States,Detroit,Michigan,48227,Central
US-2015-145436,2/28/2015,3/4/2015,Standard Class,VD-21670,United States,Columbia,Tennessee,38401,South
US-2014-156216,9/13/2014,9/17/2014,Standard Class,EA-14035,United States,Charlotte,North Carolina,28205,South
US-2017-100930,4/7/2017,4/12/2017,Standard Class,CS-12400,United States,Tampa,Florida,33614,South
CA-2017-160514,11/12/2017,11/16/2017,Standard Class,DB-13120,United States,Santa Clara,California,95051,West
CA-2016-157749,6/4/2016,6/9/2016,Second Class,KL-16645,United States,Chicago,Illinois,60610,Central
CA-2014-131926,6/1/2014,6/6/2014,Second Class,DW-13480,United States,Lakeville,Minnesota,55044,Central
CA-2016-154739,12/10/2016,12/15/2016,Second Class,LH-17155,United States,San Francisco,California,94109,West
CA-2016-145625,9/11/2016,9/17/2016,Standard Class,KC-16540,United States,San Diego,California,92037,West
CA-2016-146941,12/10/2016,12/13/2016,First Class,DL-13315,United States,New York City,New York,10024,East
US-2015-159982,11/28/2015,12/4/2015,Standard Class,DR-12880,United States,Chicago,Illinois,60623,Central
CA-2017-163139,12/1/2017,12/3/2017,Second Class,CC-12670,United States,New York City,New York,10009,East
US-2017-155299,6/8/2017,6/12/2017,Standard Class,Dl-13600,United States,Pasadena,Texas,77506,Central
US-2014-106992,9/19/2014,9/21/2014,Second Class,SB-20290,United States,Houston,Texas,77036,Central
CA-2016-125318,6/6/2016,6/13/2016,Standard Class,RC-19825,United States,Chicago,Illinois,60610,Central
CA-2015-155040,11/10/2015,11/15/2015,Standard Class,AH-10210,United States,Brentwood,California,94513,West
CA-2017-136826,6/16/2017,6/20/2017,Standard Class,CB-12535,United States,Chapel Hill,North Carolina,27514,South
CA-2016-111010,1/22/2016,1/28/2016,Standard Class,PG-18895,United States,Morristown,New Jersey,7960,East
US-2017-145366,12/9/2017,12/13/2017,Standard Class,CA-12310,United States,Cincinnati,Ohio,45231,East
CA-2017-163979,12/28/2017,1/2/2018,Second Class,KH-16690,United States,San Francisco,California,94110,West
CA-2015-155334,7/30/2015,7/31/2015,First Class,HA-14920,United States,San Francisco,California,94109,West
CA-2017-118136,9/16/2017,9/17/2017,First Class,BB-10990,United States,Inglewood,California,90301,West
CA-2017-132976,10/13/2017,10/17/2017,Standard Class,AG-10495,United States,Philadelphia,Pennsylvania,19140,East
US-2015-161991,9/26/2015,9/28/2015,Second Class,SC-20725,United States,Houston,Texas,77070,Central
CA-2015-130890,11/2/2015,11/6/2015,Standard Class,JO-15280,United States,Los Angeles,California,90004,West
CA-2015-130883,9/26/2015,10/2/2015,Standard Class,TB-21520,United States,Portland,Oregon,97206,West
CA-2016-112697,12/18/2016,12/20/2016,Second Class,AH-10195,United States,Tamarac,Florida,33319,South
CA-2016-110772,11/20/2016,11/24/2016,Second Class,NZ-18565,United States,Columbus,Ohio,43229,East
CA-2014-111451,12/26/2014,12/28/2014,First Class,KL-16555,United States,Colorado Springs,Colorado,80906,West
CA-2016-142545,10/28/2016,11/3/2016,Standard Class,JD-15895,United States,Belleville,New Jersey,7109,East
US-2017-152380,11/19/2017,11/23/2017,Standard Class,JH-15910,United States,Chicago,Illinois,60623,Central
CA-2015-144253,5/4/2015,5/9/2015,Second Class,AS-10225,United States,New York City,New York,10024,East
CA-2014-130960,12/30/2014,1/4/2015,Standard Class,KB-16600,United States,Taylor,Michigan,48180,Central
CA-2014-111003,6/1/2014,6/6/2014,Standard Class,CR-12625,United States,Lakewood,New Jersey,8701,East
CA-2017-126774,4/15/2017,4/17/2017,First Class,SH-20395,United States,Arlington,Virginia,22204,South
CA-2016-142902,9/12/2016,9/14/2016,Second Class,BP-11185,United States,Arvada,Colorado,80004,West
CA-2014-120887,9/27/2014,10/3/2014,Standard Class,TS-21205,United States,Hackensack,New Jersey,7601,East
CA-2014-167850,8/9/2014,8/16/2014,Standard Class,AG-10525,United States,Saint Petersburg,Florida,33710,South
CA-2014-164259,12/28/2014,12/30/2014,First Class,SP-20860,United States,Philadelphia,Pennsylvania,19143,East
CA-2014-164973,11/4/2014,11/9/2014,Standard Class,NM-18445,United States,New York City,New York,10024,East
CA-2014-156601,9/19/2014,9/24/2014,Standard Class,FA-14230,United States,Long Beach,California,90805,West
CA-2016-162138,4/23/2016,4/27/2016,Standard Class,GK-14620,United States,Hesperia,California,92345,West
CA-2017-153339,11/3/2017,11/5/2017,Second Class,DJ-13510,United States,Murfreesboro,Tennessee,37130,South
US-2016-141544,8/30/2016,9/1/2016,First Class,PO-18850,United States,Philadelphia,Pennsylvania,19143,East
US-2016-150147,4/25/2016,4/29/2016,Second Class,JL-15850,United States,Philadelphia,Pennsylvania,19134,East
CA-2015-137946,9/1/2015,9/4/2015,Second Class,DB-13615,United States,Los Angeles,California,90045,West
CA-2014-129924,7/12/2014,7/17/2014,Standard Class,AC-10420,United States,San Francisco,California,94122,West
CA-2015-128167,6/22/2015,6/26/2015,Second Class,KL-16645,United States,Layton,Utah,84041,West
CA-2014-122336,4/13/2014,4/17/2014,Second Class,JD-15895,United States,Philadelphia,Pennsylvania,19140,East
US-2015-120712,12/20/2015,12/24/2015,Standard Class,CS-12130,United States,Austin,Texas,78745,Central
CA-2017-169901,6/15/2017,6/19/2017,Standard Class,CC-12550,United States,San Francisco,California,94122,West
CA-2017-134306,7/8/2017,7/12/2017,Standard Class,TD-20995,United States,Lowell,Massachusetts,1852,East
CA-2016-129714,9/1/2016,9/3/2016,First Class,AB-10060,United States,New York City,New York,10009,East
CA-2016-138520,4/8/2016,4/13/2016,Standard Class,JL-15505,United States,New York City,New York,10035,East
CA-2016-130001,4/23/2016,4/28/2016,Standard Class,HK-14890,United States,Charlotte,North Carolina,28205,South
CA-2017-155698,3/8/2017,3/11/2017,First Class,VB-21745,United States,Columbus,Georgia,31907,South
CA-2017-144904,9/25/2017,10/1/2017,Standard Class,KW-16435,United States,New York City,New York,10009,East
CA-2014-123344,9/24/2014,9/29/2014,Standard Class,JD-16060,United States,San Francisco,California,94109,West
CA-2016-155516,10/21/2016,10/21/2016,Same Day,MK-17905,United States,Manchester,Connecticut,6040,East
CA-2017-104745,5/29/2017,6/4/2017,Standard Class,GT-14755,United States,Harlingen,Texas,78550,Central
US-2014-119137,7/23/2014,7/27/2014,Standard Class,AG-10900,United States,Tucson,Arizona,85705,West
US-2016-134656,9/28/2016,10/1/2016,First Class,MM-18280,United States,Quincy,Illinois,62301,Central
US-2017-134481,8/27/2017,9/1/2017,Standard Class,AR-10405,United States,Franklin,Massachusetts,2038,East
CA-2015-130792,4/28/2015,5/5/2015,Standard Class,RA-19915,United States,Houston,Texas,77095,Central
CA-2016-134775,10/28/2016,10/29/2016,First Class,AS-10285,United States,San Francisco,California,94109,West
CA-2015-125395,6/26/2015,6/29/2015,Second Class,LA-16780,United States,Taylor,Michigan,48180,Central
US-2015-168935,11/27/2015,12/2/2015,Standard Class,DO-13435,United States,Pembroke Pines,Florida,33024,South
CA-2015-122756,12/3/2015,12/7/2015,Standard Class,DK-13225,United States,Philadelphia,Pennsylvania,19140,East
CA-2014-115973,11/24/2014,11/26/2014,First Class,NG-18430,United States,Cincinnati,Ohio,45231,East
CA-2017-101798,12/11/2017,12/15/2017,Standard Class,MV-18190,United States,New York City,New York,10009,East
US-2014-135972,9/21/2014,9/23/2014,Second Class,JG-15115,United States,Des Moines,Washington,98198,West
US-2014-134971,6/7/2014,6/10/2014,Second Class,BP-11095,United States,Peoria,Illinois,61604,Central
CA-2017-102946,6/30/2017,7/5/2017,Standard Class,VP-21730,United States,Las Vegas,Nevada,89115,West
CA-2017-165603,10/17/2017,10/19/2017,Second Class,SS-20140,United States,Warwick,Rhode Island,2886,East
CA-2015-122259,10/31/2015,11/4/2015,Standard Class,HP-14815,United States,Jackson,Michigan,49201,Central
CA-2016-108987,9/8/2016,9/10/2016,Second Class,AG-10675,United States,Houston,Texas,77036,Central
CA-2014-113166,12/24/2014,12/26/2014,First Class,LF-17185,United States,Miami,Florida,33180,South
CA-2014-155208,4/16/2014,4/20/2014,Standard Class,SP-20650,United States,Wilmington,North Carolina,28403,South
CA-2017-117933,12/24/2017,12/29/2017,Standard Class,RF-19840,United States,New York City,New York,10024,East
CA-2017-117457,12/8/2017,12/12/2017,Standard Class,KH-16510,United States,San Francisco,California,94110,West
CA-2017-142636,11/3/2017,11/7/2017,Standard Class,KC-16675,United States,Seattle,Washington,98105,West
CA-2017-122105,6/24/2017,6/28/2017,Standard Class,CJ-12010,United States,Huntington Beach,California,92646,West
CA-2016-148796,4/14/2016,4/18/2016,Standard Class,PB-19150,United States,Los Angeles,California,90004,West
CA-2017-154816,11/6/2017,11/10/2017,Standard Class,VB-21745,United States,Richmond,Kentucky,40475,South
CA-2017-110478,3/4/2017,3/9/2017,Standard Class,SP-20860,United States,Los Angeles,California,90045,West
CA-2014-142048,6/22/2014,6/25/2014,First Class,JE-15745,United States,Louisville,Colorado,80027,West
CA-2017-125388,10/19/2017,10/23/2017,Standard Class,MP-17965,United States,Lawrence,Massachusetts,1841,East
CA-2017-155705,8/21/2017,8/23/2017,Second Class,NF-18385,United States,Jackson,Mississippi,39212,South
CA-2017-149160,11/23/2017,11/26/2017,Second Class,JM-15265,United States,Canton,Michigan,48187,Central
CA-2014-101476,9/12/2014,9/13/2014,First Class,SD-20485,United States,New Rochelle,New York,10801,East
CA-2017-152275,10/1/2017,10/8/2017,Standard Class,KH-16630,United States,San Antonio,Texas,78207,Central
US-2016-123750,4/15/2016,4/21/2016,Standard Class,RB-19795,United States,Gastonia,North Carolina,28052,South
CA-2016-127369,6/6/2016,6/7/2016,First Class,DB-13060,United States,Lowell,Massachusetts,1852,East
US-2014-150574,12/19/2014,12/25/2014,Standard Class,MK-18160,United States,Jacksonville,Florida,32216,South
CA-2016-147375,6/12/2016,6/14/2016,Second Class,PO-19180,United States,Chicago,Illinois,60623,Central
CA-2017-130043,9/15/2017,9/19/2017,Standard Class,BB-11545,United States,Houston,Texas,77070,Central
CA-2017-157252,1/20/2017,1/23/2017,Second Class,CV-12805,United States,New York City,New York,10024,East
CA-2016-115756,9/5/2016,9/7/2016,Second Class,PK-19075,United States,Detroit,Michigan,48227,Central
CA-2017-154214,3/20/2017,3/25/2017,Second Class,TB-21595,United States,Columbus,Indiana,47201,Central
CA-2016-166674,4/1/2016,4/3/2016,Second Class,RB-19360,United States,Auburn,New York,13021,East
CA-2017-147277,10/20/2017,10/24/2017,Standard Class,EB-13705,United States,Akron,Ohio,44312,East
CA-2016-100153,12/13/2016,12/17/2016,Standard Class,KH-16630,United States,Norman,Oklahoma,73071,Central
US-2014-110674,2/12/2014,2/18/2014,Standard Class,SC-20095,United States,Concord,California,94521,West
US-2016-157945,9/26/2016,10/1/2016,Standard Class,NF-18385,United States,Decatur,Illinois,62521,Central
CA-2015-109638,12/15/2015,12/22/2015,Standard Class,JH-15985,United States,Seattle,Washington,98115,West
CA-2016-109869,4/22/2016,4/29/2016,Standard Class,TN-21040,United States,Phoenix,Arizona,85023,West
US-2015-101399,1/17/2015,1/24/2015,Standard Class,JS-15940,United States,Park Ridge,Illinois,60068,Central
CA-2017-154907,3/31/2017,4/4/2017,Standard Class,DS-13180,United States,Amarillo,Texas,79109,Central
US-2016-100419,12/16/2016,12/20/2016,Second Class,CC-12670,United States,Chicago,Illinois,60610,Central
CA-2015-154144,12/20/2015,12/24/2015,Standard Class,MH-17785,United States,Lindenhurst,New York,11757,East
CA-2014-144666,11/9/2014,11/11/2014,Second Class,JP-15520,United States,San Francisco,California,94110,West
CA-2016-103891,7/12/2016,7/19/2016,Standard Class,KH-16690,United States,Los Angeles,California,90008,West
CA-2016-152632,10/27/2016,11/2/2016,Standard Class,JE-15475,United States,Troy,New York,12180,East
CA-2016-100790,6/26/2016,7/2/2016,Standard Class,JG-15805,United States,New York City,New York,10024,East
CA-2014-134677,10/6/2014,10/10/2014,Standard Class,XP-21865,United States,San Diego,California,92024,West
CA-2014-127691,7/22/2014,7/27/2014,Standard Class,EM-14065,United States,New York City,New York,10024,East
CA-2017-140963,6/10/2017,6/13/2017,First Class,MT-18070,United States,Los Angeles,California,90045,West
CA-2014-154627,10/29/2014,10/31/2014,First Class,SA-20830,United States,Chicago,Illinois,60610,Central
CA-2014-133753,6/9/2014,6/13/2014,Second Class,CW-11905,United States,Huntsville,Texas,77340,Central
CA-2014-113362,9/14/2014,9/19/2014,Standard Class,AJ-10960,United States,Rochester,New York,14609,East
CA-2016-169166,5/9/2016,5/14/2016,Standard Class,SS-20590,United States,Seattle,Washington,98115,West
US-2016-120929,3/18/2016,3/21/2016,Second Class,RO-19780,United States,Memphis,Tennessee,38109,South
CA-2015-134782,12/27/2015,12/31/2015,Standard Class,MD-17350,United States,Fayetteville,Arkansas,72701,South
CA-2016-126158,7/25/2016,7/31/2016,Standard Class,SC-20095,United States,Costa Mesa,California,92627,West
US-2016-105578,5/30/2016,6/4/2016,Standard Class,MY-17380,United States,Parker,Colorado,80134,West
CA-2017-134978,11/12/2017,11/15/2017,Second Class,EB-13705,United States,New York City,New York,10024,East
CA-2015-145352,3/16/2015,3/22/2015,Standard Class,CM-12385,United States,Atlanta,Georgia,30318,South
CA-2017-135307,11/26/2017,11/27/2017,First Class,LS-17245,United States,Gladstone,Missouri,64118,Central
CA-2016-106341,10/20/2016,10/23/2016,First Class,LF-17185,United States,Newark,Ohio,43055,East
CA-2017-163405,12/21/2017,12/25/2017,Standard Class,BN-11515,United States,Los Angeles,California,90049,West
CA-2017-127432,1/22/2017,1/27/2017,Standard Class,AD-10180,United States,Great Falls,Montana,59405,West
CA-2015-157812,3/22/2015,3/26/2015,Standard Class,DB-13210,United States,Houston,Texas,77041,Central
CA-2017-145142,1/23/2017,1/25/2017,First Class,MC-17605,United States,Detroit,Michigan,48234,Central
US-2016-139486,5/21/2016,5/23/2016,First Class,LH-17155,United States,Los Angeles,California,90032,West
CA-2015-158792,12/26/2015,1/2/2016,Standard Class,BD-11605,United States,Lawrence,Massachusetts,1841,East
CA-2017-113558,10/21/2017,10/26/2017,Standard Class,PH-18790,United States,Lakeland,Florida,33801,South
US-2015-138303,9/3/2015,9/7/2015,Standard Class,MG-18145,United States,Philadelphia,Pennsylvania,19134,East
CA-2015-102848,11/7/2015,11/9/2015,Second Class,KB-16240,United States,Los Angeles,California,90036,West
US-2017-129441,9/7/2017,9/11/2017,Standard Class,JC-15340,United States,Los Angeles,California,90032,West
CA-2016-168753,5/29/2016,6/1/2016,Second Class,RL-19615,United States,Montgomery,Alabama,36116,South
CA-2016-126613,7/10/2016,7/16/2016,Standard Class,AA-10375,United States,Mesa,Arizona,85204,West
US-2017-122637,9/3/2017,9/8/2017,Second Class,EP-13915,United States,Chicago,Illinois,60653,Central
CA-2015-147851,12/3/2015,12/8/2015,Standard Class,MP-17470,United States,New York City,New York,10009,East
CA-2015-134894,12/7/2015,12/11/2015,Standard Class,DK-12985,United States,Henderson,Kentucky,42420,South
CA-2014-140795,2/1/2014,2/3/2014,First Class,BD-11500,United States,Green Bay,Wisconsin,54302,Central
CA-2016-136924,7/14/2016,7/17/2016,First Class,ES-14080,United States,Tucson,Arizona,85705,West
US-2015-120161,12/18/2015,12/23/2015,Standard Class,LM-17065,United States,Springfield,Ohio,45503,East
CA-2014-103849,5/11/2014,5/16/2014,Standard Class,PG-18895,United States,Fort Worth,Texas,76106,Central
CA-2017-162929,11/19/2017,11/22/2017,First Class,AS-10135,United States,New York City,New York,10035,East
CA-2015-113173,11/15/2015,11/17/2015,Second Class,DK-13225,United States,Chicago,Illinois,60653,Central
CA-2016-136406,4/15/2016,4/17/2016,Second Class,BD-11320,United States,San Francisco,California,94110,West
CA-2017-112774,9/11/2017,9/12/2017,First Class,RC-19960,United States,Jacksonville,Florida,32216,South
CA-2017-101945,11/24/2017,11/28/2017,Standard Class,GT-14710,United States,Houston,Texas,77070,Central
CA-2017-100650,6/29/2017,7/3/2017,Second Class,DK-13225,United States,Anaheim,California,92804,West
CA-2014-155852,3/3/2014,3/7/2014,Second Class,AJ-10945,United States,Wilmington,North Carolina,28403,South
CA-2016-113243,6/10/2016,6/15/2016,Standard Class,OT-18730,United States,Los Angeles,California,90045,West
CA-2017-118731,11/20/2017,11/22/2017,Second Class,LP-17080,United States,San Francisco,California,94110,West
CA-2014-145576,9/14/2014,9/18/2014,Second Class,CA-12775,United States,Tampa,Florida,33614,South
CA-2015-130736,12/7/2015,12/9/2015,First Class,JF-15490,United States,Seattle,Washington,98105,West
CA-2017-137099,12/7/2017,12/10/2017,First Class,FP-14320,United States,Los Angeles,California,90008,West
CA-2017-156951,10/1/2017,10/8/2017,Standard Class,EB-13840,United States,Seattle,Washington,98105,West
CA-2017-164826,12/28/2017,1/4/2018,Standard Class,JF-15415,United States,New York City,New York,10024,East
CA-2016-127250,11/3/2016,11/7/2016,Standard Class,SF-20200,United States,Marysville,Washington,98270,West
CA-2015-149713,9/18/2015,9/22/2015,Second Class,TG-21640,United States,Long Beach,California,90805,West
CA-2017-118640,7/20/2017,7/26/2017,Standard Class,CS-11950,United States,Chicago,Illinois,60610,Central
CA-2015-132906,9/10/2015,9/14/2015,Standard Class,CC-12145,United States,Los Angeles,California,90004,West
CA-2017-145233,12/1/2017,12/5/2017,Standard Class,DV-13465,United States,Denver,Colorado,80219,West
CA-2015-128139,7/3/2015,7/9/2015,Standard Class,BD-11725,United States,Richmond,Kentucky,40475,South
US-2016-156986,3/20/2016,3/24/2016,Standard Class,ZC-21910,United States,Salem,Oregon,97301,West
CA-2014-135405,1/9/2014,1/13/2014,Standard Class,MS-17830,United States,Laredo,Texas,78041,Central
CA-2014-131450,8/8/2014,8/15/2014,Standard Class,LR-16915,United States,San Diego,California,92024,West
CA-2016-120180,7/14/2016,7/16/2016,First Class,TP-21130,United States,Philadelphia,Pennsylvania,19134,East
US-2016-100720,7/16/2016,7/21/2016,Standard Class,CK-12205,United States,Philadelphia,Pennsylvania,19120,East
CA-2014-149958,3/15/2014,3/19/2014,Standard Class,AS-10240,United States,Tampa,Florida,33614,South
US-2014-105767,5/23/2014,5/27/2014,Standard Class,AR-10510,United States,Philadelphia,Pennsylvania,19134,East
CA-2016-161816,4/28/2016,5/1/2016,First Class,NB-18655,United States,Dallas,Texas,75217,Central
CA-2016-121223,9/11/2016,9/13/2016,Second Class,GD-14590,United States,Philadelphia,Pennsylvania,19143,East
CA-2017-138611,11/14/2017,11/17/2017,Second Class,CK-12595,United States,Grove City,Ohio,43123,East
CA-2017-117947,8/18/2017,8/23/2017,Second Class,NG-18355,United States,New York City,New York,10011,East
US-2014-111171,12/26/2014,12/31/2014,Standard Class,CA-12265,United States,Chicago,Illinois,60610,Central
CA-2015-138009,11/29/2015,12/3/2015,Standard Class,SF-20965,United States,Dearborn,Michigan,48126,Central
CA-2017-163020,9/15/2017,9/19/2017,Standard Class,MO-17800,United States,New York City,New York,10009,East
CA-2017-153787,5/19/2017,5/23/2017,Standard Class,AT-10735,United States,Seattle,Washington,98115,West
CA-2017-133431,12/17/2017,12/21/2017,Standard Class,LC-17140,United States,San Francisco,California,94122,West
US-2016-135720,12/11/2016,12/13/2016,Second Class,FM-14380,United States,Aurora,Colorado,80013,West
CA-2017-144694,9/24/2017,9/26/2017,Second Class,BD-11605,United States,Miami,Florida,33180,South
CA-2015-168004,10/4/2015,10/9/2015,Second Class,DJ-13420,United States,Warner Robins,Georgia,31088,South
US-2016-123470,8/15/2016,8/21/2016,Standard Class,ME-17725,United States,Aurora,Colorado,80013,West
CA-2016-115917,5/20/2016,5/25/2016,Standard Class,RB-19465,United States,Vallejo,California,94591,West
CA-2016-147067,12/18/2016,12/22/2016,Standard Class,JD-16150,United States,Minneapolis,Minnesota,55407,Central
CA-2017-167913,7/30/2017,8/3/2017,Second Class,JL-15835,United States,Mission Viejo,California,92691,West
CA-2017-106103,6/10/2017,6/15/2017,Standard Class,SC-20305,United States,Rochester Hills,Michigan,48307,Central
US-2017-127719,7/21/2017,7/25/2017,Standard Class,TW-21025,United States,Plainfield,New Jersey,7060,East
CA-2017-126221,12/30/2017,1/5/2018,Standard Class,CC-12430,United States,Columbus,Indiana,47201,Central
CA-2016-103947,4/1/2016,4/8/2016,Standard Class,BB-10990,United States,Sierra Vista,Arizona,85635,West
CA-2016-160745,12/11/2016,12/16/2016,Second Class,AR-10825,United States,Vancouver,Washington,98661,West
CA-2016-132661,10/23/2016,10/29/2016,Standard Class,SR-20740,United States,New York City,New York,10024,East
CA-2017-140844,6/19/2017,6/23/2017,Standard Class,AR-10405,United States,New York City,New York,10035,East
CA-2016-137239,8/22/2016,8/28/2016,Standard Class,CR-12730,United States,Columbus,Ohio,43229,East
US-2016-156097,9/19/2016,9/19/2016,Same Day,EH-14125,United States,Aurora,Illinois,60505,Central
CA-2015-146563,8/24/2015,8/28/2015,Standard Class,CB-12025,United States,Arlington,Texas,76017,Central
CA-2016-123666,3/26/2016,3/30/2016,Standard Class,SP-20545,United States,New York City,New York,10011,East
CA-2016-143308,11/4/2016,11/4/2016,Same Day,RC-19825,United States,Louisville,Kentucky,40214,South
CA-2017-132682,6/8/2017,6/10/2017,Second Class,TH-21235,United States,Dallas,Texas,75081,Central
CA-2014-156314,12/24/2014,12/26/2014,First Class,RP-19390,United States,Cleveland,Ohio,44105,East
US-2017-106663,6/9/2017,6/13/2017,Standard Class,MO-17800,United States,Chicago,Illinois,60653,Central
CA-2017-111178,6/15/2017,6/22/2017,Standard Class,TD-20995,United States,Quincy,Illinois,62301,Central
CA-2017-130351,12/5/2017,12/8/2017,First Class,RB-19570,United States,Columbus,Indiana,47201,Central
US-2017-119438,3/18/2017,3/23/2017,Standard Class,CD-11980,United States,Tyler,Texas,75701,Central
CA-2016-164511,11/19/2016,11/24/2016,Standard Class,DJ-13630,United States,New York City,New York,10024,East
US-2017-168116,11/4/2017,11/4/2017,Same Day,GT-14635,United States,Burlington,North Carolina,27217,South
CA-2014-157784,7/5/2014,7/8/2014,First Class,MC-17845,United States,Jackson,Mississippi,39212,South
CA-2017-161480,12/25/2017,12/29/2017,Standard Class,RA-19285,United States,New York City,New York,10035,East
US-2014-117135,6/21/2014,6/23/2014,Second Class,NP-18325,United States,Waynesboro,Virginia,22980,South
CA-2015-131534,3/28/2015,4/2/2015,Standard Class,AB-10165,United States,Los Angeles,California,90036,West
CA-2015-119291,5/14/2015,5/17/2015,First Class,JO-15550,United States,Chester,Pennsylvania,19013,East
CA-2017-114552,9/2/2017,9/8/2017,Standard Class,Dl-13600,United States,Cleveland,Ohio,44105,East
CA-2016-163755,11/4/2016,11/8/2016,Second Class,AS-10285,United States,Seattle,Washington,98103,West
CA-2015-142027,4/9/2015,4/14/2015,Standard Class,JK-15370,United States,Long Beach,California,90805,West
CA-2014-138527,9/12/2014,9/17/2014,Standard Class,BN-11470,United States,Cary,North Carolina,27511,South
CA-2014-112158,12/2/2014,12/4/2014,First Class,DP-13165,United States,New York City,New York,10035,East
CA-2014-113887,4/5/2014,4/7/2014,First Class,TH-21550,United States,New York City,New York,10035,East
CA-2017-146136,9/3/2017,9/7/2017,Standard Class,AP-10915,United States,Palm Coast,Florida,32137,South
US-2017-100048,5/19/2017,5/24/2017,Standard Class,RS-19765,United States,Mount Vernon,New York,10550,East
CA-2014-153150,7/1/2014,7/6/2014,Second Class,Dl-13600,United States,Seattle,Washington,98105,West
CA-2014-130092,1/11/2014,1/14/2014,First Class,SV-20365,United States,Dover,Delaware,19901,East
CA-2017-108910,9/24/2017,9/29/2017,Standard Class,KC-16540,United States,Newark,Ohio,43055,East
CA-2014-104472,6/2/2014,6/7/2014,Standard Class,CK-12325,United States,Orem,Utah,84057,West
CA-2016-112942,2/13/2016,2/18/2016,Standard Class,RD-19810,United States,Los Angeles,California,90045,West
CA-2016-142335,12/15/2016,12/19/2016,Standard Class,MP-17965,United States,Detroit,Michigan,48205,Central
CA-2014-117429,10/7/2014,10/13/2014,Standard Class,MR-17545,United States,Philadelphia,Pennsylvania,19140,East
CA-2016-114713,7/7/2016,7/12/2016,Standard Class,SC-20695,United States,Hialeah,Florida,33012,South
CA-2017-144113,9/16/2017,9/20/2017,Standard Class,JF-15355,United States,Austin,Texas,78745,Central
US-2016-150861,12/3/2016,12/6/2016,First Class,EG-13900,United States,Oceanside,New York,11572,East
CA-2017-131954,1/21/2017,1/25/2017,Standard Class,DS-13030,United States,Seattle,Washington,98115,West
CA-2014-132500,9/8/2014,9/12/2014,Standard Class,GZ-14470,United States,San Francisco,California,94110,West
CA-2014-112326,1/4/2014,1/8/2014,Standard Class,PO-19195,United States,Naperville,Illinois,60540,Central
US-2016-146710,8/27/2016,9/1/2016,Standard Class,SS-20875,United States,Dallas,Texas,75220,Central
CA-2014-124429,5/27/2014,5/27/2014,Same Day,MH-17785,United States,San Diego,California,92105,West
CA-2016-150889,3/20/2016,3/22/2016,Second Class,PB-19105,United States,Evanston,Illinois,60201,Central
CA-2017-126074,10/2/2017,10/6/2017,Standard Class,RF-19735,United States,Trenton,Michigan,48183,Central
CA-2016-110499,4/7/2016,4/9/2016,First Class,YC-21895,United States,San Francisco,California,94110,West
CA-2015-135272,12/7/2015,12/12/2015,Standard Class,MS-17830,United States,Los Angeles,California,90036,West
CA-2016-140928,9/18/2016,9/22/2016,Standard Class,NB-18655,United States,Jacksonville,Florida,32216,South
CA-2014-106803,12/29/2014,1/2/2015,Standard Class,DC-13285,United States,Cottage Grove,Minnesota,55016,Central
CA-2017-117240,7/23/2017,7/28/2017,Standard Class,CP-12340,United States,New York City,New York,10009,East
CA-2017-133333,9/18/2017,9/22/2017,Standard Class,BF-11020,United States,Green Bay,Wisconsin,54302,Central
CA-2015-112319,8/31/2015,9/5/2015,Standard Class,AR-10510,United States,Los Angeles,California,90004,West
CA-2017-126046,11/3/2017,11/7/2017,Standard Class,JC-16105,United States,Atlanta,Georgia,30318,South
CA-2015-114923,2/8/2015,2/13/2015,Standard Class,LH-17020,United States,Columbus,Ohio,43229,East
CA-2014-162775,1/13/2014,1/15/2014,Second Class,CS-12250,United States,Bossier City,Louisiana,71111,South
CA-2014-106810,5/14/2014,5/20/2014,Standard Class,AJ-10795,United States,Saint Petersburg,Florida,33710,South
CA-2016-157245,5/19/2016,5/24/2016,Standard Class,LE-16810,United States,Arlington,Virginia,22204,South
CA-2017-104220,1/30/2017,2/5/2017,Standard Class,BV-11245,United States,Des Moines,Iowa,50315,Central
CA-2014-165974,6/29/2014,7/6/2014,Standard Class,DL-12865,United States,Cincinnati,Ohio,45231,East
CA-2015-144267,8/21/2015,8/23/2015,First Class,NZ-18565,United States,San Francisco,California,94110,West
US-2015-157014,10/3/2015,10/6/2015,Second Class,BM-11785,United States,Columbus,Ohio,43229,East
CA-2015-154921,5/23/2015,5/28/2015,Standard Class,EA-14035,United States,Columbia,South Carolina,29203,South
CA-2017-129567,3/17/2017,3/21/2017,Second Class,CL-12565,United States,Lancaster,California,93534,West
CA-2015-154620,12/12/2015,12/16/2015,Standard Class,LT-17110,United States,Lancaster,California,93534,West
CA-2015-115938,6/26/2015,6/30/2015,Standard Class,SA-20830,United States,Richmond,Virginia,23223,South
CA-2016-105256,5/20/2016,5/20/2016,Same Day,JK-15730,United States,Asheville,North Carolina,28806,South
CA-2014-156433,9/20/2014,9/26/2014,Standard Class,ES-14020,United States,San Francisco,California,94110,West
CA-2017-151428,9/21/2017,9/26/2017,Standard Class,RH-19495,United States,Rochester,Minnesota,55901,Central
CA-2015-124653,12/24/2015,12/26/2015,First Class,DB-13120,United States,Rochester,New York,14609,East
CA-2015-101910,11/27/2015,12/3/2015,Standard Class,CD-11920,United States,Lake Elsinore,California,92530,West
CA-2017-105809,2/20/2017,2/23/2017,First Class,HW-14935,United States,San Diego,California,92105,West
CA-2016-136133,8/18/2016,8/23/2016,Second Class,HW-14935,United States,New York City,New York,10024,East
CA-2016-115504,3/12/2016,3/17/2016,Standard Class,MC-18130,United States,Monroe,Louisiana,71203,South
CA-2017-135783,4/22/2017,4/24/2017,First Class,GM-14440,United States,San Francisco,California,94122,West
CA-2014-134313,11/1/2014,11/7/2014,Standard Class,RA-19915,United States,Denver,Colorado,80219,West
CA-2015-140921,2/3/2015,2/5/2015,First Class,AA-10375,United States,Omaha,Nebraska,68104,Central
CA-2014-151995,10/13/2014,10/15/2014,First Class,ZC-21910,United States,Edmonds,Washington,98026,West
CA-2017-143686,5/14/2017,5/14/2017,Same Day,PJ-19015,United States,Santa Ana,California,92704,West
CA-2015-106565,3/20/2015,3/23/2015,First Class,BW-11110,United States,Milwaukee,Wisconsin,53209,Central
CA-2016-149370,9/15/2016,9/19/2016,Standard Class,DB-13210,United States,Philadelphia,Pennsylvania,19140,East
CA-2014-140858,6/28/2014,7/2/2014,Standard Class,CA-12775,United States,Philadelphia,Pennsylvania,19140,East
CA-2017-101434,6/20/2017,6/27/2017,Standard Class,TR-21325,United States,Belleville,New Jersey,7109,East
US-2014-102071,5/9/2014,5/15/2014,Standard Class,PG-18820,United States,San Francisco,California,94110,West
CA-2017-126956,8/21/2017,8/28/2017,Standard Class,GT-14710,United States,Lakeville,Minnesota,55044,Central
CA-2017-129462,6/16/2017,6/21/2017,Second Class,JE-15745,United States,Florence,Kentucky,41042,South
CA-2016-165316,7/23/2016,7/27/2016,Standard Class,JB-15400,United States,Tampa,Florida,33614,South
US-2014-115987,9/8/2014,9/13/2014,Second Class,LH-17020,United States,Tyler,Texas,75701,Central
US-2017-156083,11/4/2017,11/11/2017,Standard Class,JL-15175,United States,Columbia,Tennessee,38401,South
US-2016-137547,3/7/2016,3/12/2016,Standard Class,EB-13705,United States,Fort Worth,Texas,76106,Central
CA-2015-100454,11/20/2015,11/25/2015,Standard Class,BM-11650,United States,New York City,New York,10035,East
CA-2016-161669,11/7/2016,11/9/2016,First Class,EM-14095,United States,Los Angeles,California,90036,West
CA-2015-114300,10/13/2015,10/17/2015,Standard Class,AF-10885,United States,Louisville,Kentucky,40214,South
CA-2017-107503,1/1/2017,1/6/2017,Standard Class,GA-14725,United States,Lorain,Ohio,44052,East
CA-2014-107755,2/7/2014,2/12/2014,Standard Class,CK-12760,United States,Linden,New Jersey,7036,East
CA-2016-152534,6/20/2016,6/25/2016,Second Class,DP-13105,United States,Salinas,California,93905,West
CA-2016-113747,5/28/2016,6/4/2016,Standard Class,VD-21670,United States,Jackson,Mississippi,39212,South
CA-2016-123274,2/19/2016,2/24/2016,Standard Class,GT-14710,United States,New York City,New York,10035,East
CA-2014-125612,8/3/2014,8/8/2014,Standard Class,BK-11260,United States,New York City,New York,10035,East
CA-2017-161984,4/10/2017,4/15/2017,Standard Class,SJ-20125,United States,New Brunswick,New Jersey,8901,East
CA-2014-133851,6/9/2014,6/16/2014,Standard Class,CM-12445,United States,San Francisco,California,94122,West
CA-2016-134474,1/5/2016,1/7/2016,Second Class,AJ-10795,United States,Jacksonville,Florida,32216,South
CA-2014-149020,1/10/2014,1/15/2014,Standard Class,AJ-10780,United States,Springfield,Virginia,22153,South
CA-2016-134362,9/29/2016,10/2/2016,First Class,LS-16945,United States,Philadelphia,Pennsylvania,19140,East
CA-2014-136742,4/6/2014,4/10/2014,Standard Class,GP-14740,United States,Lancaster,Pennsylvania,17602,East
CA-2016-158099,9/3/2016,9/5/2016,First Class,PK-18910,United States,Philadelphia,Pennsylvania,19143,East
CA-2015-131128,10/19/2015,10/20/2015,First Class,TB-21520,United States,Concord,New Hampshire,3301,East
CA-2014-148488,12/10/2014,12/15/2014,Standard Class,SM-20005,United States,New York City,New York,10009,East
CA-2017-114636,8/25/2017,8/29/2017,Standard Class,GA-14725,United States,Charlotte,North Carolina,28205,South
CA-2016-116736,1/17/2016,1/21/2016,Standard Class,CC-12430,United States,Concord,New Hampshire,3301,East
US-2014-158638,9/17/2014,9/21/2014,Standard Class,AG-10765,United States,Philadelphia,Pennsylvania,19120,East
CA-2017-111689,11/30/2017,12/2/2017,Second Class,HP-14815,United States,New York City,New York,10024,East
CA-2015-129098,10/9/2015,10/13/2015,Standard Class,DK-13090,United States,Springfield,Virginia,22153,South
US-2017-123463,12/23/2017,12/23/2017,Same Day,GZ-14470,United States,San Francisco,California,94109,West
CA-2016-165148,10/22/2016,10/24/2016,First Class,PM-19135,United States,Detroit,Michigan,48227,Central
CA-2014-134061,4/29/2014,5/4/2014,Standard Class,LL-16840,United States,Rochester,New York,14609,East
CA-2015-143602,4/25/2015,4/28/2015,Second Class,JS-15595,United States,Los Angeles,California,90045,West
CA-2017-115364,6/26/2017,7/2/2017,Standard Class,OT-18730,United States,San Diego,California,92105,West
CA-2017-150707,10/14/2017,10/19/2017,Standard Class,EL-13735,United States,Columbia,Maryland,21044,East
CA-2014-104976,12/9/2014,12/16/2014,Standard Class,CK-12760,United States,San Francisco,California,94122,West
CA-2017-132934,6/20/2017,6/26/2017,Standard Class,JE-15475,United States,New Rochelle,New York,10801,East
CA-2017-133256,6/26/2017,6/27/2017,First Class,TH-21550,United States,Detroit,Michigan,48227,Central
CA-2016-105494,11/10/2016,11/12/2016,First Class,PC-18745,United States,San Francisco,California,94122,West
CA-2016-140634,10/3/2016,10/6/2016,Second Class,HL-15040,United States,Houston,Texas,77095,Central
CA-2014-144407,9/9/2014,9/15/2014,Standard Class,MS-17365,United States,Detroit,Michigan,48227,Central
CA-2017-160983,10/29/2017,10/31/2017,Second Class,GB-14530,United States,Auburn,New York,13021,East
US-2016-114622,4/10/2016,4/12/2016,First Class,JR-16210,United States,Springfield,Ohio,45503,East
CA-2017-150959,11/11/2017,11/13/2017,First Class,TD-20995,United States,Garland,Texas,75043,Central
CA-2017-132353,9/15/2017,9/17/2017,First Class,DB-13060,United States,Chicago,Illinois,60653,Central
CA-2016-130477,4/8/2016,4/12/2016,Standard Class,LC-17140,United States,Los Angeles,California,90032,West
CA-2017-143259,12/30/2017,1/3/2018,Standard Class,PO-18865,United States,New York City,New York,10009,East
CA-2017-137596,9/2/2017,9/7/2017,Standard Class,BE-11335,United States,Jackson,Michigan,49201,Central
CA-2015-133627,5/31/2015,6/7/2015,Standard Class,SC-20050,United States,Norwich,Connecticut,6360,East
CA-2017-102519,11/27/2017,11/29/2017,First Class,BM-11650,United States,Milwaukee,Wisconsin,53209,Central
US-2014-141215,6/15/2014,6/21/2014,Standard Class,KL-16555,United States,San Antonio,Texas,78207,Central
CA-2016-165218,3/5/2016,3/11/2016,Standard Class,RW-19630,United States,Dallas,Texas,75220,Central
CA-2014-138296,12/5/2014,12/12/2014,Standard Class,RC-19825,United States,Alexandria,Virginia,22304,South
CA-2015-111164,4/11/2015,4/15/2015,Standard Class,SE-20110,United States,New York City,New York,10009,East
CA-2016-149797,9/15/2016,9/20/2016,Standard Class,AH-10075,United States,New York City,New York,10011,East
CA-2014-132962,9/13/2014,9/16/2014,First Class,JM-15535,United States,Philadelphia,Pennsylvania,19143,East
CA-2015-115091,10/5/2015,10/9/2015,Standard Class,JJ-15760,United States,Springfield,Virginia,22153,South
CA-2017-144932,4/14/2017,4/17/2017,First Class,AB-10165,United States,Toledo,Ohio,43615,East
CA-2017-114216,9/2/2017,9/6/2017,Standard Class,RK-19300,United States,Philadelphia,Pennsylvania,19140,East
CA-2016-140081,6/20/2016,6/24/2016,Standard Class,CG-12040,United States,Philadelphia,Pennsylvania,19120,East
US-2017-111745,11/5/2017,11/6/2017,First Class,RA-19885,United States,Farmington,New Mexico,87401,West
CA-2015-148250,12/13/2015,12/17/2015,Standard Class,RP-19270,United States,Riverside,California,92503,West
CA-2016-105760,6/19/2016,6/20/2016,First Class,KC-16255,United States,San Francisco,California,94110,West
CA-2016-142958,12/13/2016,12/20/2016,Standard Class,RW-19630,United States,Torrance,California,90503,West
CA-2015-120880,5/29/2015,6/3/2015,Standard Class,JL-15850,United States,Seattle,Washington,98105,West
US-2015-140200,7/26/2015,7/28/2015,First Class,CA-12775,United States,Mesa,Arizona,85204,West
US-2017-110576,11/28/2017,12/2/2017,Standard Class,RB-19795,United States,Philadelphia,Pennsylvania,19120,East
CA-2017-131156,4/3/2017,4/7/2017,Standard Class,KH-16360,United States,Philadelphia,Pennsylvania,19143,East
CA-2017-136539,12/28/2017,1/1/2018,Standard Class,GH-14665,United States,Round Rock,Texas,78664,Central
CA-2017-119305,11/30/2017,12/4/2017,Standard Class,SW-20275,United States,Jackson,Mississippi,39212,South
CA-2017-102414,5/15/2017,5/18/2017,Second Class,JA-15970,United States,Phoenix,Arizona,85023,West
CA-2015-112571,9/22/2015,9/22/2015,Same Day,DL-12925,United States,Oceanside,California,92054,West
CA-2017-152142,11/14/2017,11/19/2017,Standard Class,LW-16990,United States,San Francisco,California,94110,West
CA-2015-160059,11/27/2015,12/1/2015,Standard Class,TB-21190,United States,Fayetteville,Arkansas,72701,South
CA-2016-120859,9/1/2016,9/4/2016,First Class,CV-12805,United States,San Francisco,California,94110,West
CA-2014-127488,9/22/2014,9/24/2014,Second Class,MS-17365,United States,Boca Raton,Florida,33433,South
CA-2017-135279,4/9/2017,4/11/2017,First Class,BS-11800,United States,New York City,New York,10011,East
CA-2014-115791,1/16/2014,1/18/2014,Second Class,DL-13315,United States,Philadelphia,Pennsylvania,19134,East
US-2017-103247,10/5/2017,10/8/2017,Second Class,PO-19195,United States,New York City,New York,10011,East
US-2017-100209,7/9/2017,7/15/2017,Standard Class,TD-20995,United States,Portland,Oregon,97206,West
CA-2017-159366,1/7/2017,1/10/2017,First Class,BW-11110,United States,Detroit,Michigan,48205,Central
CA-2016-145499,5/30/2016,5/31/2016,First Class,RW-19690,United States,Wilmington,North Carolina,28403,South
CA-2015-157035,12/9/2015,12/12/2015,First Class,KB-16600,United States,Columbus,Indiana,47201,Central
CA-2016-144939,10/3/2016,10/8/2016,Standard Class,EB-13870,United States,New York City,New York,10035,East
CA-2014-163419,11/11/2014,11/14/2014,Second Class,TZ-21580,United States,Louisville,Colorado,80027,West
CA-2017-100314,9/29/2017,10/5/2017,Standard Class,AS-10630,United States,Pasadena,Texas,77506,Central
CA-2015-146829,3/10/2015,3/10/2015,Same Day,TS-21340,United States,Houston,Texas,77041,Central
CA-2017-167899,5/21/2017,5/26/2017,Standard Class,JG-15805,United States,Auburn,New York,13021,East
CA-2015-153549,3/29/2015,3/31/2015,Second Class,SL-20155,United States,Jacksonville,Florida,32216,South
CA-2016-110023,9/9/2016,9/11/2016,First Class,TS-21610,United States,New York City,New York,10024,East
CA-2016-105585,8/26/2016,8/27/2016,First Class,RF-19735,United States,San Jose,California,95123,West
CA-2014-117639,5/21/2014,5/25/2014,Standard Class,MW-18235,United States,Virginia Beach,Virginia,23464,South
CA-2015-162537,10/28/2015,11/3/2015,Standard Class,RD-19585,United States,Henderson,Kentucky,42420,South
CA-2016-155488,11/13/2016,11/17/2016,Standard Class,FM-14290,United States,Vancouver,Washington,98661,West
CA-2015-124891,7/31/2015,7/31/2015,Same Day,RH-19495,United States,New York City,New York,10024,East
CA-2015-126445,8/27/2015,8/31/2015,Standard Class,RA-19945,United States,Murrieta,California,92563,West
CA-2015-111199,11/13/2015,11/17/2015,Standard Class,JK-15730,United States,Jacksonville,North Carolina,28540,South
CA-2015-105312,11/6/2015,11/9/2015,First Class,MT-17815,United States,Scottsdale,Arizona,85254,West
US-2017-106705,12/26/2017,1/1/2018,Standard Class,PO-18850,United States,Burlington,Iowa,52601,Central
CA-2017-135034,8/1/2017,8/3/2017,First Class,AT-10735,United States,Chicago,Illinois,60653,Central
CA-2014-158540,11/24/2014,11/26/2014,First Class,VG-21790,United States,San Diego,California,92037,West
CA-2017-118437,6/17/2017,6/21/2017,Second Class,PF-19165,United States,Olympia,Washington,98502,West
US-2015-126214,12/21/2015,12/24/2015,Second Class,JS-15880,United States,Seattle,Washington,98103,West
CA-2015-133025,9/17/2015,9/19/2015,Second Class,MO-17800,United States,Los Angeles,California,90036,West
CA-2015-108665,7/6/2015,7/10/2015,Standard Class,KM-16225,United States,New York City,New York,10011,East
CA-2015-124450,4/27/2015,5/3/2015,Standard Class,GT-14710,United States,Washington,District of Columbia,20016,East
CA-2015-167269,6/16/2015,6/20/2015,Standard Class,PB-19150,United States,Philadelphia,Pennsylvania,19134,East
CA-2017-106964,12/17/2017,12/20/2017,First Class,HR-14770,United States,Los Angeles,California,90045,West
CA-2016-126529,1/11/2016,1/13/2016,Second Class,DE-13255,United States,Springfield,Ohio,45503,East
CA-2014-163552,7/11/2014,7/15/2014,Standard Class,LA-16780,United States,Hackensack,New Jersey,7601,East
CA-2016-109820,11/20/2016,11/22/2016,First Class,AG-10390,United States,Cincinnati,Ohio,45231,East
CA-2016-113061,4/22/2016,4/26/2016,Standard Class,EL-13735,United States,Jefferson City,Missouri,65109,Central
CA-2015-127418,6/13/2015,6/14/2015,First Class,JJ-15445,United States,Los Angeles,California,90004,West
CA-2017-121818,11/20/2017,11/21/2017,First Class,JH-15430,United States,Burlington,North Carolina,27217,South
CA-2016-127670,3/20/2016,3/24/2016,Standard Class,RD-19660,United States,Saint Peters,Missouri,63376,Central
CA-2016-102981,9/6/2016,9/9/2016,Second Class,MO-17500,United States,New York City,New York,10035,East
CA-2017-115651,7/9/2017,7/12/2017,First Class,NS-18640,United States,Chicago,Illinois,60610,Central
CA-2017-152702,10/12/2017,10/16/2017,Standard Class,SN-20710,United States,Rockford,Illinois,61107,Central
CA-2016-169103,3/8/2016,3/13/2016,Standard Class,ZC-21910,United States,Miami,Florida,33142,South
CA-2014-139192,5/27/2014,6/1/2014,Second Class,LC-16885,United States,San Francisco,California,94109,West
US-2015-153500,7/3/2015,7/5/2015,First Class,DG-13300,United States,Philadelphia,Pennsylvania,19134,East
CA-2015-110667,4/4/2015,4/8/2015,Standard Class,NF-18595,United States,New York City,New York,10009,East
CA-2017-167150,12/10/2017,12/17/2017,Standard Class,BP-11185,United States,San Diego,California,92037,West
CA-2016-105284,11/24/2016,12/1/2016,Standard Class,MG-17650,United States,Philadelphia,Pennsylvania,19143,East
US-2015-125374,3/23/2015,3/29/2015,Standard Class,JD-16060,United States,Houston,Texas,77095,Central
CA-2015-161263,4/16/2015,4/21/2015,Standard Class,TS-21160,United States,Toledo,Ohio,43615,East
CA-2016-157686,10/1/2016,10/2/2016,First Class,BD-11620,United States,San Francisco,California,94122,West
US-2017-139955,9/28/2017,9/30/2017,Second Class,CM-12160,United States,Brownsville,Texas,78521,Central
US-2015-150161,7/25/2015,7/29/2015,Standard Class,RB-19795,United States,Philadelphia,Pennsylvania,19143,East
CA-2015-144652,11/20/2015,11/26/2015,Standard Class,SN-20560,United States,Los Angeles,California,90008,West
CA-2016-152814,4/28/2016,5/2/2016,Standard Class,EH-14005,United States,Denver,Colorado,80219,West
CA-2017-106943,11/14/2017,11/19/2017,Standard Class,FO-14305,United States,New York City,New York,10035,East
CA-2016-134348,11/12/2016,11/19/2016,Standard Class,MS-17710,United States,Mesa,Arizona,85204,West
CA-2016-161781,9/29/2016,9/30/2016,First Class,CC-12100,United States,Columbus,Indiana,47201,Central
CA-2017-132521,9/23/2017,9/25/2017,Second Class,DW-13540,United States,Seattle,Washington,98105,West
CA-2015-110016,11/29/2015,12/4/2015,Standard Class,BT-11395,United States,Detroit,Michigan,48227,Central
US-2016-143819,3/1/2016,3/5/2016,Standard Class,KD-16270,United States,Yonkers,New York,10701,East
CA-2016-167584,8/12/2016,8/12/2016,Same Day,LC-16870,United States,Des Moines,Iowa,50315,Central
CA-2016-166163,8/15/2016,8/20/2016,Second Class,CY-12745,United States,Oakland,California,94601,West
CA-2017-158407,6/4/2017,6/10/2017,Standard Class,LW-16990,United States,Monroe,North Carolina,28110,South
CA-2015-143490,12/6/2015,12/13/2015,Standard Class,NP-18325,United States,San Diego,California,92105,West
CA-2015-165085,12/27/2015,12/31/2015,Standard Class,BT-11485,United States,Clinton,Maryland,20735,East
CA-2017-160423,1/21/2017,1/26/2017,Standard Class,PS-19045,United States,Charlotte,North Carolina,28205,South
CA-2014-159338,6/25/2014,6/28/2014,First Class,NS-18640,United States,Los Angeles,California,90049,West
CA-2016-107216,6/14/2016,6/17/2016,First Class,PV-18985,United States,San Francisco,California,94122,West
US-2017-145863,4/21/2017,4/27/2017,Standard Class,RP-19390,United States,Houston,Texas,77041,Central
CA-2016-112340,10/21/2016,10/27/2016,Standard Class,NM-18520,United States,Riverside,California,92503,West
US-2016-110156,11/19/2016,11/24/2016,Standard Class,EH-13945,United States,Houston,Texas,77041,Central
CA-2017-140585,12/18/2017,12/23/2017,Second Class,RA-19915,United States,Encinitas,California,92024,West
CA-2016-144855,7/22/2016,7/24/2016,Second Class,DL-13495,United States,San Francisco,California,94110,West
CA-2015-142755,9/4/2015,9/8/2015,Standard Class,CS-12355,United States,Roswell,Georgia,30076,South
US-2014-147627,1/20/2014,1/26/2014,Standard Class,HL-15040,United States,Jonesboro,Arkansas,72401,South
CA-2015-105970,3/2/2015,3/7/2015,Standard Class,PA-19060,United States,Richmond,Indiana,47374,Central
CA-2016-112102,4/12/2016,4/16/2016,Standard Class,BD-11605,United States,Springfield,Virginia,22153,South
US-2016-114776,12/6/2016,12/7/2016,First Class,GG-14650,United States,Antioch,California,94509,West
US-2016-134908,6/5/2016,6/9/2016,Standard Class,JS-15940,United States,Philadelphia,Pennsylvania,19134,East
US-2016-148803,12/11/2016,12/11/2016,Same Day,LR-16915,United States,Homestead,Florida,33030,South
CA-2016-152170,11/12/2016,11/15/2016,Second Class,FH-14275,United States,La Porte,Indiana,46350,Central
CA-2014-146969,9/29/2014,10/3/2014,Standard Class,AP-10915,United States,Los Angeles,California,90045,West
CA-2015-112452,4/4/2015,4/4/2015,Same Day,NC-18340,United States,Lansing,Michigan,48911,Central
CA-2015-113971,5/8/2015,5/14/2015,Standard Class,CB-12535,United States,Cuyahoga Falls,Ohio,44221,East
CA-2017-160395,12/31/2016,1/6/2017,Standard Class,KL-16555,United States,Reno,Nevada,89502,West
CA-2014-136567,12/20/2014,12/21/2014,First Class,PS-19045,United States,Harrisonburg,Virginia,22801,South
CA-2016-149314,7/2/2016,7/7/2016,Second Class,GB-14530,United States,Los Angeles,California,90004,West
CA-2017-147039,6/29/2017,7/4/2017,Standard Class,AA-10315,United States,Minneapolis,Minnesota,55407,Central
CA-2014-126522,9/1/2014,9/5/2014,Second Class,LT-16765,United States,Escondido,California,92025,West
CA-2014-127964,3/3/2014,3/8/2014,Standard Class,AP-10720,United States,New York City,New York,10035,East
CA-2014-117709,5/4/2014,5/8/2014,Standard Class,PM-18940,United States,Jackson,Michigan,49201,Central
CA-2015-125416,11/2/2015,11/2/2015,Same Day,KC-16540,United States,Seattle,Washington,98115,West
CA-2017-145226,12/8/2017,12/10/2017,Second Class,DL-13315,United States,New York City,New York,10035,East
US-2014-100279,3/10/2014,3/14/2014,Standard Class,SW-20275,United States,Royal Oak,Michigan,48073,Central
CA-2014-158064,4/21/2014,4/25/2014,Standard Class,AA-10375,United States,Los Angeles,California,90008,West
US-2015-104430,10/22/2015,10/26/2015,Standard Class,LT-17110,United States,Bloomington,Illinois,61701,Central
CA-2015-132080,8/22/2015,8/25/2015,First Class,DP-13105,United States,New York City,New York,10035,East
CA-2016-161207,8/29/2016,9/3/2016,Standard Class,AB-10060,United States,Concord,New Hampshire,3301,East
CA-2014-120243,12/27/2014,12/30/2014,Second Class,AT-10435,United States,Los Angeles,California,90004,West
CA-2016-113621,12/1/2016,12/5/2016,Standard Class,JE-15745,United States,Rockville,Maryland,20852,East
CA-2016-168081,4/24/2016,4/27/2016,Second Class,CA-12055,United States,Houston,Texas,77070,Central
CA-2014-128146,6/21/2014,6/25/2014,Standard Class,DB-13060,United States,Lakewood,New Jersey,8701,East
CA-2017-138779,1/14/2017,1/15/2017,First Class,RB-19570,United States,Jacksonville,North Carolina,28540,South
CA-2014-127131,11/24/2014,11/30/2014,Standard Class,HR-14830,United States,Seattle,Washington,98103,West
CA-2017-117212,2/26/2017,2/28/2017,Second Class,BT-11530,United States,Los Angeles,California,90036,West
US-2015-130519,9/15/2015,9/15/2015,Same Day,NG-18355,United States,Coral Springs,Florida,33065,South
CA-2016-130946,4/8/2016,4/12/2016,Standard Class,ZC-21910,United States,Houston,Texas,77041,Central
CA-2016-114727,7/18/2016,7/24/2016,Standard Class,LS-16945,United States,Denver,Colorado,80219,West
CA-2017-133235,8/1/2017,8/4/2017,First Class,LH-16750,United States,Charlotte,North Carolina,28205,South
CA-2016-137050,7/14/2016,7/18/2016,Second Class,SW-20755,United States,New York City,New York,10009,East
US-2017-118087,9/9/2017,9/13/2017,Standard Class,SP-20620,United States,Philadelphia,Pennsylvania,19134,East
CA-2014-110184,7/12/2014,7/16/2014,Standard Class,BF-11170,United States,Los Angeles,California,90036,West
CA-2016-126004,12/4/2016,12/5/2016,First Class,BM-11140,United States,New York City,New York,10024,East
CA-2017-100013,11/6/2017,11/11/2017,Standard Class,ZC-21910,United States,Los Angeles,California,90045,West
CA-2015-132570,10/31/2015,11/2/2015,Second Class,KT-16480,United States,Buffalo,New York,14215,East
CA-2016-153682,5/30/2016,6/1/2016,First Class,BG-11695,United States,Cincinnati,Ohio,45231,East
CA-2016-144344,10/28/2016,10/28/2016,Same Day,PG-18820,United States,Boynton Beach,Florida,33437,South
CA-2014-127012,8/11/2014,8/15/2014,Standard Class,GM-14680,United States,Seattle,Washington,98105,West
CA-2016-128727,8/29/2016,9/4/2016,Standard Class,MO-17800,United States,New York City,New York,10024,East
US-2016-162859,2/15/2016,2/22/2016,Standard Class,PG-18820,United States,New York City,New York,10009,East
CA-2017-133641,5/14/2017,5/21/2017,Standard Class,EJ-14155,United States,Gulfport,Mississippi,39503,South
CA-2014-168494,12/12/2014,12/14/2014,Second Class,NP-18700,United States,Fresno,California,93727,West
CA-2017-115602,12/18/2017,12/24/2017,Standard Class,DJ-13630,United States,New York City,New York,10009,East
CA-2015-154956,7/4/2015,7/9/2015,Standard Class,IM-15070,United States,Milwaukee,Wisconsin,53209,Central
CA-2017-144638,3/10/2017,3/14/2017,Standard Class,MH-18115,United States,Chester,Pennsylvania,19013,East
US-2016-168620,12/24/2016,12/28/2016,Second Class,RB-19795,United States,Charlotte,North Carolina,28205,South
CA-2017-117079,10/23/2017,10/27/2017,Standard Class,JR-15700,United States,Jacksonville,Florida,32216,South
US-2016-144393,10/28/2016,11/4/2016,Standard Class,SM-20950,United States,Greenville,North Carolina,27834,South
CA-2017-105053,7/7/2017,7/9/2017,Second Class,CS-12355,United States,Long Beach,New York,11561,East
CA-2016-155992,10/1/2016,10/2/2016,First Class,CC-12220,United States,La Porte,Indiana,46350,Central
CA-2017-110380,9/2/2017,9/7/2017,Standard Class,PF-19225,United States,San Francisco,California,94122,West
US-2014-167738,12/24/2014,12/29/2014,Standard Class,JC-16105,United States,Los Angeles,California,90045,West
CA-2017-121412,9/23/2017,9/27/2017,Standard Class,BG-11695,United States,Louisville,Colorado,80027,West
CA-2017-100426,6/4/2017,6/8/2017,Standard Class,DC-12850,United States,Florence,Alabama,35630,South
US-2016-103646,4/21/2016,4/26/2016,Standard Class,SP-20545,United States,Chicago,Illinois,60623,Central
CA-2016-119186,5/26/2016,5/26/2016,Same Day,MS-17710,United States,Fort Worth,Texas,76106,Central
CA-2016-148698,5/2/2016,5/7/2016,Standard Class,BD-11770,United States,Houston,Texas,77070,Central
CA-2014-163293,9/8/2014,9/11/2014,First Class,KC-16255,United States,Macon,Georgia,31204,South
CA-2016-160815,9/5/2016,9/6/2016,First Class,TR-21325,United States,Cedar Rapids,Iowa,52402,Central
CA-2017-122154,4/9/2017,4/11/2017,First Class,SA-20830,United States,Jacksonville,Florida,32216,South
US-2015-149692,12/6/2015,12/12/2015,Standard Class,KW-16435,United States,Austin,Texas,78745,Central
CA-2016-119445,6/26/2016,7/3/2016,Standard Class,GM-14500,United States,Providence,Rhode Island,2908,East
CA-2015-124268,7/4/2015,7/8/2015,Standard Class,AD-10180,United States,New York City,New York,10035,East
CA-2016-154711,11/22/2016,11/26/2016,Standard Class,TB-21355,United States,New York City,New York,10009,East
CA-2016-163384,11/10/2016,11/12/2016,First Class,CC-12430,United States,San Francisco,California,94122,West
CA-2015-101707,8/27/2015,9/1/2015,Standard Class,PF-19165,United States,San Diego,California,92105,West
CA-2015-138898,5/25/2015,5/29/2015,Standard Class,JH-16180,United States,Pueblo,Colorado,81001,West
CA-2017-115427,12/30/2017,1/3/2018,Standard Class,EB-13975,United States,Fairfield,California,94533,West
CA-2016-134425,12/8/2016,12/12/2016,Second Class,QJ-19255,United States,Saint Paul,Minnesota,55106,Central
CA-2015-121391,10/4/2015,10/7/2015,First Class,AA-10315,United States,San Francisco,California,94109,West
CA-2016-137043,12/23/2016,12/25/2016,Second Class,LC-17140,United States,Springfield,Virginia,22153,South
CA-2015-115847,9/19/2015,9/24/2015,Second Class,TC-21535,United States,Arlington,Virginia,22204,South
US-2017-126179,7/3/2017,7/7/2017,Standard Class,CS-12460,United States,Columbus,Georgia,31907,South
CA-2016-101966,7/14/2016,7/16/2016,Second Class,BM-11785,United States,Houston,Texas,77036,Central
CA-2016-141397,6/20/2016,6/21/2016,First Class,RC-19825,United States,Pasadena,California,91104,West
CA-2016-141082,12/9/2016,12/13/2016,Standard Class,FM-14380,United States,Lawrence,Massachusetts,1841,East
US-2016-134488,9/24/2016,10/1/2016,Standard Class,PK-19075,United States,Columbus,Ohio,43229,East
CA-2016-145919,12/18/2016,12/23/2016,Standard Class,HG-14965,United States,Los Angeles,California,90032,West
CA-2017-157651,12/10/2017,12/14/2017,Standard Class,HA-14920,United States,Philadelphia,Pennsylvania,19120,East
CA-2014-160773,7/1/2014,7/5/2014,Standard Class,LW-16825,United States,Deltona,Florida,32725,South
CA-2017-167703,2/3/2017,2/8/2017,Standard Class,MC-17575,United States,Cincinnati,Ohio,45231,East
CA-2017-121804,3/3/2017,3/8/2017,Standard Class,LP-17095,United States,Murray,Kentucky,42071,South
CA-2017-162635,10/9/2017,10/10/2017,First Class,EB-14170,United States,Wilmington,North Carolina,28403,South
CA-2014-107153,9/28/2014,10/3/2014,Standard Class,GZ-14545,United States,Lawrence,Massachusetts,1841,East
US-2014-117058,5/27/2014,5/30/2014,First Class,LE-16810,United States,Chicago,Illinois,60653,Central
CA-2015-120439,6/14/2015,6/18/2015,Standard Class,AD-10180,United States,Philadelphia,Pennsylvania,19120,East
CA-2016-128258,3/30/2016,4/1/2016,First Class,CP-12085,United States,Norwich,Connecticut,6360,East
CA-2017-106033,10/15/2017,10/18/2017,Second Class,FG-14260,United States,San Francisco,California,94110,West
CA-2016-142762,5/23/2016,5/27/2016,Standard Class,LD-17005,United States,San Francisco,California,94109,West
CA-2017-127705,6/2/2017,6/6/2017,Standard Class,AB-10255,United States,Lorain,Ohio,44052,East
CA-2014-122567,2/16/2014,2/21/2014,Standard Class,MN-17935,United States,Dallas,Texas,75220,Central
CA-2014-121664,5/6/2014,5/10/2014,Standard Class,HP-14815,United States,Los Angeles,California,90049,West
CA-2016-122133,5/16/2016,5/23/2016,Standard Class,JR-15670,United States,Middletown,Connecticut,6457,East
US-2017-123281,4/2/2017,4/7/2017,Standard Class,JF-15190,United States,Los Angeles,California,90008,West
CA-2017-100524,3/31/2017,4/2/2017,Second Class,CM-12115,United States,New York City,New York,10011,East
CA-2017-113481,1/2/2017,1/4/2017,First Class,AS-10045,United States,Jacksonville,North Carolina,28540,South
CA-2015-131758,5/28/2015,6/1/2015,Standard Class,KB-16315,United States,Freeport,New York,11520,East
CA-2014-118339,3/17/2014,3/24/2014,Standard Class,BN-11515,United States,Lakeville,Minnesota,55044,Central
CA-2014-153976,10/3/2014,10/8/2014,Second Class,BP-11290,United States,Evanston,Illinois,60201,Central
CA-2016-162901,3/28/2016,3/31/2016,First Class,AS-10045,United States,Arlington,Virginia,22204,South
CA-2017-162978,5/4/2017,5/9/2017,Standard Class,LW-16990,United States,San Francisco,California,94109,West
US-2014-160444,7/5/2014,7/5/2014,Same Day,DC-12850,United States,Houston,Texas,77036,Central
CA-2016-145247,5/5/2016,5/7/2016,First Class,ND-18370,United States,Louisville,Kentucky,40214,South
CA-2017-160045,4/26/2017,4/27/2017,First Class,LB-16735,United States,Fort Worth,Texas,76106,Central
US-2014-151925,9/26/2014,10/1/2014,Second Class,KT-16465,United States,Los Angeles,California,90049,West
CA-2017-125199,10/19/2017,10/25/2017,Standard Class,HM-14860,United States,Philadelphia,Pennsylvania,19120,East
US-2017-155425,11/10/2017,11/11/2017,First Class,AB-10600,United States,Tucson,Arizona,85705,West
CA-2017-133249,7/8/2017,7/11/2017,First Class,SZ-20035,United States,Pico Rivera,California,90660,West
US-2015-103471,12/24/2015,12/28/2015,Standard Class,JR-15670,United States,Colorado Springs,Colorado,80906,West
CA-2017-136672,3/7/2017,3/12/2017,Standard Class,MG-17890,United States,Clinton,Maryland,20735,East
US-2014-157021,4/1/2014,4/6/2014,Second Class,KM-16720,United States,Vallejo,California,94591,West
CA-2015-120362,9/14/2015,9/19/2015,Standard Class,CA-12265,United States,Provo,Utah,84604,West
CA-2014-126361,8/4/2014,8/9/2014,Second Class,VD-21670,United States,Pleasant Grove,Utah,84062,West
US-2016-100566,9/3/2016,9/9/2016,Standard Class,JK-16120,United States,Aurora,Illinois,60505,Central
US-2016-108504,2/5/2016,2/5/2016,Same Day,PP-18955,United States,Smyrna,Georgia,30080,South
CA-2017-124828,7/3/2017,7/4/2017,First Class,YS-21880,United States,Burlington,North Carolina,27217,South
US-2017-117247,10/9/2017,10/14/2017,Standard Class,CK-12760,United States,Aurora,Illinois,60505,Central
CA-2016-124485,11/24/2016,11/26/2016,First Class,NC-18340,United States,New York City,New York,10035,East
CA-2016-159212,11/1/2016,11/5/2016,Standard Class,KM-16375,United States,Salem,Virginia,24153,South
US-2016-161396,4/19/2016,4/25/2016,Standard Class,GM-14455,United States,Columbus,Ohio,43229,East
US-2014-118486,4/6/2014,4/8/2014,First Class,SD-20485,United States,Philadelphia,Pennsylvania,19143,East
CA-2016-130407,9/2/2016,9/6/2016,Standard Class,KD-16270,United States,New York City,New York,10024,East
US-2016-122245,9/25/2016,9/30/2016,Standard Class,AB-10105,United States,Phoenix,Arizona,85023,West
CA-2017-105144,11/4/2017,11/11/2017,Standard Class,SZ-20035,United States,Grand Prairie,Texas,75051,Central
CA-2016-136329,7/9/2016,7/13/2016,Standard Class,JD-15895,United States,New York City,New York,10035,East
CA-2014-146640,6/30/2014,7/5/2014,Standard Class,HA-14905,United States,New York City,New York,10024,East
CA-2017-115994,1/28/2017,1/31/2017,Second Class,BT-11305,United States,Costa Mesa,California,92627,West
CA-2015-126697,9/21/2015,9/24/2015,First Class,SV-20815,United States,Houston,Texas,77041,Central
CA-2015-124800,9/26/2015,9/30/2015,Standard Class,RW-19540,United States,Mesa,Arizona,85204,West
US-2015-164448,10/31/2015,11/4/2015,Second Class,DK-12835,United States,Salinas,California,93905,West
CA-2017-122700,11/26/2017,11/30/2017,Standard Class,LT-17110,United States,Columbus,Ohio,43229,East
CA-2014-120768,12/19/2014,12/21/2014,Second Class,IM-15070,United States,Florence,Alabama,35630,South
US-2016-153129,12/26/2016,12/30/2016,Standard Class,FP-14320,United States,Seattle,Washington,98105,West
CA-2017-106852,6/20/2017,6/27/2017,Standard Class,ST-20530,United States,Parma,Ohio,44134,East
CA-2015-139731,10/15/2015,10/15/2015,Same Day,JE-15745,United States,Amarillo,Texas,79109,Central
CA-2017-122735,4/12/2017,4/15/2017,Second Class,BD-11320,United States,Providence,Rhode Island,2908,East
CA-2017-128160,12/19/2017,12/24/2017,Second Class,MM-17920,United States,San Francisco,California,94110,West
CA-2017-117695,8/5/2017,8/8/2017,First Class,PW-19030,United States,Richmond,Kentucky,40475,South
CA-2015-166135,10/1/2015,10/6/2015,Standard Class,SC-20440,United States,Aurora,Colorado,80013,West
CA-2016-133725,5/23/2016,5/28/2016,Standard Class,KL-16645,United States,Chicago,Illinois,60623,Central
CA-2017-102337,6/13/2017,6/16/2017,First Class,SD-20485,United States,Chicago,Illinois,60653,Central
US-2014-112564,4/23/2014,4/24/2014,First Class,TS-21160,United States,Philadelphia,Pennsylvania,19134,East
CA-2015-145821,5/1/2015,5/7/2015,Standard Class,JB-15400,United States,Los Angeles,California,90008,West
US-2015-160150,7/19/2015,7/20/2015,First Class,TS-21085,United States,Phoenix,Arizona,85023,West
CA-2016-133711,11/26/2016,11/29/2016,First Class,MC-17425,United States,Mobile,Alabama,36608,South
CA-2017-148474,6/12/2017,6/19/2017,Standard Class,ME-17320,United States,Columbus,Georgia,31907,South
CA-2015-111297,8/17/2015,8/21/2015,Standard Class,SC-20440,United States,New Bedford,Massachusetts,2740,East
CA-2016-123722,9/25/2016,10/1/2016,Standard Class,NH-18610,United States,Irving,Texas,75061,Central
CA-2014-155271,5/4/2014,5/4/2014,Same Day,AA-10480,United States,Middletown,Connecticut,6457,East
CA-2015-119907,12/1/2015,12/8/2015,Standard Class,LC-17140,United States,Seattle,Washington,98103,West
US-2016-128902,3/11/2016,3/15/2016,Standard Class,MB-18085,United States,Vineland,New Jersey,8360,East
CA-2016-152289,8/26/2016,8/28/2016,First Class,LC-16930,United States,Pasadena,Texas,77506,Central
US-2016-104794,12/16/2016,12/19/2016,First Class,KD-16495,United States,New York City,New York,10009,East
CA-2014-151708,8/8/2014,8/14/2014,Standard Class,MB-17305,United States,Glendale,Arizona,85301,West
CA-2015-100769,5/16/2015,5/16/2015,Same Day,TH-21550,United States,Jacksonville,Florida,32216,South
CA-2017-139199,12/9/2017,12/13/2017,Standard Class,DK-12835,United States,Detroit,Michigan,48234,Central
US-2015-161466,9/24/2015,9/27/2015,Second Class,ON-18715,United States,Philadelphia,Pennsylvania,19120,East
CA-2017-164959,7/11/2017,7/15/2017,Standard Class,KN-16390,United States,Los Angeles,California,90004,West
US-2015-105676,12/1/2015,12/2/2015,Same Day,NM-18520,United States,Houston,Texas,77036,Central
CA-2016-113138,11/19/2016,11/25/2016,Standard Class,NP-18685,United States,Niagara Falls,New York,14304,East
US-2017-104955,3/19/2017,3/24/2017,Standard Class,CG-12040,United States,New York City,New York,10024,East
CA-2016-121958,11/13/2016,11/17/2016,Standard Class,CS-12505,United States,Thomasville,North Carolina,27360,South
CA-2017-121468,11/19/2017,11/20/2017,First Class,KD-16345,United States,Westminster,California,92683,West
US-2016-108455,12/2/2016,12/8/2016,Standard Class,MK-18160,United States,San Francisco,California,94122,West
CA-2017-101210,8/25/2017,8/28/2017,Second Class,DW-13540,United States,Jackson,Tennessee,38301,South
US-2016-108098,10/14/2016,10/18/2016,Standard Class,CP-12340,United States,Seattle,Washington,98115,West
CA-2014-119032,11/27/2014,12/3/2014,Standard Class,MS-17770,United States,New York City,New York,10035,East
CA-2015-140410,11/3/2015,11/7/2015,Standard Class,CM-12655,United States,Los Angeles,California,90008,West
CA-2014-136280,11/29/2014,12/6/2014,Standard Class,Co-12640,United States,Philadelphia,Pennsylvania,19143,East
CA-2017-151911,4/30/2017,5/5/2017,Second Class,DL-13495,United States,New York City,New York,10024,East
CA-2017-166436,11/24/2017,11/28/2017,Standard Class,TS-21370,United States,New York City,New York,10035,East
CA-2017-139661,10/30/2017,11/3/2017,Standard Class,JW-15220,United States,Vancouver,Washington,98661,West
CA-2014-123925,12/17/2014,12/19/2014,Second Class,RF-19840,United States,Columbus,Georgia,31907,South
CA-2017-152485,9/4/2017,9/8/2017,Standard Class,JD-15790,United States,Coppell,Texas,75019,Central
CA-2016-141586,10/17/2016,10/20/2016,First Class,NK-18490,United States,San Francisco,California,94122,West
CA-2017-130386,11/12/2017,11/18/2017,Standard Class,NG-18430,United States,Austin,Texas,78745,Central
CA-2016-100468,11/24/2016,12/1/2016,Standard Class,AT-10435,United States,Los Angeles,California,90045,West
CA-2015-153388,8/1/2015,8/7/2015,Standard Class,PC-19000,United States,Los Angeles,California,90004,West
CA-2017-154935,12/24/2017,12/29/2017,Standard Class,AR-10540,United States,New York City,New York,10024,East
CA-2016-134208,9/17/2016,9/23/2016,Standard Class,CS-12505,United States,Columbus,Georgia,31907,South
CA-2017-108294,12/10/2017,12/10/2017,Same Day,LS-16975,United States,Omaha,Nebraska,68104,Central
CA-2017-103611,9/12/2017,9/15/2017,First Class,JM-15535,United States,Los Angeles,California,90036,West
CA-2017-100384,6/24/2017,7/1/2017,Standard Class,NH-18610,United States,Pomona,California,91767,West
CA-2017-112809,8/18/2017,8/22/2017,Standard Class,RA-19915,United States,Dallas,Texas,75220,Central
US-2017-160759,12/11/2017,12/17/2017,Standard Class,AI-10855,United States,Philadelphia,Pennsylvania,19120,East
CA-2017-148446,12/10/2017,12/14/2017,Second Class,MC-17845,United States,North Las Vegas,Nevada,89031,West
CA-2014-111059,2/3/2014,2/6/2014,Second Class,TB-21400,United States,Seattle,Washington,98105,West
CA-2017-116204,2/11/2017,2/14/2017,Second Class,VW-21775,United States,San Francisco,California,94110,West
CA-2017-109946,4/16/2017,4/21/2017,Standard Class,PL-18925,United States,Chicago,Illinois,60610,Central
CA-2015-144806,12/6/2015,12/11/2015,Standard Class,GH-14425,United States,Tucson,Arizona,85705,West
CA-2016-122392,7/22/2016,7/27/2016,Standard Class,CJ-12010,United States,Allentown,Pennsylvania,18103,East
CA-2015-148432,11/7/2015,11/10/2015,Second Class,MC-18130,United States,Newark,Delaware,19711,East
CA-2015-103793,3/26/2015,3/31/2015,Standard Class,BV-11245,United States,Miami,Florida,33142,South
CA-2017-159884,8/31/2017,9/5/2017,Standard Class,JF-15490,United States,Tempe,Arizona,85281,West
CA-2016-139885,12/4/2016,12/8/2016,Standard Class,EB-13840,United States,New York City,New York,10035,East
CA-2017-124086,2/10/2017,2/14/2017,Standard Class,MP-18175,United States,Laguna Niguel,California,92677,West
CA-2016-112389,10/29/2016,11/2/2016,Standard Class,JM-15655,United States,Bridgeton,New Jersey,8302,East
CA-2017-121888,9/15/2017,9/17/2017,Second Class,CL-11890,United States,Everett,Massachusetts,2149,East
CA-2014-166884,3/11/2014,3/16/2014,Second Class,CK-12205,United States,Columbus,Ohio,43229,East
CA-2014-107181,2/4/2014,2/8/2014,Standard Class,DB-13270,United States,San Diego,California,92024,West
CA-2014-150245,12/31/2014,1/4/2015,Second Class,PC-18745,United States,Watertown,New York,13601,East
CA-2015-111395,11/23/2015,11/27/2015,Standard Class,VB-21745,United States,San Antonio,Texas,78207,Central
CA-2014-134278,7/6/2014,7/8/2014,First Class,EP-13915,United States,New York City,New York,10011,East
US-2017-124926,11/13/2017,11/18/2017,Second Class,ME-17320,United States,Houston,Texas,77095,Central
CA-2016-159345,6/17/2016,6/22/2016,Standard Class,IG-15085,United States,San Diego,California,92024,West
CA-2014-130274,5/3/2014,5/5/2014,First Class,JS-15940,United States,Appleton,Wisconsin,54915,Central
CA-2017-158386,10/16/2017,10/21/2017,Standard Class,BO-11425,United States,Richmond,Kentucky,40475,South
CA-2015-111507,2/6/2015,2/13/2015,Standard Class,VW-21775,United States,Bellevue,Washington,98006,West
CA-2017-120761,9/4/2017,9/8/2017,Standard Class,AB-10150,United States,Long Beach,New York,11561,East
CA-2016-109176,5/9/2016,5/15/2016,Standard Class,JW-16075,United States,Philadelphia,Pennsylvania,19140,East
CA-2015-112116,3/16/2015,3/18/2015,Second Class,JE-15475,United States,Seattle,Washington,98103,West
CA-2016-126809,4/9/2016,4/13/2016,Standard Class,EB-13750,United States,Seattle,Washington,98103,West
CA-2014-105172,4/4/2014,4/9/2014,Standard Class,PK-18910,United States,San Francisco,California,94109,West
CA-2017-107293,9/5/2017,9/6/2017,First Class,CS-12400,United States,Seattle,Washington,98115,West
US-2017-102890,6/30/2017,6/30/2017,Same Day,SG-20470,United States,New York City,New York,10011,East
CA-2015-158554,11/9/2015,11/9/2015,Same Day,CM-12190,United States,Philadelphia,Pennsylvania,19134,East
CA-2014-116239,3/4/2014,3/4/2014,Same Day,CL-12565,United States,Columbia,South Carolina,29203,South
CA-2015-132101,3/19/2015,3/25/2015,Standard Class,JO-15550,United States,Seattle,Washington,98105,West
CA-2015-129112,11/29/2015,11/30/2015,First Class,AW-10840,United States,Allen,Texas,75002,Central
US-2017-152002,6/11/2017,6/11/2017,Same Day,DV-13465,United States,Los Angeles,California,90004,West
CA-2017-165029,11/26/2017,11/30/2017,Standard Class,AH-10075,United States,Atlanta,Georgia,30318,South
US-2014-157385,11/23/2014,11/25/2014,First Class,SC-20095,United States,Los Angeles,California,90004,West
CA-2014-101602,12/15/2014,12/18/2014,First Class,MC-18100,United States,El Paso,Texas,79907,Central
CA-2016-109057,4/22/2016,4/27/2016,Standard Class,TT-21460,United States,Aurora,Illinois,60505,Central
CA-2016-154403,5/23/2016,5/27/2016,Standard Class,AP-10720,United States,Florence,Alabama,35630,South
CA-2016-102456,2/27/2016,3/1/2016,First Class,DL-12865,United States,New York City,New York,10011,East
CA-2015-131338,8/9/2015,8/12/2015,First Class,NP-18325,United States,New York City,New York,10024,East
CA-2016-109911,5/12/2016,5/16/2016,Standard Class,VG-21805,United States,Virginia Beach,Virginia,23464,South
US-2016-132423,4/15/2016,4/19/2016,Standard Class,MY-18295,United States,Grapevine,Texas,76051,Central
CA-2015-122826,6/23/2015,6/25/2015,Second Class,RD-19480,United States,Olympia,Washington,98502,West
CA-2014-117317,10/19/2014,10/19/2014,Same Day,JF-15490,United States,Los Angeles,California,90032,West
CA-2015-118423,3/24/2015,3/27/2015,First Class,DP-13390,United States,Peoria,Illinois,61604,Central
CA-2017-149181,5/8/2017,5/12/2017,Standard Class,MD-17350,United States,Columbus,Ohio,43229,East
CA-2017-132234,10/16/2017,10/18/2017,First Class,MY-17380,United States,New York City,New York,10011,East
CA-2017-158876,11/19/2017,11/21/2017,Second Class,AB-10150,United States,Carrollton,Texas,75007,Central
CA-2016-164672,5/8/2016,5/13/2016,Second Class,GB-14530,United States,Dover,Delaware,19901,East
US-2016-132857,12/11/2016,12/17/2016,Standard Class,CA-12775,United States,Smyrna,Tennessee,37167,South
CA-2017-116645,11/30/2017,12/4/2017,Standard Class,ME-17725,United States,Newark,Delaware,19711,East
US-2016-115819,4/19/2016,4/24/2016,Second Class,JO-15280,United States,Los Angeles,California,90049,West
CA-2014-156349,5/26/2014,5/30/2014,Standard Class,ML-17395,United States,Los Angeles,California,90008,West
CA-2017-138380,12/21/2017,12/25/2017,Standard Class,YS-21880,United States,Oakland,California,94601,West
US-2016-113509,3/15/2016,3/19/2016,Standard Class,PL-18925,United States,Philadelphia,Pennsylvania,19143,East
CA-2015-130022,8/10/2015,8/16/2015,Standard Class,JK-16120,United States,Eagan,Minnesota,55122,Central
US-2016-118780,9/10/2016,9/14/2016,Second Class,PN-18775,United States,New York City,New York,10011,East
CA-2017-108560,7/8/2017,7/15/2017,Standard Class,JC-15385,United States,Kent,Washington,98031,West
CA-2015-157084,12/19/2015,12/24/2015,Standard Class,JG-15160,United States,Los Angeles,California,90049,West
CA-2015-164539,11/16/2015,11/22/2015,Standard Class,PO-19180,United States,New York City,New York,10011,East
CA-2015-143119,9/24/2015,9/30/2015,Standard Class,MC-17275,United States,Lafayette,Louisiana,70506,South
CA-2017-101049,6/21/2017,6/25/2017,Second Class,AS-10240,United States,Cleveland,Ohio,44105,East
CA-2016-106530,5/8/2016,5/8/2016,Same Day,CL-12565,United States,Cleveland,Ohio,44105,East
CA-2014-168984,11/26/2014,12/2/2014,Standard Class,NW-18400,United States,Tigard,Oregon,97224,West
CA-2016-157266,5/26/2016,6/1/2016,Standard Class,TB-21280,United States,Washington,District of Columbia,20016,East
US-2014-134712,11/29/2014,12/4/2014,Standard Class,BS-11380,United States,Skokie,Illinois,60076,Central
CA-2015-111829,3/19/2015,3/20/2015,First Class,FH-14365,United States,Seattle,Washington,98115,West
CA-2015-105221,11/1/2015,11/3/2015,First Class,VM-21685,United States,Philadelphia,Pennsylvania,19140,East
CA-2015-120341,9/26/2015,9/29/2015,Second Class,SF-20200,United States,Philadelphia,Pennsylvania,19143,East
CA-2014-135699,8/29/2014,8/29/2014,Same Day,HH-15010,United States,San Francisco,California,94110,West
US-2017-132444,11/18/2017,11/21/2017,First Class,CD-12280,United States,Seattle,Washington,98105,West
CA-2014-127159,5/12/2014,5/15/2014,First Class,HL-15040,United States,Milwaukee,Wisconsin,53209,Central
CA-2017-161809,1/20/2017,1/26/2017,Standard Class,TH-21100,United States,Los Angeles,California,90045,West
CA-2017-127285,10/30/2017,11/6/2017,Standard Class,MM-18055,United States,Seattle,Washington,98115,West
CA-2017-144526,4/30/2017,5/6/2017,Standard Class,QJ-19255,United States,Philadelphia,Pennsylvania,19143,East
CA-2016-128531,11/24/2016,11/26/2016,Second Class,NS-18505,United States,Dallas,Texas,75217,Central
US-2015-157154,1/10/2015,1/15/2015,Standard Class,MM-17920,United States,New York City,New York,10011,East
CA-2017-159457,10/19/2017,10/26/2017,Standard Class,RD-19480,United States,Houston,Texas,77095,Central
CA-2016-107615,3/22/2016,3/25/2016,First Class,RB-19645,United States,North Las Vegas,Nevada,89031,West
CA-2017-111647,7/3/2017,7/7/2017,Standard Class,RD-19585,United States,Plano,Texas,75023,Central
CA-2015-150560,12/11/2015,12/12/2015,First Class,SW-20455,United States,Suffolk,Virginia,23434,South
CA-2015-143077,9/17/2015,9/21/2015,Standard Class,SF-20965,United States,Houston,Texas,77041,Central
CA-2016-122728,5/18/2016,5/24/2016,Standard Class,EB-13930,United States,San Francisco,California,94110,West
CA-2014-122882,9/7/2014,9/13/2014,Standard Class,SB-20290,United States,Philadelphia,Pennsylvania,19134,East
US-2016-101497,9/29/2016,10/1/2016,Second Class,PS-18760,United States,Los Angeles,California,90008,West
CA-2016-147585,11/7/2016,11/12/2016,Standard Class,CB-12535,United States,San Francisco,California,94110,West
CA-2017-149489,4/24/2017,4/27/2017,First Class,DK-12835,United States,Philadelphia,Pennsylvania,19143,East
CA-2017-143798,12/10/2017,12/12/2017,First Class,AW-10840,United States,Philadelphia,Pennsylvania,19140,East
CA-2014-142839,8/16/2014,8/20/2014,Standard Class,TS-21610,United States,Philadelphia,Pennsylvania,19143,East
CA-2017-129833,12/9/2017,12/15/2017,Standard Class,HF-14995,United States,Indianapolis,Indiana,46203,Central
US-2016-154361,3/14/2016,3/19/2016,Standard Class,HZ-14950,United States,Columbus,Ohio,43229,East
US-2016-158708,6/26/2016,6/29/2016,Second Class,AB-10255,United States,Plano,Texas,75023,Central
CA-2015-156335,9/25/2015,9/28/2015,Second Class,PO-19195,United States,Bayonne,New Jersey,7002,East
CA-2015-148376,12/27/2015,12/31/2015,Standard Class,AG-10900,United States,Los Angeles,California,90008,West
CA-2014-135657,6/3/2014,6/7/2014,Second Class,SC-20725,United States,Seattle,Washington,98115,West
CA-2015-114069,7/13/2015,7/15/2015,Second Class,ND-18370,United States,New York City,New York,10035,East
CA-2014-139857,2/2/2014,2/6/2014,Standard Class,CD-12790,United States,San Diego,California,92037,West
CA-2016-106306,3/8/2016,3/8/2016,Same Day,PG-18820,United States,Glendale,Arizona,85301,West
CA-2015-100545,11/22/2015,11/26/2015,Standard Class,IM-15070,United States,Philadelphia,Pennsylvania,19120,East
CA-2017-123491,10/30/2017,11/5/2017,Standard Class,JK-15205,United States,San Francisco,California,94122,West
CA-2015-145401,1/30/2015,2/4/2015,Standard Class,JP-15520,United States,Houston,Texas,77070,Central
US-2017-124968,9/8/2017,9/13/2017,Second Class,MM-18055,United States,Chicago,Illinois,60610,Central
CA-2017-104003,10/7/2017,10/13/2017,Standard Class,DC-13285,United States,San Francisco,California,94110,West
CA-2016-154788,4/30/2016,5/4/2016,Standard Class,JL-15835,United States,New York City,New York,10011,East
CA-2016-169943,5/19/2016,5/24/2016,Standard Class,BN-11515,United States,New York City,New York,10011,East
US-2015-123218,12/20/2015,12/25/2015,Standard Class,KD-16345,United States,Chicago,Illinois,60623,Central
CA-2015-127453,12/19/2015,12/20/2015,First Class,JK-15370,United States,Philadelphia,Pennsylvania,19143,East
US-2017-164056,4/29/2017,5/4/2017,Second Class,FM-14215,United States,Dublin,Ohio,43017,East
CA-2016-106894,2/7/2016,2/7/2016,Same Day,CA-12265,United States,Springfield,Virginia,22153,South
CA-2014-125136,9/28/2014,10/3/2014,Standard Class,KD-16495,United States,Fayetteville,North Carolina,28314,South
US-2016-131149,7/10/2016,7/14/2016,Standard Class,LH-17155,United States,Dallas,Texas,75081,Central
CA-2017-101483,7/29/2017,8/1/2017,Second Class,AG-10675,United States,Jacksonville,North Carolina,28540,South
CA-2015-130204,9/3/2015,9/9/2015,Standard Class,DB-13120,United States,San Francisco,California,94122,West
CA-2014-110527,8/9/2014,8/16/2014,Standard Class,ED-13885,United States,San Diego,California,92037,West
CA-2017-152807,10/30/2017,11/3/2017,Standard Class,MC-18100,United States,Philadelphia,Pennsylvania,19140,East
CA-2014-133270,6/6/2014,6/9/2014,First Class,BM-11785,United States,Rochester,New York,14609,East
CA-2016-155670,8/13/2016,8/17/2016,Second Class,EM-14065,United States,Jacksonville,North Carolina,28540,South
US-2014-157406,4/25/2014,4/29/2014,Standard Class,DA-13450,United States,Houston,Texas,77095,Central
CA-2015-139094,11/22/2015,11/27/2015,Standard Class,MO-17800,United States,San Antonio,Texas,78207,Central
CA-2017-168837,10/14/2017,10/17/2017,First Class,JW-15955,United States,Oakland,California,94601,West
CA-2017-116715,12/2/2017,12/5/2017,First Class,VW-21775,United States,San Francisco,California,94122,West
CA-2015-135622,12/8/2015,12/11/2015,Second Class,TT-21460,United States,Fort Worth,Texas,76106,Central
US-2015-107349,7/13/2015,7/15/2015,First Class,SL-20155,United States,Houston,Texas,77095,Central
CA-2014-139017,5/11/2014,5/17/2014,Standard Class,RM-19375,United States,Houston,Texas,77095,Central
CA-2014-141817,1/5/2014,1/12/2014,Standard Class,MB-18085,United States,Philadelphia,Pennsylvania,19143,East
CA-2015-130785,9/5/2015,9/9/2015,Standard Class,AG-10900,United States,San Diego,California,92105,West
CA-2016-110254,8/4/2016,8/8/2016,Standard Class,ML-17755,United States,Suffolk,Virginia,23434,South
US-2014-158057,3/22/2014,3/26/2014,Standard Class,CC-12685,United States,Greensboro,North Carolina,27405,South
CA-2017-146024,3/2/2017,3/8/2017,Standard Class,SC-20770,United States,Dallas,Texas,75081,Central
CA-2016-129686,11/27/2016,11/29/2016,Second Class,GG-14650,United States,Chicago,Illinois,60623,Central
CA-2014-118976,4/28/2014,5/3/2014,Standard Class,MY-18295,United States,Baltimore,Maryland,21215,East
CA-2015-105347,11/24/2015,11/28/2015,Standard Class,DP-13000,United States,Los Angeles,California,90004,West
CA-2016-124667,11/11/2016,11/16/2016,Standard Class,BD-11770,United States,New York City,New York,10011,East
CA-2015-111094,7/9/2015,7/13/2015,Standard Class,CB-12535,United States,Franklin,Massachusetts,2038,East
CA-2017-166317,9/22/2017,9/26/2017,Standard Class,JE-15610,United States,Milwaukee,Wisconsin,53209,Central
CA-2015-154326,2/15/2015,2/19/2015,Standard Class,RP-19855,United States,Kenosha,Wisconsin,53142,Central
CA-2014-102008,9/30/2014,10/4/2014,Standard Class,RA-19915,United States,New York City,New York,10011,East
CA-2014-120474,12/1/2014,12/3/2014,First Class,RP-19390,United States,Madison,Wisconsin,53711,Central
CA-2014-104773,12/8/2014,12/13/2014,Standard Class,TB-21175,United States,Houston,Texas,77041,Central
CA-2016-140774,9/5/2016,9/10/2016,Standard Class,BE-11455,United States,Olathe,Kansas,66062,Central
US-2017-139465,8/27/2017,8/30/2017,First Class,MR-17545,United States,New York City,New York,10024,East
CA-2016-100965,7/7/2016,7/11/2016,Standard Class,RM-19375,United States,San Jose,California,95123,West
CA-2016-121034,8/8/2016,8/10/2016,Second Class,JF-15565,United States,Dallas,Texas,75081,Central
CA-2016-149461,11/13/2016,11/19/2016,Standard Class,AS-10135,United States,Auburn,Washington,98002,West
CA-2017-158379,9/22/2017,9/26/2017,Second Class,JA-15970,United States,Philadelphia,Pennsylvania,19134,East
US-2016-116729,12/25/2016,12/28/2016,First Class,GK-14620,United States,Los Angeles,California,90049,West
CA-2016-164938,2/11/2016,2/13/2016,First Class,PB-19210,United States,Tulsa,Oklahoma,74133,Central
CA-2016-165484,10/23/2016,10/29/2016,Standard Class,HK-14890,United States,Chicago,Illinois,60610,Central
CA-2014-132612,6/9/2014,6/11/2014,Second Class,FO-14305,United States,Harrisonburg,Virginia,22801,South
US-2017-161193,11/20/2017,11/26/2017,Standard Class,BT-11680,United States,Newark,Ohio,43055,East
CA-2015-131597,9/14/2015,9/18/2015,Standard Class,SP-20620,United States,Los Angeles,California,90045,West
CA-2015-164833,6/4/2015,6/4/2015,Same Day,LL-16840,United States,Seattle,Washington,98105,West
CA-2015-125423,12/13/2015,12/15/2015,Second Class,MC-17575,United States,Los Angeles,California,90036,West
US-2014-130379,5/25/2014,5/29/2014,Standard Class,JL-15235,United States,Chicago,Illinois,60623,Central
CA-2016-168956,2/16/2016,2/20/2016,Standard Class,EA-14035,United States,Chicago,Illinois,60623,Central
CA-2016-167507,12/22/2016,12/28/2016,Standard Class,SA-20830,United States,Redmond,Oregon,97756,West
CA-2016-109344,2/8/2016,2/11/2016,Second Class,CH-12070,United States,Raleigh,North Carolina,27604,South
US-2015-140851,7/13/2015,7/15/2015,Second Class,ND-18460,United States,Macon,Georgia,31204,South
CA-2014-103373,5/18/2014,5/24/2014,Standard Class,BS-11755,United States,Cleveland,Ohio,44105,East
CA-2017-145884,10/21/2017,10/21/2017,Same Day,SL-20155,United States,Muskogee,Oklahoma,74403,Central
CA-2015-131422,11/5/2015,11/9/2015,Standard Class,GB-14530,United States,Monroe,North Carolina,28110,South
CA-2017-162691,8/1/2017,8/7/2017,Standard Class,AS-10045,United States,Austin,Texas,78745,Central
CA-2014-141278,6/21/2014,6/24/2014,First Class,RM-19375,United States,Meriden,Connecticut,6450,East
CA-2017-122693,2/19/2017,2/21/2017,Second Class,NH-18610,United States,Roswell,Georgia,30076,South
CA-2014-117345,8/1/2014,8/5/2014,Standard Class,BF-10975,United States,Charlotte,North Carolina,28205,South
CA-2016-157763,7/18/2016,7/23/2016,Standard Class,KH-16330,United States,Bowling Green,Kentucky,42104,South
CA-2015-135391,2/9/2015,2/11/2015,Second Class,FA-14230,United States,San Antonio,Texas,78207,Central
US-2017-113852,7/29/2017,8/2/2017,Standard Class,GW-14605,United States,Seattle,Washington,98115,West
US-2017-158512,1/12/2017,1/17/2017,Second Class,DA-13450,United States,Washington,District of Columbia,20016,East
CA-2017-128370,9/10/2017,9/10/2017,Same Day,FH-14275,United States,Los Angeles,California,90004,West
CA-2015-160472,7/20/2015,7/25/2015,Second Class,RK-19300,United States,South Bend,Indiana,46614,Central
CA-2014-114643,6/13/2014,6/17/2014,Standard Class,FM-14215,United States,Los Angeles,California,90032,West
US-2017-158218,5/12/2017,5/15/2017,Second Class,AC-10420,United States,Houston,Texas,77041,Central
CA-2015-121608,9/3/2015,9/5/2015,First Class,JB-15400,United States,Bristol,Connecticut,6010,East
US-2017-121251,3/26/2017,3/27/2017,First Class,GM-14440,United States,New York City,New York,10009,East
CA-2014-151078,11/12/2014,11/12/2014,Same Day,RF-19840,United States,San Antonio,Texas,78207,Central
US-2016-100839,10/13/2016,10/17/2016,Standard Class,NC-18625,United States,Aurora,Colorado,80013,West
US-2017-116659,11/12/2017,11/12/2017,Same Day,NG-18355,United States,Newark,Ohio,43055,East
CA-2017-118857,4/15/2017,4/18/2017,First Class,AH-10075,United States,Henderson,Nevada,89015,West
CA-2015-127110,6/25/2015,7/1/2015,Standard Class,CH-12070,United States,Philadelphia,Pennsylvania,19143,East
CA-2016-148201,8/26/2016,8/29/2016,Second Class,CC-12145,United States,Seattle,Washington,98103,West
CA-2014-116932,7/21/2014,7/25/2014,Standard Class,ME-18010,United States,San Francisco,California,94122,West
CA-2017-142888,11/21/2017,11/25/2017,Standard Class,BP-11230,United States,Spokane,Washington,99207,West
CA-2014-147914,6/4/2014,6/9/2014,Standard Class,MP-17470,United States,Columbus,Ohio,43229,East
US-2016-112977,3/10/2016,3/16/2016,Standard Class,CJ-12010,United States,Long Beach,New York,11561,East
CA-2017-112039,3/25/2017,3/29/2017,Standard Class,JC-15775,United States,San Antonio,Texas,78207,Central
CA-2017-118885,12/29/2017,1/2/2018,Standard Class,JG-15160,United States,Los Angeles,California,90049,West
US-2017-166611,3/28/2017,4/2/2017,Standard Class,CK-12760,United States,Jacksonville,Florida,32216,South
CA-2015-109512,3/5/2015,3/5/2015,Same Day,LF-17185,United States,New York City,New York,10011,East
CA-2016-118570,11/13/2016,11/17/2016,Standard Class,CC-12430,United States,Philadelphia,Pennsylvania,19143,East
CA-2017-154718,1/19/2017,1/23/2017,Second Class,DL-12865,United States,Keller,Texas,76248,Central
CA-2016-147578,4/22/2016,4/26/2016,Second Class,PG-18895,United States,San Francisco,California,94122,West
CA-2014-140165,5/13/2014,5/15/2014,First Class,EH-14005,United States,Hialeah,Florida,33012,South
CA-2014-142587,10/21/2014,10/22/2014,First Class,TB-21520,United States,Fairfield,Ohio,45014,East
CA-2014-157623,3/14/2014,3/18/2014,Standard Class,DK-13225,United States,Huntington Beach,California,92646,West
CA-2017-145310,12/22/2017,12/24/2017,Second Class,JP-15520,United States,Port Orange,Florida,32127,South
CA-2016-100083,11/24/2016,11/29/2016,Standard Class,CD-11980,United States,Medford,Oregon,97504,West
US-2017-108063,12/2/2017,12/5/2017,First Class,AS-10090,United States,Charlottesville,Virginia,22901,South
CA-2015-109197,12/31/2015,1/4/2016,Standard Class,JO-15280,United States,Missoula,Montana,59801,West
CA-2017-141789,10/3/2017,10/6/2017,First Class,AC-10450,United States,Minneapolis,Minnesota,55407,Central
CA-2014-169775,8/29/2014,9/2/2014,Second Class,RA-19945,United States,Miami,Florida,33178,South
CA-2016-140543,6/29/2016,7/3/2016,Second Class,Co-12640,United States,Florence,South Carolina,29501,South
CA-2016-151141,8/20/2016,8/23/2016,First Class,DW-13480,United States,Detroit,Michigan,48205,Central
CA-2017-167094,10/21/2017,10/22/2017,First Class,DK-12835,United States,Springfield,Oregon,97477,West
CA-2017-154410,10/21/2017,10/24/2017,First Class,MD-17860,United States,Indianapolis,Indiana,46203,Central
US-2016-150567,5/17/2016,5/21/2016,Standard Class,RP-19855,United States,Apopka,Florida,32712,South
CA-2015-157959,2/3/2015,2/4/2015,First Class,RW-19540,United States,Los Angeles,California,90008,West
CA-2017-105886,12/18/2017,12/23/2017,Standard Class,DB-13660,United States,Oceanside,New York,11572,East
CA-2016-105963,11/15/2016,11/22/2016,Standard Class,SC-20770,United States,Los Angeles,California,90008,West
CA-2017-121503,7/3/2017,7/6/2017,Second Class,FH-14275,United States,Houston,Texas,77041,Central
CA-2014-103366,1/15/2014,1/17/2014,First Class,EH-13990,United States,Roswell,Georgia,30076,South
CA-2017-124597,4/30/2017,5/5/2017,Standard Class,AS-10630,United States,Boynton Beach,Florida,33437,South
CA-2015-105634,11/8/2015,11/14/2015,Standard Class,HA-14905,United States,Franklin,Massachusetts,2038,East
CA-2015-123673,10/30/2015,11/1/2015,Second Class,CH-12070,United States,Detroit,Michigan,48227,Central
US-2017-111423,8/17/2017,8/19/2017,First Class,EH-13765,United States,Watertown,New York,13601,East
CA-2015-125178,10/3/2015,10/9/2015,Standard Class,MZ-17515,United States,Reading,Pennsylvania,19601,East
CA-2016-156685,7/8/2016,7/10/2016,Second Class,SC-20230,United States,Arlington,Texas,76017,Central
CA-2017-126865,12/5/2017,12/7/2017,Second Class,NP-18325,United States,San Diego,California,92024,West
CA-2017-102834,3/9/2017,3/13/2017,Standard Class,LW-16990,United States,San Francisco,California,94110,West
US-2016-139710,6/9/2016,6/15/2016,Standard Class,GM-14680,United States,Los Angeles,California,90045,West
CA-2017-121538,11/28/2017,12/1/2017,First Class,RH-19495,United States,Denver,Colorado,80219,West
US-2017-101539,3/16/2017,3/18/2017,Second Class,VM-21685,United States,Seattle,Washington,98105,West
CA-2016-152121,11/27/2016,11/29/2016,Second Class,CC-12670,United States,Scottsdale,Arizona,85254,West
CA-2017-161200,8/6/2017,8/10/2017,Second Class,SV-20365,United States,Lafayette,Louisiana,70506,South
CA-2017-101245,11/27/2017,12/3/2017,Standard Class,LW-16990,United States,San Francisco,California,94109,West
CA-2015-141768,5/25/2015,5/27/2015,Second Class,NP-18685,United States,San Francisco,California,94109,West
CA-2016-112109,7/8/2016,7/12/2016,Standard Class,JE-15715,United States,Broomfield,Colorado,80020,West
CA-2017-144064,8/29/2017,9/1/2017,First Class,CP-12085,United States,Quincy,Illinois,62301,Central
CA-2016-108581,6/20/2016,6/26/2016,Standard Class,EA-14035,United States,Carrollton,Texas,75007,Central
CA-2017-157987,9/2/2017,9/6/2017,Standard Class,AC-10615,United States,New York City,New York,10009,East
CA-2017-110905,9/10/2017,9/15/2017,Second Class,RW-19690,United States,Springfield,Missouri,65807,Central
CA-2017-165841,12/21/2017,12/28/2017,Standard Class,DB-13210,United States,Paterson,New Jersey,7501,East
CA-2017-117485,9/23/2017,9/29/2017,Standard Class,BD-11320,United States,Tulsa,Oklahoma,74133,Central
CA-2017-140242,5/6/2017,5/11/2017,Standard Class,ML-17755,United States,Chicago,Illinois,60623,Central
CA-2014-148950,12/14/2014,12/19/2014,Standard Class,JD-16015,United States,Chicago,Illinois,60610,Central
CA-2014-110408,10/18/2014,10/20/2014,Second Class,AS-10225,United States,Montgomery,Alabama,36116,South
CA-2015-109939,5/8/2015,5/12/2015,Standard Class,AA-10375,United States,Salem,Oregon,97301,West
CA-2016-112669,4/14/2016,4/14/2016,Same Day,KT-16465,United States,Glendale,Arizona,85301,West
CA-2015-119592,12/14/2015,12/16/2015,Second Class,MM-18280,United States,Columbus,Georgia,31907,South
CA-2014-122749,12/3/2014,12/9/2014,Standard Class,NG-18430,United States,Oklahoma City,Oklahoma,73120,Central
CA-2014-164721,11/25/2014,11/27/2014,Second Class,LW-16825,United States,Brentwood,California,94513,West
CA-2016-147417,7/25/2016,7/27/2016,First Class,CB-12415,United States,Columbus,Ohio,43229,East
CA-2015-127509,11/9/2015,11/13/2015,Standard Class,AS-10090,United States,Springfield,Missouri,65807,Central
CA-2017-111374,2/24/2017,2/28/2017,Standard Class,CB-12415,United States,Philadelphia,Pennsylvania,19134,East
CA-2017-133648,6/25/2017,7/2/2017,Standard Class,ML-17755,United States,Springfield,Oregon,97477,West
US-2017-147221,12/2/2017,12/4/2017,Second Class,JS-16030,United States,Houston,Texas,77036,Central
CA-2014-131905,2/6/2014,2/9/2014,First Class,ND-18460,United States,Chesapeake,Virginia,23320,South
CA-2017-166128,4/11/2017,4/18/2017,Standard Class,LW-17215,United States,Pasadena,California,91104,West
CA-2017-163510,12/25/2017,12/28/2017,Second Class,JW-15955,United States,Louisville,Kentucky,40214,South
US-2017-143028,4/11/2017,4/18/2017,Standard Class,SC-20050,United States,Lubbock,Texas,79424,Central
CA-2014-111150,12/31/2014,1/4/2015,Standard Class,RW-19630,United States,Columbia,Missouri,65203,Central
CA-2017-165386,8/3/2017,8/4/2017,First Class,CM-12190,United States,Chicago,Illinois,60623,Central
CA-2014-116407,11/15/2014,11/21/2014,Standard Class,JF-15190,United States,Johnson City,Tennessee,37604,South
CA-2015-155761,12/11/2015,12/11/2015,Same Day,SC-20800,United States,Houston,Texas,77041,Central
CA-2016-145905,9/18/2016,9/23/2016,Standard Class,AM-10705,United States,Auburn,Alabama,36830,South
CA-2015-113110,3/19/2015,3/23/2015,Standard Class,BK-11260,United States,San Bernardino,California,92404,West
CA-2016-168354,9/19/2016,9/21/2016,First Class,RH-19510,United States,Providence,Rhode Island,2908,East
US-2017-111241,8/20/2017,8/22/2017,Second Class,GM-14500,United States,Fresno,California,93727,West
CA-2015-114237,3/13/2015,3/15/2015,First Class,MC-17275,United States,Seattle,Washington,98103,West
CA-2016-113516,9/8/2016,9/10/2016,Second Class,VM-21685,United States,Lancaster,California,93534,West
CA-2015-117961,11/26/2015,11/30/2015,Standard Class,GP-14740,United States,Leominster,Massachusetts,1453,East
CA-2016-128923,12/9/2016,12/13/2016,Standard Class,GB-14530,United States,Fort Worth,Texas,76106,Central
CA-2017-162481,9/25/2017,9/29/2017,Standard Class,CT-11995,United States,Rochester,Minnesota,55901,Central
CA-2015-119214,1/23/2015,1/27/2015,Standard Class,CW-11905,United States,Bozeman,Montana,59715,West
CA-2015-122287,6/18/2015,6/23/2015,Standard Class,SN-20560,United States,Peoria,Arizona,85345,West
CA-2015-104493,10/2/2015,10/8/2015,Standard Class,EB-13705,United States,San Diego,California,92105,West
US-2017-158946,11/18/2017,11/23/2017,Standard Class,JW-15220,United States,Lakewood,Ohio,44107,East
CA-2014-129168,8/17/2014,8/23/2014,Standard Class,KB-16585,United States,Houston,Texas,77095,Central
CA-2016-131835,7/17/2016,7/21/2016,Standard Class,MC-17590,United States,Perth Amboy,New Jersey,8861,East
CA-2015-142237,7/11/2015,7/13/2015,First Class,CK-12595,United States,Philadelphia,Pennsylvania,19134,East
CA-2016-136434,12/1/2016,12/7/2016,Standard Class,RD-19480,United States,Richmond,Indiana,47374,Central
CA-2017-120376,12/22/2017,12/25/2017,First Class,TP-21130,United States,Detroit,Michigan,48227,Central
CA-2014-106439,10/31/2014,11/4/2014,Standard Class,GG-14650,United States,Los Angeles,California,90049,West
CA-2015-133452,4/13/2015,4/19/2015,Standard Class,ZC-21910,United States,Pomona,California,91767,West
CA-2016-146521,7/21/2016,7/23/2016,Second Class,CC-12610,United States,Philadelphia,Pennsylvania,19134,East
US-2017-110996,11/20/2017,11/25/2017,Standard Class,KA-16525,United States,Ontario,California,91761,West
CA-2016-129693,11/26/2016,12/2/2016,Standard Class,TC-20980,United States,Seattle,Washington,98105,West
CA-2017-122504,11/7/2017,11/12/2017,Second Class,DB-13270,United States,Brentwood,California,94513,West
CA-2014-131051,12/1/2014,12/5/2014,Standard Class,TR-21325,United States,San Francisco,California,94122,West
CA-2017-140676,9/12/2017,9/15/2017,First Class,BF-11080,United States,Baltimore,Maryland,21215,East
CA-2015-120103,12/24/2015,12/29/2015,Standard Class,MS-17365,United States,Phoenix,Arizona,85023,West
CA-2017-104647,2/23/2017,3/1/2017,Standard Class,CK-12595,United States,Los Angeles,California,90008,West
CA-2014-110352,11/23/2014,11/29/2014,Standard Class,ED-13885,United States,Houston,Texas,77036,Central
CA-2016-140501,6/23/2016,6/28/2016,Standard Class,IM-15070,United States,New York City,New York,10009,East
CA-2015-139290,10/26/2015,10/30/2015,Standard Class,MY-17380,United States,Rancho Cucamonga,California,91730,West
CA-2017-166142,7/15/2017,7/19/2017,Standard Class,MM-17260,United States,Wilmington,Delaware,19805,East
CA-2014-145926,11/17/2014,11/21/2014,Standard Class,MP-17470,United States,Moorhead,Minnesota,56560,Central
CA-2015-149678,4/13/2015,4/15/2015,Second Class,AW-10840,United States,Farmington,New Mexico,87401,West
US-2015-164357,11/25/2015,11/29/2015,Standard Class,SF-20065,United States,Wilmington,North Carolina,28403,South
US-2016-146570,5/15/2016,5/20/2016,Standard Class,SN-20710,United States,Jackson,Mississippi,39212,South
CA-2017-124401,9/7/2017,9/12/2017,Standard Class,RD-19900,United States,Portland,Oregon,97206,West
US-2014-140116,3/10/2014,3/17/2014,Standard Class,KT-16480,United States,Denver,Colorado,80219,West
CA-2014-123295,7/18/2014,7/18/2014,Same Day,AH-10120,United States,Tucson,Arizona,85705,West
CA-2017-167101,3/24/2017,3/28/2017,Second Class,BM-11650,United States,New York City,New York,10009,East
US-2014-167633,9/30/2014,10/5/2014,Standard Class,BW-11200,United States,Boynton Beach,Florida,33437,South
US-2014-152723,9/26/2014,9/26/2014,Same Day,HG-14965,United States,Mesquite,Texas,75150,Central
CA-2015-164882,10/31/2015,10/31/2015,Same Day,SG-20080,United States,Redlands,California,92374,West
CA-2015-159786,10/12/2015,10/17/2015,Second Class,RK-19300,United States,Rochester,New York,14609,East
CA-2016-130267,9/19/2016,9/23/2016,Standard Class,SW-20245,United States,Stockton,California,95207,West
CA-2017-155460,4/13/2017,4/15/2017,First Class,RW-19630,United States,Seattle,Washington,98105,West
US-2017-168690,1/7/2017,1/13/2017,Standard Class,TS-21085,United States,Ormond Beach,Florida,32174,South
CA-2017-158246,11/9/2017,11/11/2017,First Class,JB-15400,United States,Sunnyvale,California,94086,West
CA-2017-167381,9/22/2017,9/24/2017,Second Class,EH-14005,United States,Lansing,Michigan,48911,Central
CA-2017-144862,12/1/2017,12/5/2017,Standard Class,EH-14005,United States,Philadelphia,Pennsylvania,19143,East
CA-2014-126032,6/23/2014,6/28/2014,Standard Class,BS-11665,United States,Philadelphia,Pennsylvania,19143,East
CA-2015-134859,10/4/2015,10/9/2015,Standard Class,JK-16120,United States,Philadelphia,Pennsylvania,19134,East
US-2014-114188,5/20/2014,5/22/2014,Second Class,RF-19345,United States,Dover,New Hampshire,3820,East
CA-2015-156524,11/20/2015,11/26/2015,Standard Class,DL-12865,United States,New York City,New York,10011,East
CA-2015-122210,11/30/2015,12/4/2015,Standard Class,WB-21850,United States,Philadelphia,Pennsylvania,19134,East
CA-2015-156377,12/31/2015,1/5/2016,Standard Class,TB-21625,United States,Grand Prairie,Texas,75051,Central
US-2017-157896,11/16/2017,11/16/2017,Same Day,CB-12415,United States,New York City,New York,10009,East
CA-2014-159520,6/6/2014,6/11/2014,Standard Class,GT-14635,United States,Long Beach,New York,11561,East
CA-2016-155481,9/1/2016,9/5/2016,Standard Class,DK-13225,United States,Philadelphia,Pennsylvania,19140,East
US-2016-152051,6/25/2016,6/29/2016,Standard Class,TS-21160,United States,York,Pennsylvania,17403,East
CA-2014-141607,12/12/2014,12/17/2014,Standard Class,WB-21850,United States,Concord,California,94521,West
CA-2017-102771,3/31/2017,4/5/2017,Standard Class,DO-13435,United States,New York City,New York,10035,East
US-2017-139969,11/19/2017,11/26/2017,Standard Class,AF-10870,United States,College Station,Texas,77840,Central
CA-2014-167360,11/24/2014,11/29/2014,Second Class,RB-19435,United States,Saint Louis,Missouri,63116,Central
CA-2015-123505,11/22/2015,11/26/2015,Standard Class,AR-10540,United States,Quincy,Massachusetts,2169,East
CA-2016-117282,7/14/2016,7/18/2016,Standard Class,DR-12880,United States,New York City,New York,10009,East
US-2016-120460,4/30/2016,5/5/2016,Standard Class,BF-11170,United States,Dallas,Texas,75081,Central
CA-2016-111115,7/25/2016,7/27/2016,Second Class,LB-16735,United States,Los Angeles,California,90032,West
CA-2014-124646,6/22/2014,6/24/2014,First Class,DV-13465,United States,Minneapolis,Minnesota,55407,Central
CA-2017-148166,10/21/2017,10/26/2017,Standard Class,NK-18490,United States,Deltona,Florida,32725,South
CA-2016-159737,9/3/2016,9/9/2016,Standard Class,CS-11950,United States,Chicago,Illinois,60610,Central
CA-2016-141019,5/14/2016,5/14/2016,Same Day,LH-17155,United States,Cincinnati,Ohio,45231,East
CA-2016-101938,1/7/2016,1/12/2016,Standard Class,DW-13480,United States,Oakland,California,94601,West
CA-2017-166296,3/13/2017,3/19/2017,Standard Class,KF-16285,United States,Manteca,California,95336,West
CA-2016-154018,10/13/2016,10/19/2016,Standard Class,HA-14920,United States,Laredo,Texas,78041,Central
CA-2017-117870,1/27/2017,1/30/2017,Second Class,JH-15820,United States,Kent,Ohio,44240,East
US-2017-137491,11/19/2017,11/25/2017,Standard Class,LC-16930,United States,San Angelo,Texas,76903,Central
CA-2014-152296,8/1/2014,8/3/2014,First Class,IL-15100,United States,San Francisco,California,94122,West
CA-2016-112025,7/30/2016,8/4/2016,Standard Class,LS-16975,United States,Houston,Texas,77070,Central
CA-2015-132507,7/30/2015,8/3/2015,Second Class,CC-12610,United States,Houston,Texas,77041,Central
CA-2016-125738,10/15/2016,10/21/2016,Standard Class,PB-18805,United States,Salt Lake City,Utah,84106,West
CA-2016-128818,5/7/2016,5/11/2016,Standard Class,CJ-12010,United States,New York City,New York,10009,East
CA-2017-124576,8/1/2017,8/4/2017,Second Class,HK-14890,United States,Salinas,California,93905,West
CA-2016-101378,7/14/2016,7/14/2016,Same Day,RH-19600,United States,Huntsville,Alabama,35810,South
CA-2017-143063,8/10/2017,8/15/2017,Standard Class,IL-15100,United States,Columbus,Indiana,47201,Central
CA-2016-118913,6/25/2016,6/29/2016,Standard Class,AS-10240,United States,Los Angeles,California,90049,West
CA-2016-128412,12/10/2016,12/17/2016,Standard Class,AP-10915,United States,Seattle,Washington,98105,West
CA-2016-136483,12/1/2016,12/6/2016,Standard Class,AG-10390,United States,Knoxville,Tennessee,37918,South
CA-2014-163013,11/28/2014,12/4/2014,Standard Class,BF-11080,United States,Montgomery,Alabama,36116,South
CA-2015-135363,3/28/2015,4/2/2015,Standard Class,CK-12205,United States,Philadelphia,Pennsylvania,19120,East
US-2014-165659,6/1/2014,6/6/2014,Standard Class,LT-17110,United States,Little Rock,Arkansas,72209,South
CA-2015-138002,9/6/2015,9/12/2015,Standard Class,BT-11305,United States,Seattle,Washington,98103,West
CA-2015-128860,6/29/2015,7/5/2015,Standard Class,SC-20725,United States,Lancaster,Pennsylvania,17602,East
CA-2016-164350,9/10/2016,9/12/2016,Second Class,CG-12040,United States,Bristol,Tennessee,37620,South
US-2014-103905,7/14/2014,7/20/2014,Standard Class,AW-10930,United States,Aurora,Illinois,60505,Central
CA-2015-129854,8/22/2015,8/26/2015,Standard Class,RB-19705,United States,New York City,New York,10009,East
CA-2014-125556,11/14/2014,11/16/2014,Second Class,ML-17410,United States,Fairfield,Connecticut,6824,East
CA-2016-162313,11/27/2016,11/30/2016,First Class,VB-21745,United States,Lincoln Park,Michigan,48146,Central
CA-2017-107874,11/21/2017,11/25/2017,Standard Class,SW-20275,United States,New York City,New York,10035,East
CA-2017-129378,10/1/2017,10/2/2017,First Class,NS-18505,United States,San Jose,California,95123,West
CA-2014-151953,9/20/2014,9/25/2014,Standard Class,DB-13555,United States,Jacksonville,Florida,32216,South
CA-2017-130841,7/28/2017,8/1/2017,Standard Class,MH-17620,United States,San Francisco,California,94110,West
CA-2015-131884,12/6/2015,12/6/2015,Same Day,DK-13375,United States,Marion,Ohio,43302,East
CA-2017-121909,7/31/2017,8/5/2017,Standard Class,EA-14035,United States,Philadelphia,Pennsylvania,19134,East
CA-2016-106383,3/19/2016,3/21/2016,Second Class,BT-11440,United States,Littleton,Colorado,80122,West
CA-2017-130771,7/29/2017,8/3/2017,Standard Class,LA-16780,United States,Austin,Texas,78745,Central
CA-2016-139157,10/1/2016,10/5/2016,Standard Class,GM-14680,United States,New York City,New York,10024,East
CA-2014-128055,3/31/2014,4/5/2014,Standard Class,AA-10315,United States,San Francisco,California,94122,West
CA-2017-157091,6/26/2017,7/1/2017,Standard Class,DB-13405,United States,La Porte,Indiana,46350,Central
CA-2017-132122,7/9/2017,7/14/2017,Standard Class,JH-15820,United States,Chicago,Illinois,60610,Central
CA-2015-123232,12/14/2015,12/16/2015,Second Class,DJ-13630,United States,Portland,Oregon,97206,West
CA-2017-104066,12/5/2017,12/10/2017,Standard Class,QJ-19255,United States,Burlington,Vermont,5408,East
CA-2015-145849,9/15/2015,9/17/2015,Second Class,CT-11995,United States,Indianapolis,Indiana,46203,Central
CA-2016-122322,7/15/2016,7/21/2016,Standard Class,RH-19510,United States,Provo,Utah,84604,West
CA-2017-166849,4/20/2017,4/26/2017,Standard Class,SJ-20125,United States,Chicago,Illinois,60610,Central
CA-2016-146633,11/15/2016,11/17/2016,Second Class,TG-21310,United States,Los Angeles,California,90049,West
US-2016-126893,11/26/2016,12/1/2016,Standard Class,CT-11995,United States,Philadelphia,Pennsylvania,19134,East
CA-2017-103380,11/21/2017,11/25/2017,Standard Class,BF-11005,United States,Pasadena,California,91104,West
CA-2015-116092,2/15/2015,2/18/2015,Second Class,JM-16195,United States,Los Angeles,California,90004,West
CA-2016-117849,4/15/2016,4/17/2016,Second Class,JK-16120,United States,San Diego,California,92105,West
CA-2015-169201,9/28/2015,10/1/2015,First Class,HG-14965,United States,San Francisco,California,94110,West
CA-2016-164091,9/17/2016,9/22/2016,Standard Class,LA-16780,United States,Bangor,Maine,4401,East
CA-2017-105214,6/16/2017,6/19/2017,First Class,TS-21610,United States,San Francisco,California,94122,West
CA-2015-117611,11/8/2015,11/10/2015,Second Class,MZ-17335,United States,San Diego,California,92024,West
US-2015-137960,12/18/2015,12/18/2015,Same Day,MW-18220,United States,New York City,New York,10035,East
CA-2017-122994,2/6/2017,2/9/2017,First Class,MV-17485,United States,Arlington,Virginia,22204,South
CA-2016-131065,11/14/2016,11/16/2016,Second Class,AA-10375,United States,Atlanta,Georgia,30318,South
CA-2017-149146,10/12/2017,10/12/2017,Same Day,SM-20320,United States,Monroe,North Carolina,28110,South
CA-2017-137470,9/17/2017,9/17/2017,Same Day,TP-21415,United States,Seattle,Washington,98115,West
CA-2017-105480,12/20/2017,12/26/2017,Standard Class,DK-13225,United States,Rochester,New York,14609,East
CA-2017-164917,12/2/2017,12/7/2017,Standard Class,MK-17905,United States,Miami,Florida,33180,South
CA-2015-102036,9/21/2015,9/27/2015,Standard Class,CS-12130,United States,Seattle,Washington,98105,West
CA-2015-142944,3/6/2015,3/11/2015,Standard Class,JL-15850,United States,San Francisco,California,94122,West
CA-2014-157882,10/3/2014,10/8/2014,Second Class,AR-10405,United States,Los Angeles,California,90036,West
CA-2014-104283,6/27/2014,7/1/2014,Standard Class,LM-17065,United States,Southaven,Mississippi,38671,South
CA-2017-142622,10/30/2017,11/2/2017,First Class,JK-15625,United States,Seattle,Washington,98115,West
CA-2016-132143,9/3/2016,9/5/2016,First Class,FM-14215,United States,Middletown,Connecticut,6457,East
CA-2015-153108,3/5/2015,3/9/2015,Standard Class,SF-20200,United States,New Castle,Indiana,47362,Central
CA-2016-112676,5/5/2016,5/8/2016,First Class,PJ-18835,United States,Murfreesboro,Tennessee,37130,South
CA-2017-165687,11/17/2017,11/23/2017,Standard Class,CS-12355,United States,Salem,Virginia,24153,South
US-2017-112928,6/1/2017,6/5/2017,Second Class,BB-10990,United States,Toledo,Ohio,43615,East
CA-2017-143343,6/10/2017,6/13/2017,First Class,BW-11200,United States,Los Angeles,California,90032,West
CA-2017-115154,1/8/2017,1/11/2017,First Class,RS-19420,United States,Seattle,Washington,98115,West
CA-2015-149342,4/20/2015,4/25/2015,Standard Class,TS-21160,United States,Columbus,Georgia,31907,South
CA-2015-130995,11/1/2015,11/6/2015,Standard Class,QJ-19255,United States,New York City,New York,10009,East
CA-2017-127929,12/23/2017,12/27/2017,Standard Class,FM-14215,United States,Middletown,Connecticut,6457,East
CA-2015-113145,11/1/2015,11/5/2015,Standard Class,VD-21670,United States,New York City,New York,10011,East
CA-2014-162362,11/14/2014,11/18/2014,Standard Class,JL-15505,United States,Midland,Michigan,48640,Central
CA-2016-106558,1/17/2016,1/21/2016,Standard Class,DL-13495,United States,Columbus,Georgia,31907,South
CA-2017-157931,9/17/2017,9/22/2017,Second Class,MO-17800,United States,Roswell,Georgia,30076,South
CA-2016-115574,12/23/2016,12/24/2016,First Class,BP-11185,United States,Chicago,Illinois,60623,Central
CA-2015-160794,8/6/2015,8/8/2015,First Class,MS-17980,United States,Houston,Texas,77041,Central
CA-2017-116225,11/5/2017,11/9/2017,Standard Class,SV-20935,United States,New York City,New York,10009,East
US-2017-120418,6/11/2017,6/12/2017,First Class,BC-11125,United States,Peoria,Arizona,85345,West
CA-2017-122035,7/20/2017,7/25/2017,Standard Class,EM-13825,United States,Sioux Falls,South Dakota,57103,Central
CA-2015-117828,12/23/2015,12/26/2015,First Class,BD-11500,United States,Richmond,Virginia,23223,South
CA-2017-165491,3/20/2017,3/24/2017,Standard Class,HW-14935,United States,Seattle,Washington,98115,West
CA-2015-109470,12/31/2015,1/3/2016,Second Class,KC-16255,United States,Henderson,Kentucky,42420,South
CA-2015-105102,9/15/2015,9/19/2015,Second Class,BM-11575,United States,New York City,New York,10035,East
CA-2017-138422,9/23/2017,9/26/2017,First Class,KN-16705,United States,Fort Collins,Colorado,80525,West
US-2015-147739,12/25/2015,12/29/2015,Standard Class,JD-16150,United States,Philadelphia,Pennsylvania,19140,East
CA-2016-155187,9/24/2016,9/26/2016,Second Class,LA-16780,United States,Los Angeles,California,90004,West
CA-2017-169285,3/21/2017,3/25/2017,Standard Class,RW-19690,United States,Lafayette,Indiana,47905,Central
CA-2014-140886,9/30/2014,10/4/2014,Standard Class,KW-16570,United States,Clarksville,Tennessee,37042,South
CA-2017-152695,12/10/2017,12/10/2017,Same Day,CC-12220,United States,Fairfield,Connecticut,6824,East
CA-2014-110639,8/23/2014,8/23/2014,Same Day,RH-19495,United States,New York City,New York,10009,East
CA-2014-121727,8/19/2014,8/24/2014,Standard Class,JK-15625,United States,Columbus,Ohio,43229,East
CA-2016-137736,11/10/2016,11/15/2016,Standard Class,DC-13285,United States,Warner Robins,Georgia,31088,South
US-2014-143231,12/31/2014,1/3/2015,First Class,GM-14455,United States,Franklin,Massachusetts,2038,East
US-2014-155894,7/26/2014,7/30/2014,Second Class,CL-11890,United States,Chicago,Illinois,60623,Central
CA-2016-119025,2/22/2016,2/28/2016,Standard Class,PV-18985,United States,Milwaukee,Wisconsin,53209,Central
CA-2016-159373,3/13/2016,3/18/2016,Standard Class,LT-17110,United States,San Antonio,Texas,78207,Central
CA-2017-109701,12/2/2017,12/3/2017,Same Day,AM-10360,United States,Los Angeles,California,90032,West
CA-2015-111514,8/31/2015,9/2/2015,First Class,SC-20260,United States,San Francisco,California,94122,West
US-2014-148838,3/17/2014,3/21/2014,Standard Class,CP-12340,United States,New York City,New York,10024,East
CA-2017-136497,4/16/2017,4/20/2017,Standard Class,RF-19840,United States,Columbus,Ohio,43229,East
US-2016-108637,3/13/2016,3/18/2016,Standard Class,AB-10060,United States,Waynesboro,Virginia,22980,South
CA-2014-102295,11/24/2014,11/26/2014,Second Class,EH-13990,United States,Sacramento,California,95823,West
CA-2017-123659,2/10/2017,2/13/2017,First Class,MN-17935,United States,Clinton,Maryland,20735,East
US-2016-129469,9/23/2016,9/27/2016,Standard Class,KL-16555,United States,Fairfield,Ohio,45014,East
CA-2017-155152,7/7/2017,7/9/2017,Second Class,MP-17965,United States,Warwick,Rhode Island,2886,East
CA-2016-159940,7/7/2016,7/11/2016,Second Class,BF-11020,United States,Aurora,Illinois,60505,Central
CA-2017-119669,1/24/2017,1/30/2017,Standard Class,TP-21130,United States,Smyrna,Georgia,30080,South
US-2014-164616,8/19/2014,8/21/2014,Second Class,MS-17770,United States,Columbus,Ohio,43229,East
CA-2015-148628,12/6/2015,12/11/2015,Standard Class,KM-16375,United States,Thousand Oaks,California,91360,West
CA-2016-118052,5/6/2016,5/10/2016,Standard Class,BE-11455,United States,Lorain,Ohio,44052,East
US-2017-117534,3/25/2017,3/26/2017,First Class,CV-12295,United States,Fresno,California,93727,West
CA-2015-145065,12/12/2015,12/15/2015,First Class,DK-13375,United States,San Diego,California,92105,West
US-2015-127040,12/6/2015,12/10/2015,Standard Class,SG-20605,United States,New York City,New York,10009,East
CA-2016-128111,3/17/2016,3/23/2016,Standard Class,CS-12355,United States,Malden,Massachusetts,2148,East
CA-2015-137897,11/14/2015,11/19/2015,Standard Class,PJ-18835,United States,New York City,New York,10035,East
CA-2017-169264,8/14/2017,8/16/2017,Second Class,NP-18700,United States,San Francisco,California,94109,West
CA-2017-147361,9/9/2017,9/15/2017,Standard Class,SB-20290,United States,Florence,South Carolina,29501,South
CA-2017-145877,4/1/2017,4/4/2017,Second Class,AS-10090,United States,Springfield,Missouri,65807,Central
US-2016-110170,9/27/2016,10/3/2016,Standard Class,HM-14860,United States,Huntsville,Texas,77340,Central
CA-2017-108574,10/7/2017,10/11/2017,Standard Class,MG-18145,United States,Los Angeles,California,90045,West
CA-2017-144589,1/20/2017,1/25/2017,Standard Class,TM-21010,United States,San Francisco,California,94122,West
CA-2017-155985,3/23/2017,3/25/2017,First Class,BE-11335,United States,San Francisco,California,94122,West
CA-2014-162684,8/1/2014,8/6/2014,Standard Class,AS-10630,United States,Philadelphia,Pennsylvania,19120,East
CA-2015-142041,6/7/2015,6/9/2015,Second Class,EM-13810,United States,Los Angeles,California,90036,West
CA-2014-151295,11/12/2014,11/16/2014,Standard Class,JA-15970,United States,Los Angeles,California,90045,West
CA-2016-156300,12/29/2016,1/2/2017,Standard Class,TB-21595,United States,Milwaukee,Wisconsin,53209,Central
CA-2015-146087,7/6/2015,7/11/2015,Standard Class,PP-18955,United States,Holyoke,Massachusetts,1040,East
CA-2017-168655,10/12/2017,10/18/2017,Standard Class,ML-18040,United States,Albuquerque,New Mexico,87105,West
CA-2016-107202,5/21/2016,5/28/2016,Standard Class,LC-16930,United States,Sparks,Nevada,89431,West
CA-2017-159597,11/9/2017,11/14/2017,Standard Class,MC-17590,United States,Coachella,California,92236,West
CA-2016-155551,4/18/2016,4/23/2016,Standard Class,CR-12580,United States,Elmhurst,Illinois,60126,Central
US-2017-147669,12/25/2017,12/30/2017,Standard Class,SV-20935,United States,Fairfield,Ohio,45014,East
CA-2016-169922,6/11/2016,6/17/2016,Standard Class,MZ-17515,United States,Arlington,Texas,76017,Central
CA-2017-100748,5/13/2017,5/20/2017,Standard Class,RB-19795,United States,San Francisco,California,94110,West
CA-2017-129805,12/28/2017,1/2/2018,Standard Class,HM-14860,United States,Seattle,Washington,98103,West
CA-2014-148586,3/25/2014,4/1/2014,Standard Class,AZ-10750,United States,New York City,New York,10009,East
US-2017-112613,5/28/2017,6/1/2017,Standard Class,JH-15910,United States,Houston,Texas,77070,Central
CA-2015-154746,11/14/2015,11/17/2015,First Class,PJ-18835,United States,Springfield,Virginia,22153,South
CA-2017-140053,7/3/2017,7/10/2017,Standard Class,CA-12265,United States,Farmington,New Mexico,87401,West
CA-2014-164210,11/18/2014,11/20/2014,Second Class,PW-19240,United States,Louisville,Colorado,80027,West
CA-2017-139948,7/17/2017,7/22/2017,Standard Class,SW-20455,United States,Tampa,Florida,33614,South
CA-2016-146934,5/22/2016,5/27/2016,Standard Class,AF-10870,United States,Passaic,New Jersey,7055,East
CA-2015-100573,9/25/2015,10/1/2015,Standard Class,AM-10705,United States,Los Angeles,California,90004,West
CA-2016-119165,10/31/2016,11/6/2016,Standard Class,BD-11320,United States,Philadelphia,Pennsylvania,19143,East
CA-2015-128027,9/14/2015,9/17/2015,Second Class,CM-12385,United States,North Charleston,South Carolina,29406,South
CA-2016-140207,11/5/2016,11/10/2016,Standard Class,CS-12400,United States,San Jose,California,95123,West
CA-2017-140949,3/17/2017,3/22/2017,Second Class,DB-13405,United States,New York City,New York,10011,East
CA-2017-138548,8/15/2017,8/21/2017,Standard Class,JG-15160,United States,Plainfield,New Jersey,7060,East
CA-2015-142419,7/11/2015,7/13/2015,Second Class,SC-20380,United States,Seattle,Washington,98115,West
CA-2017-148691,12/3/2017,12/9/2017,Standard Class,CS-12460,United States,New York City,New York,10009,East
CA-2017-128755,5/4/2017,5/8/2017,Standard Class,MK-18160,United States,Newport News,Virginia,23602,South
US-2016-135923,1/22/2016,1/28/2016,Standard Class,CM-11935,United States,Fayetteville,North Carolina,28314,South
CA-2016-114972,11/3/2016,11/6/2016,First Class,PF-19225,United States,Los Angeles,California,90032,West
CA-2017-102750,9/4/2017,9/8/2017,Second Class,GM-14695,United States,Los Angeles,California,90036,West
CA-2014-145212,9/13/2014,9/19/2014,Standard Class,DC-12850,United States,New York City,New York,10011,East
CA-2017-141992,6/19/2017,6/25/2017,Standard Class,FO-14305,United States,Dallas,Texas,75220,Central
CA-2017-147956,12/24/2017,12/31/2017,Standard Class,AH-10210,United States,Seattle,Washington,98105,West
CA-2017-126067,8/28/2017,9/3/2017,Standard Class,KN-16705,United States,Seattle,Washington,98105,West
CA-2015-104514,1/2/2015,1/4/2015,Second Class,CB-12535,United States,Newark,Delaware,19711,East
CA-2015-141040,10/9/2015,10/13/2015,Second Class,TB-21250,United States,New York City,New York,10024,East
CA-2014-113579,12/13/2014,12/15/2014,Second Class,KD-16345,United States,Los Angeles,California,90049,West
CA-2014-144624,11/19/2014,11/23/2014,Standard Class,JM-15865,United States,Jamestown,New York,14701,East
CA-2016-146206,9/10/2016,9/14/2016,Second Class,KT-16480,United States,Houston,Texas,77095,Central
CA-2014-136644,6/16/2014,6/22/2014,Standard Class,SC-20575,United States,Mishawaka,Indiana,46544,Central
CA-2015-122371,9/26/2015,10/1/2015,Standard Class,BS-11800,United States,San Diego,California,92037,West
CA-2016-126935,5/19/2016,5/24/2016,Standard Class,BT-11395,United States,San Francisco,California,94109,West
US-2017-133781,6/22/2017,6/23/2017,First Class,DC-12850,United States,Miami,Florida,33178,South
CA-2017-131618,6/17/2017,6/20/2017,First Class,LS-17200,United States,Skokie,Illinois,60076,Central
CA-2016-149482,11/14/2016,11/19/2016,Standard Class,RR-19315,United States,San Francisco,California,94110,West
CA-2014-143917,7/25/2014,7/27/2014,Second Class,KL-16645,United States,San Francisco,California,94122,West
CA-2015-120397,7/2/2015,7/2/2015,Same Day,RB-19435,United States,Houston,Texas,77070,Central
CA-2017-163902,3/2/2017,3/8/2017,Standard Class,MY-17380,United States,Los Angeles,California,90045,West
CA-2016-136812,11/18/2016,11/23/2016,Standard Class,AW-10930,United States,Oklahoma City,Oklahoma,73120,Central
CA-2015-102722,4/18/2015,4/19/2015,First Class,KW-16570,United States,Monroe,Louisiana,71203,South
CA-2017-155089,12/2/2017,12/6/2017,Standard Class,DB-12910,United States,Tampa,Florida,33614,South
CA-2016-124506,11/11/2016,11/17/2016,Standard Class,BB-11545,United States,Chicago,Illinois,60623,Central
CA-2014-106572,9/5/2014,9/10/2014,Standard Class,NP-18700,United States,Bowling Green,Ohio,43402,East
CA-2014-128888,11/15/2014,11/22/2014,Standard Class,PB-19105,United States,Houston,Texas,77095,Central
CA-2017-123134,5/2/2017,5/7/2017,Standard Class,DW-13585,United States,Westfield,New Jersey,7090,East
CA-2016-124352,10/15/2016,10/21/2016,Standard Class,CD-12790,United States,Oklahoma City,Oklahoma,73120,Central
CA-2015-124541,4/6/2015,4/10/2015,Standard Class,TT-21220,United States,Houston,Texas,77041,Central
CA-2014-108707,10/24/2014,10/29/2014,Standard Class,DB-12910,United States,Fort Lauderdale,Florida,33311,South
CA-2014-111500,8/17/2014,8/21/2014,Standard Class,DJ-13510,United States,Little Rock,Arkansas,72209,South
US-2017-117723,8/15/2017,8/18/2017,Second Class,DL-13495,United States,Philadelphia,Pennsylvania,19120,East
CA-2015-143238,9/6/2015,9/8/2015,First Class,LO-17170,United States,La Quinta,California,92253,West
CA-2015-168746,1/27/2015,1/29/2015,Second Class,SV-20365,United States,Cleveland,Ohio,44105,East
CA-2015-113404,7/16/2015,7/16/2015,Same Day,EM-13810,United States,San Francisco,California,94122,West
CA-2016-144792,4/30/2016,5/4/2016,Standard Class,KD-16615,United States,Scottsdale,Arizona,85254,West
CA-2014-164385,9/26/2014,10/1/2014,Second Class,NB-18580,United States,Philadelphia,Pennsylvania,19134,East
US-2016-114174,9/8/2016,9/14/2016,Standard Class,AP-10720,United States,Malden,Massachusetts,2148,East
CA-2017-108070,4/16/2017,4/20/2017,Standard Class,JE-15745,United States,San Jose,California,95123,West
US-2015-128090,8/16/2015,8/22/2015,Standard Class,JM-15865,United States,Phoenix,Arizona,85023,West
CA-2017-101042,11/19/2017,11/23/2017,Standard Class,AB-10105,United States,Henderson,Kentucky,42420,South
CA-2016-155439,9/14/2016,9/18/2016,Standard Class,PN-18775,United States,Columbia,South Carolina,29203,South
CA-2016-118626,8/15/2016,8/20/2016,Standard Class,JC-15775,United States,Tallahassee,Florida,32303,South
CA-2015-111458,9/26/2015,9/30/2015,Standard Class,PF-19165,United States,New York City,New York,10035,East
US-2016-126844,10/8/2016,10/14/2016,Standard Class,BW-11110,United States,Houston,Texas,77070,Central
US-2015-112508,3/24/2015,3/30/2015,Standard Class,BP-11185,United States,Coral Springs,Florida,33065,South
CA-2015-147788,5/31/2015,6/4/2015,Standard Class,TM-21010,United States,Orem,Utah,84057,West
CA-2015-144288,12/25/2015,12/31/2015,Standard Class,MB-17305,United States,Nashville,Tennessee,37211,South
CA-2015-110632,3/17/2015,3/22/2015,Second Class,HR-14830,United States,New York City,New York,10009,East
CA-2017-109589,12/21/2017,12/24/2017,First Class,BD-11635,United States,Bowling Green,Kentucky,42104,South
CA-2017-123967,11/1/2017,11/3/2017,Second Class,SF-20200,United States,Bellingham,Washington,98226,West
CA-2017-148929,9/7/2017,9/11/2017,Standard Class,SP-20620,United States,New York City,New York,10011,East
CA-2017-134404,12/27/2017,12/27/2017,Same Day,DR-12880,United States,Newark,Ohio,43055,East
CA-2017-109778,7/16/2017,7/21/2017,Standard Class,VM-21685,United States,Woodstock,Illinois,60098,Central
CA-2016-155845,8/12/2016,8/15/2016,Second Class,CM-12235,United States,Carrollton,Texas,75007,Central
CA-2017-145128,7/9/2017,7/14/2017,Standard Class,SM-20320,United States,Lafayette,Indiana,47905,Central
CA-2014-129091,11/22/2014,11/27/2014,Standard Class,RA-19885,United States,Columbus,Georgia,31907,South
US-2014-155502,1/26/2014,1/31/2014,Standard Class,SD-20485,United States,Alexandria,Virginia,22304,South
CA-2015-121041,11/3/2015,11/10/2015,Standard Class,CS-12250,United States,Haltom City,Texas,76117,Central
CA-2017-131695,6/30/2017,7/6/2017,Standard Class,RA-19285,United States,New York City,New York,10024,East
CA-2016-137729,5/5/2016,5/9/2016,Standard Class,BF-11005,United States,Los Angeles,California,90004,West
US-2016-115455,9/8/2016,9/14/2016,Standard Class,SE-20110,United States,Wheeling,Illinois,60090,Central
CA-2017-128300,11/24/2017,11/26/2017,Second Class,RS-19765,United States,Summerville,South Carolina,29483,South
CA-2017-149048,5/13/2017,5/17/2017,Standard Class,BM-11650,United States,Columbus,Indiana,47201,Central
CA-2017-108553,4/23/2017,4/29/2017,Standard Class,SK-19990,United States,New York City,New York,10024,East
CA-2016-165848,6/4/2016,6/4/2016,Same Day,EN-13780,United States,New York City,New York,10035,East
CA-2014-112718,12/16/2014,12/21/2014,Standard Class,KN-16450,United States,Jacksonville,Florida,32216,South
CA-2016-154053,3/4/2016,3/10/2016,Standard Class,MG-17890,United States,San Diego,California,92024,West
CA-2014-127446,11/25/2014,11/30/2014,Standard Class,MC-17590,United States,Arlington,Texas,76017,Central
CA-2016-137204,4/28/2016,5/5/2016,Standard Class,BO-11350,United States,Los Angeles,California,90045,West
CA-2014-147298,4/26/2014,5/3/2014,Standard Class,AG-10300,United States,Los Angeles,California,90049,West
CA-2017-147942,4/1/2017,4/5/2017,Standard Class,MS-17365,United States,San Francisco,California,94110,West
CA-2017-115931,12/22/2017,12/26/2017,Standard Class,JM-15655,United States,Carlsbad,New Mexico,88220,West
CA-2014-164861,12/3/2014,12/6/2014,Second Class,MC-17635,United States,Saint Louis,Missouri,63116,Central
CA-2017-127180,10/22/2017,10/24/2017,First Class,TA-21385,United States,New York City,New York,10024,East
US-2017-165344,11/13/2017,11/15/2017,First Class,SB-20290,United States,Springfield,Ohio,45503,East
CA-2015-168186,9/10/2015,9/15/2015,Standard Class,AB-10150,United States,Tulsa,Oklahoma,74133,Central
US-2017-110604,5/15/2017,5/20/2017,Standard Class,JF-15295,United States,Seattle,Washington,98103,West
CA-2015-116750,7/5/2015,7/10/2015,Second Class,BF-10975,United States,Fayetteville,North Carolina,28314,South
CA-2015-162369,8/15/2015,8/19/2015,Standard Class,TT-21265,United States,Los Angeles,California,90045,West
CA-2017-108441,6/12/2017,6/18/2017,Standard Class,SB-20170,United States,New York City,New York,10035,East
CA-2015-169740,2/20/2015,2/25/2015,Standard Class,LM-17065,United States,Hot Springs,Arkansas,71901,South
CA-2016-124051,12/29/2016,12/30/2016,First Class,KA-16525,United States,Aurora,Illinois,60505,Central
CA-2016-149111,4/17/2016,4/21/2016,Second Class,BF-11170,United States,Raleigh,North Carolina,27604,South
CA-2014-131002,9/7/2014,9/12/2014,Second Class,TB-21400,United States,Tulsa,Oklahoma,74133,Central
US-2016-146794,9/26/2016,10/1/2016,Standard Class,SH-19975,United States,Hesperia,California,92345,West
CA-2017-112515,9/17/2017,9/21/2017,Second Class,AS-10225,United States,Provo,Utah,84604,West
CA-2016-150343,8/16/2016,8/20/2016,Standard Class,PK-19075,United States,San Francisco,California,94110,West
CA-2015-135538,12/24/2015,12/28/2015,Standard Class,HR-14830,United States,Gilbert,Arizona,85234,West
CA-2017-123372,11/28/2017,12/2/2017,Standard Class,DG-13300,United States,New York City,New York,10035,East
CA-2017-159604,4/14/2017,4/15/2017,First Class,CL-12700,United States,Springfield,Missouri,65807,Central
CA-2016-164784,5/1/2016,5/4/2016,First Class,HF-14995,United States,Memphis,Tennessee,38109,South
CA-2016-111794,10/1/2016,10/1/2016,Same Day,HG-15025,United States,Amarillo,Texas,79109,Central
US-2015-139759,8/25/2015,8/30/2015,Standard Class,NL-18310,United States,Los Angeles,California,90045,West
CA-2014-126403,9/9/2014,9/12/2014,Second Class,RR-19525,United States,Lowell,Massachusetts,1852,East
CA-2017-136875,12/3/2017,12/3/2017,Same Day,TC-21295,United States,San Diego,California,92024,West
CA-2017-132185,11/27/2017,12/2/2017,Standard Class,DB-13615,United States,Asheville,North Carolina,28806,South
US-2014-160780,6/21/2014,6/21/2014,Same Day,SV-20785,United States,Pueblo,Colorado,81001,West
CA-2017-127026,1/21/2017,1/27/2017,Standard Class,MH-18115,United States,Jackson,Michigan,49201,Central
CA-2017-137085,6/29/2017,7/6/2017,Standard Class,CT-11995,United States,Los Angeles,California,90004,West
CA-2016-133123,9/6/2016,9/11/2016,Standard Class,KB-16315,United States,Thomasville,North Carolina,27360,South
US-2016-128195,8/4/2016,8/5/2016,First Class,RA-19285,United States,Peoria,Illinois,61604,Central
CA-2015-153220,11/12/2015,11/14/2015,First Class,YC-21895,United States,Los Angeles,California,90032,West
CA-2014-123064,6/30/2014,7/2/2014,First Class,RA-19915,United States,Chicago,Illinois,60653,Central
CA-2017-156412,12/4/2017,12/8/2017,Standard Class,CM-12160,United States,Philadelphia,Pennsylvania,19134,East
US-2016-144211,8/28/2016,9/2/2016,Standard Class,CS-12130,United States,Englewood,Colorado,80112,West
CA-2016-138079,1/22/2016,1/28/2016,Standard Class,AJ-10795,United States,Seattle,Washington,98115,West
CA-2014-143182,10/15/2014,10/20/2014,Standard Class,DL-12865,United States,Hialeah,Florida,33012,South
CA-2016-161662,2/7/2016,2/9/2016,First Class,BE-11410,United States,Lancaster,Ohio,43130,East
CA-2014-145317,3/18/2014,3/23/2014,Standard Class,SM-20320,United States,Jacksonville,Florida,32216,South
CA-2014-143413,5/24/2014,5/30/2014,Standard Class,RP-19390,United States,Baltimore,Maryland,21215,East
CA-2017-156818,7/11/2017,7/13/2017,Second Class,JD-16015,United States,New York City,New York,10009,East
CA-2017-155873,6/16/2017,6/21/2017,Standard Class,AB-10255,United States,Carlsbad,New Mexico,88220,West
CA-2015-121797,1/30/2015,2/6/2015,Standard Class,CC-12145,United States,Los Angeles,California,90049,West
US-2015-120572,12/11/2015,12/15/2015,Standard Class,GH-14425,United States,Jacksonville,Florida,32216,South
CA-2017-132430,10/9/2017,10/11/2017,First Class,CP-12085,United States,Lakewood,Ohio,44107,East
CA-2017-146031,7/29/2017,8/1/2017,Second Class,GM-14440,United States,Troy,New York,12180,East
CA-2014-110100,4/25/2014,4/29/2014,Standard Class,LC-16885,United States,Wilmington,North Carolina,28403,South
CA-2015-103723,12/1/2015,12/6/2015,Standard Class,BT-11305,United States,Seattle,Washington,98105,West
CA-2014-127187,12/4/2014,12/8/2014,Standard Class,CP-12085,United States,New York City,New York,10024,East
CA-2017-128475,8/26/2017,9/1/2017,Standard Class,SC-20680,United States,Columbus,Georgia,31907,South
CA-2014-100006,9/7/2014,9/13/2014,Standard Class,DK-13375,United States,New York City,New York,10024,East
CA-2017-144827,12/21/2017,12/27/2017,Standard Class,SE-20110,United States,Costa Mesa,California,92627,West
CA-2014-110030,12/6/2014,12/8/2014,Second Class,LF-17185,United States,Houston,Texas,77095,Central
CA-2014-121286,11/4/2014,11/8/2014,Second Class,ON-18715,United States,Cary,North Carolina,27511,South
CA-2016-164735,4/14/2016,4/19/2016,Second Class,TB-21400,United States,Alexandria,Virginia,22304,South
CA-2014-153479,10/4/2014,10/8/2014,Standard Class,DF-13135,United States,Vallejo,California,94591,West
CA-2017-149888,11/7/2017,11/13/2017,Standard Class,EP-13915,United States,Philadelphia,Pennsylvania,19120,East
CA-2017-119193,12/22/2017,12/24/2017,First Class,SK-19990,United States,Toledo,Ohio,43615,East
CA-2017-104801,2/13/2017,2/19/2017,Standard Class,FH-14350,United States,Seattle,Washington,98105,West
CA-2014-107594,7/2/2014,7/6/2014,Standard Class,EH-13945,United States,Plainfield,New Jersey,7060,East
CA-2015-129770,2/21/2015,2/23/2015,Second Class,JE-15715,United States,Las Cruces,New Mexico,88001,West
CA-2015-115798,11/13/2015,11/19/2015,Standard Class,KL-16645,United States,Newark,Delaware,19711,East
CA-2017-122707,4/16/2017,4/18/2017,First Class,EB-13750,United States,Hoover,Alabama,35244,South
CA-2016-165015,2/25/2016,2/27/2016,Second Class,BD-11725,United States,Newark,Ohio,43055,East
CA-2014-149244,11/4/2014,11/8/2014,Standard Class,MS-17530,United States,San Diego,California,92037,West
CA-2015-140144,6/20/2015,6/25/2015,Second Class,SC-20770,United States,San Francisco,California,94122,West
CA-2017-163321,8/7/2017,8/11/2017,Second Class,FM-14380,United States,Jacksonville,North Carolina,28540,South
CA-2014-155887,5/12/2014,5/17/2014,Standard Class,KT-16480,United States,Franklin,Massachusetts,2038,East
US-2015-165449,11/22/2015,11/26/2015,Standard Class,AP-10720,United States,Frisco,Texas,75034,Central
CA-2015-110247,12/4/2015,12/8/2015,Standard Class,RH-19555,United States,Tallahassee,Florida,32303,South
US-2014-141257,6/8/2014,6/14/2014,Standard Class,CS-11950,United States,Seattle,Washington,98115,West
CA-2014-154669,8/8/2014,8/11/2014,Second Class,TM-21010,United States,Vacaville,California,95687,West
CA-2014-158029,5/26/2014,5/30/2014,Standard Class,HF-14995,United States,Los Angeles,California,90008,West
CA-2015-155306,4/17/2015,4/21/2015,Standard Class,GA-14515,United States,San Francisco,California,94122,West
CA-2016-127775,6/11/2016,6/13/2016,Second Class,ES-14020,United States,New York City,New York,10035,East
CA-2016-146171,3/11/2016,3/15/2016,Standard Class,JP-16135,United States,Columbus,Georgia,31907,South
CA-2014-129574,5/26/2014,5/29/2014,First Class,Dp-13240,United States,Murray,Utah,84107,West
CA-2017-126536,10/12/2017,10/14/2017,First Class,NK-18490,United States,San Francisco,California,94110,West
CA-2017-165757,6/22/2017,6/28/2017,Standard Class,PL-18925,United States,Philadelphia,Pennsylvania,19140,East
CA-2017-167752,1/15/2017,1/18/2017,First Class,RW-19690,United States,Philadelphia,Pennsylvania,19134,East
US-2015-122140,4/2/2015,4/7/2015,Standard Class,MO-17950,United States,Dallas,Texas,75220,Central
CA-2016-163986,9/3/2016,9/10/2016,Standard Class,JJ-15445,United States,Waukesha,Wisconsin,53186,Central
CA-2017-158967,12/10/2017,12/12/2017,First Class,BT-11680,United States,Fort Lauderdale,Florida,33311,South
CA-2016-131576,11/22/2016,11/26/2016,Standard Class,RD-19585,United States,Detroit,Michigan,48205,Central
CA-2017-143455,11/11/2017,11/18/2017,Standard Class,ML-17755,United States,Springfield,Ohio,45503,East
CA-2016-144729,10/21/2016,10/25/2016,Standard Class,JE-15745,United States,San Diego,California,92037,West
CA-2015-127019,12/21/2015,12/25/2015,Standard Class,ER-13855,United States,Colorado Springs,Colorado,80906,West
CA-2015-138534,7/17/2015,7/19/2015,Second Class,JM-15535,United States,Bakersfield,California,93309,West
CA-2017-108322,4/30/2017,5/5/2017,Standard Class,SS-20140,United States,Pompano Beach,Florida,33068,South
CA-2017-167668,5/6/2017,5/8/2017,First Class,TC-21295,United States,New York City,New York,10035,East
CA-2017-146724,11/20/2017,11/27/2017,Standard Class,HG-15025,United States,Lakeville,Minnesota,55044,Central
CA-2016-139878,11/11/2016,11/16/2016,Standard Class,LD-17005,United States,Detroit,Michigan,48234,Central
US-2016-106677,11/5/2016,11/10/2016,Standard Class,AS-10285,United States,Philadelphia,Pennsylvania,19134,East
CA-2016-116974,10/9/2016,10/15/2016,Standard Class,MP-17965,United States,Troy,Ohio,45373,East
CA-2015-149972,9/21/2015,9/23/2015,First Class,CD-12790,United States,Los Angeles,California,90036,West
US-2014-117744,12/2/2014,12/6/2014,Standard Class,MD-17860,United States,Corpus Christi,Texas,78415,Central
CA-2014-125514,9/21/2014,9/22/2014,First Class,BM-11650,United States,Omaha,Nebraska,68104,Central
CA-2014-154599,4/12/2014,4/17/2014,Standard Class,KN-16450,United States,Redondo Beach,California,90278,West
CA-2017-158743,10/20/2017,10/27/2017,Standard Class,IG-15085,United States,Little Rock,Arkansas,72209,South
CA-2016-153318,10/25/2016,10/28/2016,First Class,JS-15595,United States,Miami,Florida,33180,South
US-2015-110163,11/1/2015,11/4/2015,First Class,GA-14725,United States,Salem,Oregon,97301,West
CA-2017-143329,11/3/2017,11/8/2017,Standard Class,DL-13330,United States,Las Cruces,New Mexico,88001,West
CA-2015-159380,5/12/2015,5/16/2015,Standard Class,CS-12505,United States,San Francisco,California,94122,West
CA-2015-122623,9/7/2015,9/11/2015,Standard Class,CC-12145,United States,El Paso,Texas,79907,Central
CA-2015-148635,7/25/2015,7/27/2015,Second Class,MH-18025,United States,Seattle,Washington,98115,West
CA-2015-135685,11/16/2015,11/18/2015,Second Class,MP-18175,United States,Milwaukee,Wisconsin,53209,Central
CA-2015-104626,9/1/2015,9/8/2015,Standard Class,DR-12940,United States,Franklin,Massachusetts,2038,East
CA-2016-160500,5/5/2016,5/8/2016,First Class,DM-13015,United States,Encinitas,California,92024,West
CA-2017-100202,12/31/2016,1/5/2017,Standard Class,BD-11620,United States,Anaheim,California,92804,West
CA-2017-131016,9/18/2017,9/20/2017,First Class,DC-12850,United States,Arlington,Texas,76017,Central
US-2014-112914,9/25/2014,9/30/2014,Standard Class,MT-18070,United States,Houston,Texas,77041,Central
CA-2016-124149,4/23/2016,4/26/2016,First Class,MJ-17740,United States,Lancaster,Ohio,43130,East
CA-2014-148915,11/1/2014,11/5/2014,Standard Class,ND-18370,United States,Portland,Oregon,97206,West
CA-2017-134649,1/26/2017,1/31/2017,Second Class,CA-11965,United States,Hoover,Alabama,35244,South
CA-2017-110842,11/11/2017,11/16/2017,Standard Class,GA-14725,United States,Los Angeles,California,90036,West
CA-2016-147368,6/9/2016,6/12/2016,First Class,TC-21295,United States,Tallahassee,Florida,32303,South
US-2015-104185,9/3/2015,9/8/2015,Second Class,JB-15400,United States,New York City,New York,10009,East
US-2014-125521,3/14/2014,3/19/2014,Standard Class,CK-12325,United States,Chesapeake,Virginia,23320,South
US-2017-135062,8/31/2017,9/4/2017,Second Class,RL-19615,United States,Fayetteville,North Carolina,28314,South
CA-2017-135650,3/23/2017,3/27/2017,Standard Class,AC-10660,United States,Huntsville,Texas,77340,Central
CA-2017-112865,5/18/2017,5/22/2017,Standard Class,BH-11710,United States,Philadelphia,Pennsylvania,19140,East
US-2016-162852,12/27/2016,12/31/2016,Standard Class,BG-11695,United States,Woodstock,Illinois,60098,Central
CA-2017-138163,11/17/2017,11/20/2017,First Class,XP-21865,United States,Everett,Massachusetts,2149,East
CA-2017-152093,9/10/2017,9/15/2017,Standard Class,SN-20560,United States,Chicago,Illinois,60653,Central
CA-2017-157854,4/8/2017,4/15/2017,Standard Class,DM-13345,United States,Roswell,Georgia,30076,South
CA-2016-123617,11/28/2016,12/3/2016,Standard Class,AJ-10780,United States,Palm Coast,Florida,32137,South
US-2016-128293,6/2/2016,6/5/2016,First Class,KC-16255,United States,Philadelphia,Pennsylvania,19120,East
CA-2017-107342,12/17/2017,12/22/2017,Standard Class,VF-21715,United States,Columbus,Indiana,47201,Central
CA-2016-136371,3/19/2016,3/21/2016,Second Class,SV-20935,United States,Oceanside,New York,11572,East
CA-2017-137344,8/20/2017,8/20/2017,Same Day,EM-13810,United States,Franklin,Massachusetts,2038,East
CA-2017-169810,7/25/2017,7/31/2017,Standard Class,RB-19360,United States,Sioux Falls,South Dakota,57103,Central
CA-2016-128594,8/26/2016,8/29/2016,First Class,DJ-13510,United States,San Diego,California,92037,West
CA-2016-154690,8/15/2016,8/17/2016,Second Class,CC-12370,United States,Fayetteville,North Carolina,28314,South
CA-2017-138975,5/19/2017,5/23/2017,Standard Class,SC-20380,United States,Atlanta,Georgia,30318,South
CA-2017-106537,8/12/2017,8/17/2017,Standard Class,RH-19495,United States,Orlando,Florida,32839,South
US-2017-103828,8/13/2017,8/13/2017,Same Day,JK-15370,United States,San Francisco,California,94122,West
CA-2016-115588,11/10/2016,11/12/2016,Second Class,AF-10885,United States,Toledo,Ohio,43615,East
CA-2017-143861,6/12/2017,6/19/2017,Standard Class,LC-16885,United States,Saint Petersburg,Florida,33710,South
CA-2014-148040,3/22/2014,3/26/2014,Standard Class,BF-11275,United States,Tucson,Arizona,85705,West
CA-2017-135167,6/15/2017,6/20/2017,Standard Class,SC-20800,United States,Los Angeles,California,90036,West
CA-2017-137022,11/16/2017,11/22/2017,Standard Class,SW-20275,United States,San Diego,California,92105,West
US-2017-102638,12/29/2017,12/31/2017,First Class,MC-17845,United States,New York City,New York,10035,East
US-2016-167339,1/21/2016,1/23/2016,Second Class,TD-20995,United States,San Diego,California,92037,West
CA-2016-152072,1/15/2016,1/19/2016,Standard Class,Dp-13240,United States,Westfield,New Jersey,7090,East
CA-2016-102932,9/19/2016,9/23/2016,Second Class,SD-20485,United States,Orange,New Jersey,7050,East
CA-2014-165540,2/21/2014,2/25/2014,Standard Class,TM-21010,United States,Woodstock,Illinois,60098,Central
CA-2016-130799,11/11/2016,11/16/2016,Second Class,BK-11260,United States,San Francisco,California,94110,West
CA-2016-164483,1/30/2016,2/3/2016,Standard Class,JF-15490,United States,San Francisco,California,94122,West
US-2016-159856,10/18/2016,10/22/2016,Standard Class,EP-13915,United States,Tempe,Arizona,85281,West
CA-2017-102099,12/18/2017,12/19/2017,First Class,EP-13915,United States,Los Angeles,California,90008,West
CA-2017-164049,11/2/2017,11/6/2017,Standard Class,KH-16630,United States,Seattle,Washington,98105,West
CA-2014-142727,4/29/2014,5/1/2014,Second Class,HG-14845,United States,Lake Charles,Louisiana,70601,South
CA-2017-139913,10/23/2017,10/29/2017,Standard Class,JC-16105,United States,Rochester,New York,14609,East
CA-2014-169033,3/30/2014,4/3/2014,Standard Class,KM-16720,United States,Long Beach,New York,11561,East
US-2016-164630,1/4/2016,1/9/2016,Standard Class,EB-13975,United States,Charlotte,North Carolina,28205,South
US-2015-114839,4/26/2015,4/30/2015,Standard Class,PW-19240,United States,Houston,Texas,77036,Central
CA-2015-166464,9/12/2015,9/17/2015,Standard Class,PG-18895,United States,New York City,New York,10035,East
CA-2017-124898,9/11/2017,9/15/2017,Standard Class,DB-12910,United States,Columbus,Georgia,31907,South
CA-2016-164035,6/12/2016,6/17/2016,Standard Class,CR-12730,United States,Chicago,Illinois,60610,Central
CA-2016-153577,6/27/2016,7/1/2016,Standard Class,KH-16330,United States,Highland Park,Illinois,60035,Central
CA-2014-127586,9/26/2014,9/30/2014,Standard Class,CS-12400,United States,Seattle,Washington,98115,West
CA-2017-121615,11/3/2017,11/9/2017,Standard Class,DL-12925,United States,Eagan,Minnesota,55122,Central
CA-2017-166415,2/19/2017,2/23/2017,Standard Class,ME-17725,United States,Seattle,Washington,98103,West
CA-2015-118444,11/5/2015,11/9/2015,Standard Class,VD-21670,United States,Coral Springs,Florida,33065,South
CA-2014-113929,6/16/2014,6/21/2014,Standard Class,CK-12205,United States,Hempstead,New York,11550,East
CA-2015-134747,10/12/2015,10/17/2015,Second Class,DL-12925,United States,Noblesville,Indiana,46060,Central
CA-2017-155047,8/27/2017,8/30/2017,First Class,SE-20110,United States,Dallas,Texas,75220,Central
CA-2016-160129,11/23/2016,11/23/2016,Same Day,LS-17200,United States,Philadelphia,Pennsylvania,19140,East
CA-2017-164329,1/30/2017,1/30/2017,Same Day,MM-17920,United States,San Francisco,California,94109,West
US-2015-141453,11/30/2015,12/3/2015,Second Class,DB-13270,United States,Austin,Texas,78745,Central
CA-2014-156993,6/28/2014,7/4/2014,Standard Class,RW-19630,United States,Detroit,Michigan,48234,Central
CA-2014-157721,9/2/2014,9/5/2014,First Class,JM-16195,United States,Watertown,New York,13601,East
CA-2017-128629,7/10/2017,7/14/2017,Second Class,BP-11155,United States,Columbus,Georgia,31907,South
CA-2017-158106,6/4/2017,6/10/2017,Standard Class,CT-11995,United States,Apple Valley,Minnesota,55124,Central
US-2017-120390,10/19/2017,10/26/2017,Standard Class,TH-21550,United States,Burlington,North Carolina,27217,South
CA-2017-143434,11/18/2017,11/24/2017,Standard Class,ME-17320,United States,Saginaw,Michigan,48601,Central
CA-2015-168564,8/8/2015,8/8/2015,Same Day,TT-21220,United States,San Francisco,California,94109,West
US-2016-169040,12/6/2016,12/12/2016,Standard Class,GT-14710,United States,Seattle,Washington,98105,West
CA-2017-155880,3/25/2017,3/31/2017,Standard Class,JD-16150,United States,Milwaukee,Wisconsin,53209,Central
CA-2017-126242,11/19/2017,11/24/2017,Standard Class,MC-18100,United States,Los Angeles,California,90049,West
CA-2016-166443,11/4/2016,11/5/2016,First Class,LH-17020,United States,San Francisco,California,94122,West
CA-2017-169859,12/14/2017,12/18/2017,Standard Class,MP-18175,United States,San Diego,California,92024,West
CA-2017-134915,11/12/2017,11/12/2017,Same Day,EM-14140,United States,Glendale,Arizona,85301,West
CA-2016-153353,8/18/2016,8/24/2016,Standard Class,GG-14650,United States,New York City,New York,10035,East
CA-2017-123638,6/27/2017,7/4/2017,Standard Class,MA-17995,United States,Watertown,New York,13601,East
CA-2017-168900,5/4/2017,5/9/2017,Standard Class,SH-20395,United States,Springfield,Ohio,45503,East
CA-2015-158456,12/24/2015,12/29/2015,Standard Class,KT-16465,United States,Los Angeles,California,90032,West
CA-2017-143665,4/26/2017,5/1/2017,Standard Class,PO-19180,United States,Seattle,Washington,98115,West
CA-2017-137428,12/16/2017,12/21/2017,Second Class,AY-10555,United States,Oceanside,California,92054,West
CA-2014-162866,12/27/2014,12/31/2014,Standard Class,Co-12640,United States,Skokie,Illinois,60076,Central
CA-2017-167941,11/6/2017,11/9/2017,Second Class,JF-15565,United States,Fayetteville,North Carolina,28314,South
CA-2017-111808,12/16/2017,12/20/2017,Standard Class,AR-10510,United States,Tulsa,Oklahoma,74133,Central
CA-2015-137512,5/7/2015,5/12/2015,Standard Class,AG-10675,United States,Allen,Texas,75002,Central
CA-2017-139773,12/4/2017,12/4/2017,Same Day,DV-13045,United States,Philadelphia,Pennsylvania,19143,East
CA-2017-134607,10/3/2017,10/8/2017,Second Class,HL-15040,United States,Rochester,New York,14609,East
CA-2014-109232,1/13/2014,1/16/2014,Second Class,ND-18370,United States,Mount Pleasant,South Carolina,29464,South
CA-2015-139850,6/12/2015,6/17/2015,Standard Class,GB-14575,United States,Philadelphia,Pennsylvania,19134,East
CA-2014-131310,7/12/2014,7/18/2014,Standard Class,CL-12565,United States,Seattle,Washington,98115,West
US-2014-112872,12/6/2014,12/11/2014,Second Class,RC-19960,United States,Springfield,Oregon,97477,West
CA-2016-139269,5/25/2016,5/30/2016,Standard Class,JB-16045,United States,Columbus,Georgia,31907,South
CA-2016-139010,2/21/2016,2/26/2016,Second Class,MC-17635,United States,Los Angeles,California,90032,West
CA-2016-134376,10/2/2016,10/6/2016,Standard Class,TT-21265,United States,New York City,New York,10024,East
CA-2017-147291,3/11/2017,3/17/2017,Standard Class,MJ-17740,United States,Detroit,Michigan,48227,Central
CA-2016-112893,9/9/2016,9/13/2016,Second Class,AT-10735,United States,Stockton,California,95207,West
US-2014-150532,7/14/2014,7/21/2014,Standard Class,PB-19150,United States,Phoenix,Arizona,85023,West
CA-2014-138317,6/21/2014,6/25/2014,Standard Class,NW-18400,United States,Philadelphia,Pennsylvania,19120,East
CA-2015-130610,7/5/2015,7/10/2015,Standard Class,VP-21730,United States,Sterling Heights,Michigan,48310,Central
CA-2017-104381,12/16/2017,12/23/2017,Standard Class,RD-19810,United States,Rochester,New York,14609,East
CA-2016-131499,9/8/2016,9/10/2016,First Class,MG-17875,United States,New York City,New York,10011,East
CA-2014-148761,5/17/2014,5/21/2014,Standard Class,PA-19060,United States,Eau Claire,Wisconsin,54703,Central
CA-2017-116519,10/13/2017,10/15/2017,First Class,CR-12730,United States,New York City,New York,10009,East
CA-2014-130729,10/24/2014,10/29/2014,Standard Class,AA-10375,United States,Rancho Cucamonga,California,91730,West
CA-2016-124772,12/5/2016,12/6/2016,First Class,JG-15160,United States,Murray,Kentucky,42071,South
CA-2016-115525,7/25/2016,7/29/2016,Standard Class,RR-19525,United States,Toledo,Ohio,43615,East
CA-2017-134845,4/17/2017,4/23/2017,Standard Class,SR-20425,United States,Louisville,Colorado,80027,West
US-2015-138919,9/17/2015,9/21/2015,Standard Class,LS-16975,United States,New York City,New York,10035,East
US-2016-160528,8/23/2016,8/30/2016,Standard Class,MH-18115,United States,Pharr,Texas,78577,Central
CA-2015-123568,11/8/2015,11/14/2015,Standard Class,SC-20095,United States,West Jordan,Utah,84084,West
CA-2017-124674,11/17/2017,11/23/2017,Standard Class,JB-16000,United States,Brownsville,Texas,78521,Central
CA-2015-164441,11/8/2015,11/13/2015,Standard Class,AC-10450,United States,New York City,New York,10011,East
CA-2017-169054,4/22/2017,4/26/2017,Standard Class,MO-17800,United States,Philadelphia,Pennsylvania,19140,East
CA-2014-106719,8/24/2014,8/24/2014,Same Day,RB-19645,United States,Billings,Montana,59102,West
CA-2017-116855,12/17/2017,12/21/2017,Standard Class,AI-10855,United States,Chesapeake,Virginia,23320,South
US-2016-164189,3/24/2016,3/28/2016,Standard Class,DR-12880,United States,Gresham,Oregon,97030,West
CA-2015-168480,9/21/2015,9/27/2015,Standard Class,DM-12955,United States,Lincoln Park,Michigan,48146,Central
US-2016-114293,11/21/2016,11/26/2016,Standard Class,JH-16180,United States,Gresham,Oregon,97030,West
CA-2017-134173,9/16/2017,9/21/2017,Standard Class,AB-10060,United States,Philadelphia,Pennsylvania,19143,East
US-2015-123960,6/11/2015,6/16/2015,Standard Class,BD-11605,United States,Monroe,Louisiana,71203,South
CA-2017-101749,10/3/2017,10/8/2017,Standard Class,AS-10045,United States,Pasadena,California,91104,West
US-2016-147991,5/5/2016,5/9/2016,Standard Class,ZD-21925,United States,Chattanooga,Tennessee,37421,South
CA-2017-149559,9/11/2017,9/12/2017,Same Day,KF-16285,United States,Long Beach,California,90805,West
CA-2015-135174,4/30/2015,5/2/2015,Second Class,BP-11230,United States,Troy,Ohio,45373,East
CA-2017-125290,11/6/2017,11/10/2017,Second Class,CC-12430,United States,Minneapolis,Minnesota,55407,Central
CA-2014-137351,9/30/2014,10/4/2014,Standard Class,DB-13615,United States,Seattle,Washington,98105,West
CA-2017-121419,4/2/2017,4/4/2017,First Class,TC-21475,United States,Columbus,Georgia,31907,South
US-2017-148054,10/6/2017,10/11/2017,Standard Class,NZ-18565,United States,Meridian,Idaho,83642,West
CA-2016-128517,4/9/2016,4/14/2016,Second Class,SW-20350,United States,Detroit,Michigan,48227,Central
US-2015-100377,8/28/2015,9/1/2015,Standard Class,TS-21370,United States,Chicago,Illinois,60623,Central
CA-2017-131492,10/19/2017,10/24/2017,Second Class,HH-15010,United States,San Francisco,California,94110,West
CA-2016-144554,11/7/2016,11/12/2016,Standard Class,DM-13345,United States,Newark,Ohio,43055,East
CA-2017-127621,3/3/2017,3/7/2017,Standard Class,RE-19450,United States,Dallas,Texas,75081,Central
CA-2015-145184,11/27/2015,11/29/2015,First Class,JD-16150,United States,Newark,Delaware,19711,East
CA-2017-106859,3/13/2017,3/18/2017,Second Class,BF-11215,United States,Albuquerque,New Mexico,87105,West
US-2017-120089,11/30/2017,11/30/2017,Same Day,ML-17755,United States,Toledo,Ohio,43615,East
CA-2014-119375,11/17/2014,11/22/2014,Standard Class,YC-21895,United States,Newark,Delaware,19711,East
CA-2016-125206,1/3/2016,1/5/2016,First Class,LR-16915,United States,Los Angeles,California,90045,West
CA-2015-126137,10/3/2015,10/8/2015,Standard Class,BS-11755,United States,Los Angeles,California,90032,West
CA-2014-143903,7/20/2014,7/24/2014,Standard Class,KM-16375,United States,Dallas,Texas,75217,Central
CA-2014-104780,5/21/2014,5/25/2014,Standard Class,BT-11530,United States,San Diego,California,92037,West
CA-2017-101182,9/4/2017,9/5/2017,First Class,KB-16405,United States,Apple Valley,California,92307,West
US-2017-132297,5/27/2017,6/2/2017,Standard Class,DW-13480,United States,Louisville,Kentucky,40214,South
CA-2014-100328,1/28/2014,2/3/2014,Standard Class,JC-15340,United States,New York City,New York,10024,East
CA-2017-118773,2/9/2017,2/14/2017,Standard Class,TP-21415,United States,Houston,Texas,77070,Central
US-2017-159205,3/31/2017,4/2/2017,Second Class,DB-12910,United States,Henderson,Kentucky,42420,South
CA-2016-112123,3/3/2016,3/8/2016,Standard Class,BH-11710,United States,Newark,Delaware,19711,East
CA-2015-114468,8/23/2015,8/23/2015,Same Day,TD-20995,United States,Bolingbrook,Illinois,60440,Central
CA-2017-135692,4/27/2017,5/1/2017,Standard Class,CV-12805,United States,Fort Worth,Texas,76106,Central
CA-2017-131233,4/14/2017,4/19/2017,Standard Class,CS-12355,United States,New York City,New York,10024,East
CA-2017-119578,12/22/2017,12/27/2017,Second Class,JG-15310,United States,Providence,Rhode Island,2908,East
CA-2016-124562,12/8/2016,12/12/2016,Standard Class,JP-16135,United States,Columbus,Ohio,43229,East
US-2017-140074,3/23/2017,3/29/2017,Standard Class,EC-14050,United States,New York City,New York,10024,East
CA-2016-103037,7/25/2016,7/29/2016,Standard Class,KH-16630,United States,Houston,Texas,77070,Central
CA-2017-127460,7/10/2017,7/14/2017,Standard Class,FG-14260,United States,Aurora,Illinois,60505,Central
CA-2016-121671,7/17/2016,7/22/2016,Standard Class,AA-10480,United States,Springfield,Missouri,65807,Central
CA-2016-150350,8/23/2016,8/30/2016,Standard Class,MS-17770,United States,Seattle,Washington,98105,West
CA-2015-121720,6/11/2015,6/12/2015,First Class,JE-15610,United States,Lakeland,Florida,33801,South
CA-2017-149895,9/8/2017,9/12/2017,Standard Class,EB-14110,United States,Philadelphia,Pennsylvania,19134,East
CA-2017-147564,10/2/2017,10/6/2017,Standard Class,BP-11155,United States,New York City,New York,10011,East
CA-2014-136399,12/16/2014,12/17/2014,First Class,CC-12100,United States,Los Angeles,California,90049,West
CA-2014-107916,8/24/2014,8/26/2014,First Class,JP-15460,United States,Oceanside,New York,11572,East
CA-2017-164168,11/12/2017,11/18/2017,Standard Class,LS-16975,United States,Dallas,Texas,75081,Central
CA-2015-112557,4/25/2015,4/28/2015,First Class,JL-15850,United States,New York City,New York,10035,East
US-2014-122959,12/12/2014,12/12/2014,Same Day,CY-12745,United States,San Antonio,Texas,78207,Central
CA-2017-162572,9/25/2017,9/27/2017,Second Class,RB-19360,United States,Cincinnati,Ohio,45231,East
US-2016-148110,9/5/2016,9/11/2016,Standard Class,AR-10825,United States,Austin,Texas,78745,Central
CA-2017-131828,2/11/2017,2/13/2017,Second Class,CS-11845,United States,Seattle,Washington,98105,West
CA-2014-109218,6/30/2014,7/3/2014,Second Class,AR-10825,United States,Los Angeles,California,90004,West
CA-2016-120558,6/7/2016,6/10/2016,First Class,RD-19810,United States,New York City,New York,10035,East
US-2014-109036,12/20/2014,12/25/2014,Standard Class,KH-16510,United States,Seattle,Washington,98103,West
CA-2015-147830,12/15/2015,12/18/2015,First Class,NF-18385,United States,Newark,Ohio,43055,East
CA-2017-150497,7/20/2017,7/24/2017,Standard Class,SM-20950,United States,Maple Grove,Minnesota,55369,Central
CA-2014-128986,8/3/2014,8/5/2014,Second Class,GH-14410,United States,Glendale,Arizona,85301,West
CA-2015-139584,8/24/2015,8/28/2015,Standard Class,EM-13810,United States,New York City,New York,10009,East
US-2016-162677,3/26/2016,3/27/2016,First Class,DB-13210,United States,Jacksonville,North Carolina,28540,South
US-2014-150924,9/12/2014,9/16/2014,Second Class,PT-19090,United States,Houston,Texas,77070,Central
CA-2014-153969,9/21/2014,9/25/2014,Standard Class,HF-14995,United States,San Francisco,California,94109,West
CA-2016-146682,10/29/2016,10/31/2016,First Class,KW-16435,United States,Lansing,Michigan,48911,Central
CA-2016-138695,5/28/2016,6/3/2016,Standard Class,KC-16675,United States,Tallahassee,Florida,32303,South
CA-2017-107461,12/21/2017,12/26/2017,Second Class,PK-19075,United States,Columbia,South Carolina,29203,South
US-2016-133879,3/21/2016,3/28/2016,Standard Class,KT-16465,United States,Chicago,Illinois,60623,Central
CA-2017-157483,11/11/2017,11/18/2017,Standard Class,EP-13915,United States,Detroit,Michigan,48227,Central
US-2017-132059,9/23/2017,9/29/2017,Standard Class,AP-10915,United States,Fort Collins,Colorado,80525,West
CA-2017-122280,9/10/2017,9/10/2017,Same Day,SH-20395,United States,New York City,New York,10024,East
CA-2017-105235,12/5/2017,12/11/2017,Standard Class,SM-20950,United States,New York City,New York,10011,East
CA-2017-152912,11/9/2017,11/12/2017,Second Class,BM-11650,United States,Columbia,Maryland,21044,East
CA-2014-123498,11/7/2014,11/9/2014,First Class,TC-20980,United States,Houston,Texas,77041,Central
CA-2017-159352,3/12/2017,3/17/2017,Standard Class,KB-16585,United States,Lowell,Massachusetts,1852,East
US-2017-146416,10/20/2017,10/22/2017,Second Class,JE-16165,United States,Woodland,California,95695,West
US-2015-163783,12/27/2015,1/1/2016,Standard Class,DR-12940,United States,Chicago,Illinois,60610,Central
CA-2017-123981,10/2/2017,10/8/2017,Standard Class,RW-19630,United States,New York City,New York,10035,East
CA-2017-158953,6/4/2017,6/8/2017,Standard Class,ML-18040,United States,Missouri City,Texas,77489,Central
CA-2014-165428,9/1/2014,9/4/2014,First Class,JL-15130,United States,Houston,Texas,77036,Central
CA-2016-169026,8/8/2016,8/13/2016,Standard Class,CM-12655,United States,Jackson,Mississippi,39212,South
CA-2017-109750,7/22/2017,7/28/2017,Standard Class,FH-14365,United States,New York City,New York,10009,East
CA-2015-149384,7/10/2015,7/10/2015,Same Day,EH-13945,United States,Tempe,Arizona,85281,West
CA-2014-131527,12/1/2014,12/7/2014,Standard Class,TB-21280,United States,Jacksonville,North Carolina,28540,South
CA-2017-164000,12/18/2017,12/22/2017,Standard Class,AH-10030,United States,Philadelphia,Pennsylvania,19134,East
CA-2014-164224,5/18/2014,5/20/2014,Second Class,TT-21070,United States,Akron,Ohio,44312,East
CA-2014-158372,11/10/2014,11/16/2014,Standard Class,RD-19900,United States,San Diego,California,92037,West
CA-2016-108882,1/9/2016,1/15/2016,Standard Class,LA-16780,United States,Fresno,California,93727,West
US-2017-108245,9/22/2017,9/27/2017,Standard Class,SH-19975,United States,Pearland,Texas,77581,Central
CA-2014-142314,12/23/2014,12/28/2014,Standard Class,SF-20200,United States,Richmond,Indiana,47374,Central
CA-2016-132409,5/26/2016,6/1/2016,Standard Class,TH-21235,United States,Philadelphia,Pennsylvania,19134,East
CA-2017-150189,7/8/2017,7/10/2017,First Class,VG-21790,United States,San Mateo,California,94403,West
CA-2014-114433,5/13/2014,5/17/2014,Standard Class,NP-18325,United States,Oakland,California,94601,West
CA-2017-104640,11/10/2017,11/16/2017,Standard Class,FH-14275,United States,New York City,New York,10024,East
US-2015-137008,10/2/2015,10/8/2015,Standard Class,JP-15460,United States,Lakewood,New Jersey,8701,East
CA-2014-108189,10/2/2014,10/5/2014,First Class,ES-14080,United States,Tempe,Arizona,85281,West
CA-2014-154641,8/11/2014,8/16/2014,Standard Class,KL-16645,United States,New York City,New York,10035,East
CA-2017-131625,9/1/2017,9/5/2017,Second Class,BN-11515,United States,New York City,New York,10009,East
US-2017-156356,4/16/2017,4/22/2017,Standard Class,ND-18370,United States,Houston,Texas,77095,Central
CA-2016-138933,4/24/2016,4/27/2016,First Class,JL-15130,United States,Riverside,California,92503,West
CA-2016-140746,1/15/2016,1/15/2016,Same Day,RC-19825,United States,Fairfield,Connecticut,6824,East
CA-2016-146836,5/2/2016,5/2/2016,Same Day,CC-12475,United States,New York City,New York,10024,East
US-2016-127971,11/20/2016,11/27/2016,Standard Class,DW-13195,United States,Houston,Texas,77095,Central
US-2016-140809,2/1/2016,2/3/2016,First Class,CK-12760,United States,Arlington,Virginia,22204,South
CA-2017-114524,3/31/2017,4/5/2017,Second Class,EG-13900,United States,Chicago,Illinois,60623,Central
CA-2017-113355,12/1/2017,12/5/2017,Standard Class,SJ-20215,United States,Grand Prairie,Texas,75051,Central
US-2017-140907,12/10/2017,12/12/2017,Second Class,BP-11185,United States,Seattle,Washington,98103,West
CA-2016-159730,9/17/2016,9/21/2016,Standard Class,SJ-20125,United States,Seattle,Washington,98103,West
CA-2016-157868,12/23/2016,12/29/2016,Standard Class,MC-17590,United States,Grand Rapids,Michigan,49505,Central
CA-2017-119389,4/17/2017,4/19/2017,First Class,BG-11740,United States,Philadelphia,Pennsylvania,19120,East
CA-2017-110373,10/27/2017,10/30/2017,Second Class,MA-17560,United States,Chicago,Illinois,60610,Central
CA-2016-155474,7/8/2016,7/14/2016,Standard Class,CC-12220,United States,Seattle,Washington,98105,West
CA-2015-155453,8/9/2015,8/14/2015,Standard Class,RA-19885,United States,Jacksonville,Florida,32216,South
US-2016-161844,12/9/2016,12/14/2016,Second Class,DK-12835,United States,Franklin,Tennessee,37064,South
US-2016-162103,11/13/2016,11/17/2016,Standard Class,LB-16795,United States,Highland Park,Illinois,60035,Central
CA-2014-151554,11/14/2014,11/15/2014,First Class,CM-11815,United States,Pasadena,Texas,77506,Central
CA-2014-140662,11/17/2014,11/19/2014,First Class,TS-21205,United States,San Francisco,California,94109,West
CA-2016-122518,3/4/2016,3/8/2016,Second Class,RF-19345,United States,Miami,Florida,33180,South
US-2014-126571,10/11/2014,10/15/2014,Standard Class,JF-15565,United States,Philadelphia,Pennsylvania,19120,East
CA-2014-143840,5/22/2014,5/29/2014,Standard Class,EH-14185,United States,Decatur,Alabama,35601,South
CA-2014-115980,7/15/2014,7/19/2014,Standard Class,VW-21775,United States,Sioux Falls,South Dakota,57103,Central
CA-2015-155145,12/27/2015,12/29/2015,Second Class,KN-16450,United States,Visalia,California,93277,West
CA-2015-146038,2/9/2015,2/16/2015,Standard Class,SJ-20215,United States,Los Angeles,California,90049,West
CA-2017-133865,5/8/2017,5/12/2017,Standard Class,PS-19045,United States,Los Angeles,California,90032,West
CA-2017-116358,11/2/2017,11/6/2017,Standard Class,KM-16225,United States,Overland Park,Kansas,66212,Central
CA-2014-102988,4/5/2014,4/9/2014,Second Class,GM-14695,United States,Alexandria,Virginia,22304,South
US-2014-117170,9/17/2014,9/24/2014,Standard Class,KT-16465,United States,Raleigh,North Carolina,27604,South
CA-2014-159478,9/30/2014,10/6/2014,Standard Class,MH-17785,United States,New York City,New York,10035,East
CA-2014-103702,9/12/2014,9/17/2014,Standard Class,AF-10885,United States,Fairfield,Ohio,45014,East
CA-2017-150525,2/20/2017,2/25/2017,Standard Class,JP-16135,United States,Muskogee,Oklahoma,74403,Central
CA-2015-157770,12/13/2015,12/15/2015,First Class,RD-19585,United States,Temecula,California,92592,West
CA-2016-167290,10/30/2016,11/4/2016,Standard Class,JF-15295,United States,Sterling Heights,Michigan,48310,Central
CA-2014-106264,12/26/2014,12/30/2014,Standard Class,CK-12595,United States,San Diego,California,92024,West
CA-2014-138023,8/15/2014,8/18/2014,First Class,KH-16510,United States,Dallas,Texas,75081,Central
CA-2017-113418,10/1/2017,10/3/2017,First Class,CM-12655,United States,New York City,New York,10035,East
US-2015-110569,5/23/2015,5/30/2015,Standard Class,EB-13870,United States,Phoenix,Arizona,85023,West
CA-2017-136308,11/16/2017,11/16/2017,Same Day,MW-18235,United States,San Francisco,California,94122,West
US-2014-159926,11/18/2014,11/22/2014,Standard Class,CS-11950,United States,Philadelphia,Pennsylvania,19140,East
CA-2014-104738,12/30/2014,1/1/2015,Second Class,SP-20620,United States,Laredo,Texas,78041,Central
CA-2015-144386,11/5/2015,11/11/2015,Standard Class,GT-14635,United States,New York City,New York,10009,East
CA-2016-111416,9/17/2016,9/22/2016,Standard Class,LW-17215,United States,New York City,New York,10035,East
CA-2016-162747,3/20/2016,3/25/2016,Second Class,AH-10030,United States,Gulfport,Mississippi,39503,South
US-2014-133130,9/27/2014,10/1/2014,Standard Class,TH-21100,United States,San Diego,California,92037,West
CA-2017-169978,12/24/2017,12/28/2017,Standard Class,HG-15025,United States,Oceanside,New York,11572,East
CA-2017-161739,11/10/2017,11/15/2017,Second Class,EB-13750,United States,Round Rock,Texas,78664,Central
CA-2015-165057,9/11/2015,9/15/2015,Standard Class,SC-20725,United States,Redlands,California,92374,West
CA-2014-134551,12/20/2014,12/25/2014,Standard Class,TS-21505,United States,Columbia,Tennessee,38401,South
CA-2015-120810,7/23/2015,7/27/2015,Standard Class,TH-21550,United States,New York City,New York,10009,East
CA-2014-165309,11/11/2014,11/15/2014,Standard Class,KD-16270,United States,Houston,Texas,77095,Central
CA-2017-122595,12/14/2017,12/20/2017,Standard Class,GM-14455,United States,Chicago,Illinois,60653,Central
US-2017-109253,8/21/2017,8/22/2017,First Class,PR-18880,United States,Oakland,California,94601,West
CA-2016-145982,8/27/2016,9/1/2016,Second Class,TB-21055,United States,Quincy,Massachusetts,2169,East
CA-2015-112014,8/13/2015,8/20/2015,Standard Class,ON-18715,United States,Yucaipa,California,92399,West
CA-2017-154732,11/5/2017,11/7/2017,First Class,AH-10195,United States,Chicago,Illinois,60623,Central
US-2016-157308,8/17/2016,8/21/2016,Standard Class,NM-18520,United States,Seattle,Washington,98105,West
CA-2016-147536,12/26/2016,12/31/2016,Standard Class,AR-10510,United States,New York City,New York,10024,East
US-2014-134733,9/23/2014,9/28/2014,Standard Class,BM-11650,United States,San Diego,California,92037,West
US-2014-150434,7/19/2014,7/24/2014,Standard Class,CA-12310,United States,Bristol,Connecticut,6010,East
CA-2017-100335,9/7/2017,9/13/2017,Standard Class,NF-18595,United States,Chicago,Illinois,60610,Central
CA-2016-139234,5/6/2016,5/10/2016,Standard Class,AF-10870,United States,Chicago,Illinois,60610,Central
US-2015-142020,6/4/2015,6/8/2015,Second Class,TC-21535,United States,New York City,New York,10024,East
CA-2015-139962,12/13/2015,12/20/2015,Standard Class,Dp-13240,United States,Revere,Massachusetts,2151,East
CA-2016-130050,7/16/2016,7/18/2016,Second Class,MC-17425,United States,Houston,Texas,77036,Central
CA-2014-115161,1/31/2014,2/2/2014,First Class,LC-17050,United States,Mission Viejo,California,92691,West
CA-2014-165379,7/9/2014,7/15/2014,Standard Class,BM-11650,United States,Dallas,Texas,75217,Central
CA-2015-115511,11/21/2015,11/25/2015,Standard Class,NW-18400,United States,Las Vegas,Nevada,89115,West
CA-2016-134887,3/25/2016,3/25/2016,Same Day,TB-21280,United States,Norman,Oklahoma,73071,Central
CA-2017-123778,9/23/2017,9/30/2017,Standard Class,BS-11755,United States,San Francisco,California,94122,West
CA-2015-161718,12/4/2015,12/10/2015,Standard Class,SO-20335,United States,Hempstead,New York,11550,East
CA-2016-100671,11/1/2016,11/4/2016,First Class,CS-12490,United States,Conroe,Texas,77301,Central
CA-2017-142867,3/17/2017,3/21/2017,Standard Class,PO-19180,United States,Houston,Texas,77095,Central
CA-2017-103156,11/23/2017,11/24/2017,First Class,TD-20995,United States,Philadelphia,Pennsylvania,19120,East
US-2017-162208,8/27/2017,8/30/2017,First Class,SP-20620,United States,Tampa,Florida,33614,South
CA-2015-130659,12/4/2015,12/9/2015,Second Class,MS-17365,United States,New York City,New York,10035,East
CA-2017-148404,10/7/2017,10/11/2017,Standard Class,Dp-13240,United States,Charlotte,North Carolina,28205,South
CA-2017-101077,3/25/2017,3/30/2017,Second Class,DB-13660,United States,Dallas,Texas,75081,Central
CA-2014-166471,8/9/2014,8/13/2014,Standard Class,MG-17650,United States,Seattle,Washington,98103,West
CA-2014-105340,11/22/2014,11/25/2014,First Class,EH-14185,United States,Pasadena,Texas,77506,Central
US-2017-131583,6/10/2017,6/10/2017,Same Day,CL-11890,United States,Philadelphia,Pennsylvania,19143,East
US-2017-148362,7/1/2017,7/8/2017,Standard Class,KF-16285,United States,Indianapolis,Indiana,46203,Central
CA-2014-102274,11/21/2014,11/26/2014,Standard Class,DH-13075,United States,Richmond,Kentucky,40475,South
CA-2015-129700,5/4/2015,5/5/2015,First Class,LA-16780,United States,Tinley Park,Illinois,60477,Central
CA-2017-168739,5/29/2017,6/5/2017,Standard Class,HZ-14950,United States,Houston,Texas,77095,Central
CA-2015-152527,10/17/2015,10/17/2015,Same Day,CM-12190,United States,Los Angeles,California,90004,West
US-2014-150119,4/23/2014,4/27/2014,Standard Class,LB-16795,United States,Columbus,Ohio,43229,East
US-2017-150847,4/30/2017,5/6/2017,Standard Class,JF-15490,United States,Columbus,Ohio,43229,East
CA-2016-100244,9/20/2016,9/24/2016,Standard Class,GM-14695,United States,San Francisco,California,94122,West
CA-2016-116540,9/2/2016,9/2/2016,Same Day,SS-20590,United States,Madison,Wisconsin,53711,Central
CA-2015-151841,4/27/2015,5/2/2015,Standard Class,TC-21475,United States,Aurora,Colorado,80013,West
CA-2015-150791,9/6/2015,9/13/2015,Standard Class,CC-12430,United States,New York City,New York,10024,East
CA-2016-134803,5/28/2016,6/3/2016,Standard Class,CL-12565,United States,Los Angeles,California,90004,West
CA-2015-153381,9/24/2015,9/28/2015,Standard Class,DE-13255,United States,Dubuque,Iowa,52001,Central
US-2017-111024,7/3/2017,7/6/2017,Second Class,SZ-20035,United States,Lancaster,Ohio,43130,East
CA-2017-148264,12/8/2017,12/9/2017,First Class,LF-17185,United States,Inglewood,California,90301,West
CA-2017-131212,12/5/2017,12/9/2017,Standard Class,AB-10165,United States,Bellevue,Washington,98006,West
US-2015-100531,9/27/2015,9/29/2015,First Class,NM-18520,United States,Chicago,Illinois,60610,Central
CA-2017-152583,10/30/2017,10/30/2017,Same Day,RA-19945,United States,Dallas,Texas,75217,Central
CA-2015-144099,11/29/2015,11/30/2015,Same Day,PO-19195,United States,San Francisco,California,94122,West
CA-2014-158337,3/11/2014,3/14/2014,Second Class,KA-16525,United States,New York City,New York,10024,East
CA-2017-168858,11/19/2017,11/23/2017,Standard Class,JD-16150,United States,New York City,New York,10011,East
CA-2016-116344,7/29/2016,8/2/2016,Standard Class,JO-15145,United States,Philadelphia,Pennsylvania,19140,East
CA-2015-131779,6/12/2015,6/17/2015,Standard Class,LE-16810,United States,Newark,Delaware,19711,East
CA-2016-158869,8/6/2016,8/7/2016,First Class,AH-10690,United States,New York City,New York,10024,East
CA-2017-102554,6/11/2017,6/15/2017,Standard Class,KN-16705,United States,Auburn,Alabama,36830,South
CA-2016-162614,10/7/2016,10/13/2016,Standard Class,TB-21250,United States,Los Angeles,California,90049,West
CA-2014-168592,9/8/2014,9/14/2014,Standard Class,DP-13390,United States,San Francisco,California,94110,West
CA-2014-157609,3/16/2014,3/21/2014,Second Class,KN-16705,United States,Raleigh,North Carolina,27604,South
CA-2015-153325,3/1/2015,3/2/2015,Second Class,ST-20530,United States,Macon,Georgia,31204,South
CA-2015-153626,7/9/2015,7/14/2015,Standard Class,EB-13870,United States,Nashville,Tennessee,37211,South
CA-2016-166485,2/20/2016,2/27/2016,Standard Class,AH-10210,United States,Nashville,Tennessee,37211,South
CA-2017-136448,9/16/2017,9/18/2017,First Class,AS-10090,United States,Philadelphia,Pennsylvania,19143,East
CA-2017-114258,11/5/2017,11/10/2017,Second Class,EM-13825,United States,Dallas,Texas,75081,Central
CA-2015-152611,2/20/2015,2/23/2015,Second Class,KA-16525,United States,Perth Amboy,New Jersey,8861,East
CA-2016-165470,11/25/2016,11/30/2016,Standard Class,HJ-14875,United States,Jacksonville,Florida,32216,South
CA-2017-128699,12/3/2017,12/5/2017,Second Class,ND-18370,United States,Jacksonville,Florida,32216,South
US-2015-147242,9/10/2015,9/14/2015,Standard Class,EH-13765,United States,Revere,Massachusetts,2151,East
CA-2016-146143,12/14/2016,12/19/2016,Standard Class,MC-17845,United States,Jackson,Mississippi,39212,South
CA-2015-100888,4/6/2015,4/10/2015,Standard Class,MH-17455,United States,Jacksonville,North Carolina,28540,South
US-2016-150035,12/1/2016,12/5/2016,Standard Class,CL-11890,United States,San Francisco,California,94122,West
CA-2017-122644,11/12/2017,11/17/2017,Standard Class,SF-20965,United States,Columbus,Ohio,43229,East
CA-2017-111815,3/3/2017,3/10/2017,Standard Class,EP-13915,United States,Dearborn Heights,Michigan,48127,Central
CA-2016-144911,11/27/2016,11/30/2016,First Class,RW-19630,United States,Overland Park,Kansas,66212,Central
CA-2014-143385,8/31/2014,9/5/2014,Standard Class,SJ-20500,United States,Santa Fe,New Mexico,87505,West
CA-2016-131289,12/8/2016,12/14/2016,Standard Class,SP-20620,United States,San Francisco,California,94110,West
CA-2014-124023,4/7/2014,4/10/2014,First Class,PJ-19015,United States,Mobile,Alabama,36608,South
CA-2014-124688,8/27/2014,8/29/2014,First Class,CC-12610,United States,Springfield,Virginia,22153,South
CA-2016-151169,10/21/2016,10/26/2016,Standard Class,MY-18295,United States,Newark,Delaware,19711,East
US-2016-134761,11/30/2016,11/30/2016,Same Day,DB-13210,United States,Hickory,North Carolina,28601,South
CA-2017-120705,9/5/2017,9/11/2017,Standard Class,MG-17875,United States,Fort Lauderdale,Florida,33311,South
CA-2015-157322,7/2/2015,7/6/2015,Standard Class,RH-19600,United States,Carol Stream,Illinois,60188,Central
CA-2017-142034,9/24/2017,9/28/2017,Standard Class,KB-16240,United States,Saint Cloud,Minnesota,56301,Central
CA-2016-107328,8/8/2016,8/15/2016,Standard Class,CA-12055,United States,Los Angeles,California,90036,West
CA-2016-108616,9/29/2016,10/3/2016,Standard Class,JK-15730,United States,Mobile,Alabama,36608,South
CA-2017-125115,4/10/2017,4/10/2017,Same Day,RD-19930,United States,Austin,Texas,78745,Central
CA-2016-150945,12/18/2016,12/20/2016,Second Class,JK-16120,United States,New York City,New York,10009,East
CA-2014-166863,6/20/2014,6/24/2014,Standard Class,SC-20020,United States,Plano,Texas,75023,Central
CA-2017-140326,9/4/2017,9/6/2017,First Class,HW-14935,United States,Chicago,Illinois,60653,Central
CA-2016-168536,12/20/2016,12/24/2016,Standard Class,SC-20800,United States,Jackson,Mississippi,39212,South
US-2016-113649,8/9/2016,8/12/2016,First Class,HA-14920,United States,Fayetteville,North Carolina,28314,South
CA-2015-124975,6/22/2015,6/25/2015,First Class,MG-17875,United States,Aurora,Illinois,60505,Central
CA-2015-168767,4/10/2015,4/15/2015,Standard Class,DM-12955,United States,Sacramento,California,95823,West
CA-2016-114482,11/21/2016,11/25/2016,Second Class,DM-13345,United States,Des Moines,Iowa,50315,Central
CA-2016-137673,9/5/2016,9/10/2016,Standard Class,ML-17395,United States,San Diego,California,92105,West
CA-2016-132731,11/24/2016,11/28/2016,Standard Class,GA-14515,United States,Dallas,Texas,75081,Central
CA-2017-148922,12/10/2017,12/15/2017,Second Class,SU-20665,United States,Jackson,Mississippi,39212,South
CA-2016-130680,6/24/2016,6/29/2016,Standard Class,BD-11320,United States,San Diego,California,92024,West
CA-2015-141145,9/17/2015,9/23/2015,Standard Class,DB-13405,United States,Orlando,Florida,32839,South
US-2016-152835,5/19/2016,5/23/2016,Standard Class,RP-19855,United States,Lafayette,Indiana,47905,Central
CA-2016-155565,5/28/2016,5/28/2016,Same Day,EH-13765,United States,New York City,New York,10035,East
CA-2014-110849,4/18/2014,4/23/2014,Standard Class,JL-15835,United States,Los Angeles,California,90049,West
CA-2016-145842,6/17/2016,6/20/2016,Second Class,FM-14380,United States,New York City,New York,10024,East
CA-2014-158771,5/9/2014,5/9/2014,Same Day,SB-20290,United States,Henderson,Kentucky,42420,South
CA-2016-157511,9/18/2016,9/20/2016,First Class,SV-20365,United States,Columbus,Ohio,43229,East
CA-2017-121216,12/23/2017,12/25/2017,Second Class,MM-17920,United States,College Station,Texas,77840,Central
CA-2017-155292,10/30/2017,11/1/2017,First Class,RD-19810,United States,Richmond,Kentucky,40475,South
CA-2016-152555,3/29/2016,4/2/2016,Second Class,ME-17320,United States,Chicago,Illinois,60653,Central
CA-2017-107832,11/23/2017,11/26/2017,Second Class,FH-14275,United States,Philadelphia,Pennsylvania,19120,East
CA-2014-120838,3/23/2014,3/26/2014,Second Class,PO-18865,United States,Los Angeles,California,90036,West
CA-2017-118542,12/1/2017,12/5/2017,Standard Class,CC-12550,United States,Los Angeles,California,90008,West
CA-2017-152737,11/7/2017,11/12/2017,Standard Class,TS-21505,United States,San Francisco,California,94122,West
CA-2017-109757,9/4/2017,9/9/2017,Second Class,MD-17350,United States,Akron,Ohio,44312,East
CA-2016-130029,7/3/2016,7/6/2016,First Class,GT-14755,United States,Los Angeles,California,90049,West
CA-2017-103877,9/7/2017,9/14/2017,Standard Class,RD-19660,United States,Independence,Missouri,64055,Central
CA-2016-137176,9/9/2016,9/14/2016,Second Class,DB-12910,United States,Dallas,Texas,75220,Central
CA-2017-168109,7/3/2017,7/3/2017,Same Day,JK-15640,United States,Seattle,Washington,98105,West
US-2017-126081,6/29/2017,7/4/2017,Standard Class,FC-14335,United States,Mesquite,Texas,75150,Central
CA-2017-117023,8/7/2017,8/12/2017,Standard Class,JW-15955,United States,Long Beach,New York,11561,East
CA-2015-143532,3/19/2015,3/24/2015,Standard Class,DC-12850,United States,North Miami,Florida,33161,South
CA-2016-103163,6/7/2016,6/11/2016,Standard Class,FM-14290,United States,Bakersfield,California,93309,West
CA-2016-104157,7/25/2016,7/29/2016,Standard Class,MT-17815,United States,Jackson,Mississippi,39212,South
CA-2017-117807,10/1/2017,10/7/2017,Standard Class,DK-13090,United States,Fremont,Nebraska,68025,Central
CA-2015-121650,12/10/2015,12/16/2015,Standard Class,KD-16495,United States,Jackson,Michigan,49201,Central
CA-2017-161823,9/3/2017,9/8/2017,Standard Class,AG-10300,United States,San Francisco,California,94122,West
CA-2017-121839,9/24/2017,9/28/2017,Standard Class,MH-18115,United States,Lancaster,Ohio,43130,East
CA-2017-158729,12/19/2017,12/21/2017,First Class,AC-10450,United States,Lafayette,Louisiana,70506,South
CA-2017-146535,11/24/2017,11/30/2017,Standard Class,FM-14290,United States,Richmond,Kentucky,40475,South
CA-2014-154186,12/13/2014,12/15/2014,Second Class,RA-19285,United States,Houston,Texas,77070,Central
CA-2016-108434,12/5/2016,12/7/2016,Second Class,JG-15160,United States,New York City,New York,10024,East
CA-2016-164154,9/11/2016,9/17/2016,Standard Class,NZ-18565,United States,Toledo,Ohio,43615,East
CA-2017-148012,12/9/2017,12/15/2017,Standard Class,KM-16225,United States,Philadelphia,Pennsylvania,19143,East
CA-2014-102869,9/9/2014,9/14/2014,Second Class,LC-17140,United States,Philadelphia,Pennsylvania,19140,East
CA-2017-138310,6/26/2017,6/30/2017,Standard Class,NP-18700,United States,Denver,Colorado,80219,West
CA-2014-159835,11/17/2014,11/24/2014,Standard Class,RB-19330,United States,Philadelphia,Pennsylvania,19143,East
CA-2017-112956,8/21/2017,8/27/2017,Standard Class,TH-21550,United States,Columbia,Maryland,21044,East
CA-2016-119683,3/12/2016,3/16/2016,Second Class,CK-12595,United States,New York City,New York,10024,East
CA-2014-163559,9/23/2014,9/28/2014,Second Class,ST-20530,United States,New York City,New York,10035,East
CA-2014-140228,4/28/2014,5/3/2014,Standard Class,GB-14530,United States,Newark,Ohio,43055,East
US-2016-131674,11/29/2016,12/1/2016,Second Class,NC-18535,United States,Dallas,Texas,75217,Central
CA-2015-110093,12/3/2015,12/8/2015,Standard Class,AB-10255,United States,Philadelphia,Pennsylvania,19134,East
CA-2017-112529,11/19/2017,11/21/2017,First Class,SC-20770,United States,San Antonio,Texas,78207,Central
CA-2016-154536,9/5/2016,9/9/2016,Standard Class,JC-15340,United States,Philadelphia,Pennsylvania,19120,East
CA-2017-141929,9/4/2017,9/8/2017,Standard Class,RA-19285,United States,Los Angeles,California,90004,West
CA-2016-109743,9/22/2016,9/29/2016,Standard Class,SH-19975,United States,Smyrna,Tennessee,37167,South
CA-2014-159184,9/14/2014,9/19/2014,Standard Class,JC-15775,United States,Macon,Georgia,31204,South
CA-2017-113530,5/19/2017,5/21/2017,Second Class,BC-11125,United States,San Francisco,California,94109,West
CA-2014-169726,8/9/2014,8/13/2014,Standard Class,JH-15985,United States,Seattle,Washington,98103,West
CA-2017-155957,11/26/2017,11/30/2017,Standard Class,CC-12610,United States,Columbus,Ohio,43229,East
CA-2017-132178,5/3/2017,5/8/2017,Second Class,DB-12970,United States,Los Angeles,California,90004,West
CA-2016-145177,11/10/2016,11/14/2016,Standard Class,PP-18955,United States,Springfield,Ohio,45503,East
CA-2014-156594,12/20/2014,12/23/2014,Second Class,MC-17845,United States,Los Angeles,California,90008,West
CA-2014-146528,7/25/2014,7/27/2014,Second Class,VF-21715,United States,Los Angeles,California,90045,West
CA-2015-168459,11/22/2015,11/27/2015,Standard Class,MC-17275,United States,Memphis,Tennessee,38109,South
CA-2017-109960,12/9/2017,12/11/2017,Second Class,DB-13210,United States,Detroit,Michigan,48234,Central
CA-2017-133004,8/31/2017,9/5/2017,Standard Class,AJ-10945,United States,Lawrence,Indiana,46226,Central
CA-2017-168102,4/24/2017,4/30/2017,Standard Class,CP-12340,United States,Jacksonville,Florida,32216,South
CA-2017-158036,9/8/2017,9/14/2017,Standard Class,DB-13555,United States,Dublin,Ohio,43017,East
CA-2015-128083,3/12/2015,3/17/2015,Standard Class,EB-13750,United States,Plantation,Florida,33317,South
CA-2016-161676,7/18/2016,7/23/2016,Standard Class,JP-15460,United States,Glendale,Arizona,85301,West
CA-2016-155005,6/13/2016,6/15/2016,Second Class,SC-20050,United States,Jackson,Michigan,49201,Central
US-2017-129777,7/3/2017,7/9/2017,Standard Class,FM-14290,United States,Quincy,Massachusetts,2169,East
CA-2014-129364,12/8/2014,12/13/2014,Standard Class,TB-21250,United States,Salem,Oregon,97301,West
CA-2016-104969,4/8/2016,4/14/2016,Standard Class,EH-14125,United States,Troy,Ohio,45373,East
CA-2017-154109,11/6/2017,11/11/2017,Standard Class,ML-17410,United States,Philadelphia,Pennsylvania,19143,East
CA-2015-156440,12/5/2015,12/9/2015,Standard Class,MH-17620,United States,San Diego,California,92105,West
CA-2015-132626,7/9/2015,7/14/2015,Standard Class,BT-11680,United States,Clinton,Maryland,20735,East
CA-2016-102792,12/13/2016,12/19/2016,Standard Class,JC-15340,United States,Riverside,California,92503,West
CA-2016-108567,5/20/2016,5/24/2016,Standard Class,DB-13210,United States,Port Saint Lucie,Florida,34952,South
CA-2017-140760,6/2/2017,6/5/2017,Second Class,DO-13435,United States,Mesa,Arizona,85204,West
US-2015-131359,10/30/2015,11/2/2015,Second Class,FA-14230,United States,Denver,Colorado,80219,West
CA-2016-142097,10/15/2016,10/20/2016,Standard Class,QJ-19255,United States,Springfield,Virginia,22153,South
CA-2015-151680,11/19/2015,11/21/2015,Second Class,TC-21475,United States,Seattle,Washington,98115,West
CA-2014-140039,9/13/2014,9/17/2014,Standard Class,ON-18715,United States,Tempe,Arizona,85281,West
CA-2017-160416,11/13/2017,11/18/2017,Second Class,AD-10180,United States,Yonkers,New York,10701,East
CA-2017-169411,12/24/2017,12/29/2017,Standard Class,AC-10615,United States,Rochester,New York,14609,East
CA-2016-126543,1/9/2016,1/13/2016,Second Class,MF-17665,United States,Toledo,Ohio,43615,East
CA-2015-104941,6/13/2015,6/19/2015,Standard Class,DH-13075,United States,Decatur,Alabama,35601,South
CA-2017-160087,3/18/2017,3/22/2017,Standard Class,EN-13780,United States,Dallas,Texas,75220,Central
CA-2014-120544,11/23/2014,11/27/2014,Standard Class,SS-20140,United States,Mesquite,Texas,75150,Central
CA-2017-113670,10/15/2017,10/17/2017,First Class,RS-19765,United States,Los Angeles,California,90045,West
CA-2017-166198,4/21/2017,4/24/2017,First Class,JW-15955,United States,Seattle,Washington,98103,West
CA-2014-135608,12/8/2014,12/10/2014,Second Class,JK-15625,United States,Olympia,Washington,98502,West
CA-2017-144568,5/29/2017,6/2/2017,Standard Class,JO-15550,United States,Omaha,Nebraska,68104,Central
CA-2016-142370,9/19/2016,9/23/2016,Standard Class,TP-21130,United States,Columbus,Georgia,31907,South
CA-2016-105900,9/17/2016,9/23/2016,Standard Class,BS-11590,United States,Columbus,Indiana,47201,Central
CA-2016-151155,12/20/2016,12/24/2016,Standard Class,AB-10255,United States,Jackson,Mississippi,39212,South
CA-2017-144036,11/22/2017,11/26/2017,Standard Class,FO-14305,United States,Houston,Texas,77070,Central
US-2014-169789,12/30/2014,1/4/2015,Standard Class,MF-17665,United States,Phoenix,Arizona,85023,West
CA-2017-127264,4/3/2017,4/5/2017,First Class,SA-20830,United States,Chicago,Illinois,60653,Central
CA-2016-151512,12/26/2016,1/2/2017,Standard Class,SH-19975,United States,Denver,Colorado,80219,West
CA-2016-165169,6/5/2016,6/11/2016,Standard Class,JL-15235,United States,Newark,Delaware,19711,East
CA-2015-109575,9/18/2015,9/23/2015,Standard Class,KH-16630,United States,Clinton,Maryland,20735,East
CA-2017-168193,3/6/2017,3/11/2017,Second Class,RM-19750,United States,New York City,New York,10011,East
CA-2016-115476,3/17/2016,3/17/2016,Same Day,VM-21835,United States,Newark,Delaware,19711,East
CA-2016-133340,12/9/2016,12/13/2016,Standard Class,LH-17155,United States,Jackson,Michigan,49201,Central
CA-2016-137848,1/15/2016,1/21/2016,Standard Class,WB-21850,United States,New York City,New York,10011,East
CA-2014-113047,10/24/2014,10/24/2014,Same Day,AP-10915,United States,Rock Hill,South Carolina,29730,South
CA-2016-149979,9/23/2016,9/28/2016,Second Class,RA-19915,United States,Columbus,Georgia,31907,South
CA-2017-161956,8/27/2017,8/29/2017,Second Class,DR-12880,United States,Inglewood,California,90301,West
CA-2016-116799,3/3/2016,3/6/2016,First Class,JG-15310,United States,Odessa,Texas,79762,Central
CA-2016-111283,2/29/2016,3/4/2016,Standard Class,LC-16870,United States,Newark,Ohio,43055,East
CA-2015-167745,9/18/2015,9/23/2015,Standard Class,GB-14530,United States,Los Angeles,California,90049,West
CA-2017-104577,5/12/2017,5/17/2017,Standard Class,CK-12205,United States,Everett,Massachusetts,2149,East
CA-2016-156251,8/13/2016,8/18/2016,Second Class,TS-21160,United States,West Allis,Wisconsin,53214,Central
CA-2017-125878,2/25/2017,3/2/2017,Standard Class,MH-18025,United States,Chicago,Illinois,60623,Central
CA-2016-163153,3/21/2016,3/25/2016,Standard Class,DM-12955,United States,Houston,Texas,77036,Central
CA-2015-103205,12/8/2015,12/10/2015,Second Class,JJ-15760,United States,Houston,Texas,77036,Central
CA-2014-153913,12/16/2014,12/20/2014,Second Class,KB-16585,United States,Hialeah,Florida,33012,South
CA-2016-155530,12/17/2016,12/21/2016,Standard Class,CM-12160,United States,San Francisco,California,94122,West
US-2016-101196,5/12/2016,5/17/2016,Standard Class,FM-14215,United States,Philadelphia,Pennsylvania,19140,East
CA-2014-115357,8/6/2014,8/11/2014,Second Class,RF-19735,United States,Columbia,South Carolina,29203,South
US-2014-102715,4/11/2014,4/13/2014,Second Class,JK-15370,United States,Miami,Florida,33180,South
CA-2015-107937,5/3/2015,5/8/2015,Standard Class,JB-16045,United States,Chula Vista,California,91911,West
US-2017-148768,11/30/2017,12/2/2017,Second Class,PN-18775,United States,Miami,Florida,33180,South
CA-2017-118521,2/16/2017,2/20/2017,Standard Class,LF-17185,United States,New York City,New York,10035,East
CA-2014-149643,11/16/2014,11/20/2014,Standard Class,RH-19510,United States,Manhattan,Kansas,66502,Central
CA-2015-135314,7/9/2015,7/14/2015,Second Class,MC-17575,United States,Philadelphia,Pennsylvania,19120,East
CA-2017-165204,11/13/2017,11/16/2017,Second Class,MN-17935,United States,Memphis,Tennessee,38109,South
CA-2017-125752,7/31/2017,8/4/2017,Standard Class,EH-14125,United States,Fort Lauderdale,Florida,33311,South
CA-2017-112487,12/26/2017,12/30/2017,Standard Class,TC-21535,United States,Columbus,Ohio,43229,East
CA-2016-144218,10/31/2016,11/4/2016,Standard Class,JD-15895,United States,Los Angeles,California,90045,West
CA-2016-169971,9/4/2016,9/9/2016,Standard Class,IL-15100,United States,Houston,Texas,77041,Central
US-2016-133508,4/17/2016,4/21/2016,Standard Class,SW-20350,United States,Omaha,Nebraska,68104,Central
CA-2014-107139,7/5/2014,7/11/2014,Standard Class,DP-13390,United States,Los Angeles,California,90004,West
CA-2015-111325,2/27/2015,2/28/2015,First Class,BT-11395,United States,Altoona,Pennsylvania,16602,East
CA-2015-163762,11/27/2015,12/1/2015,Standard Class,JE-15475,United States,New York City,New York,10024,East
US-2014-117163,1/27/2014,2/2/2014,Standard Class,EJ-13720,United States,San Diego,California,92037,West
CA-2017-121314,9/23/2017,9/26/2017,First Class,BE-11410,United States,Miami,Florida,33178,South
CA-2017-147760,11/4/2017,11/5/2017,First Class,KL-16555,United States,Greensboro,North Carolina,27405,South
CA-2016-156503,10/14/2016,10/20/2016,Standard Class,NC-18415,United States,Jacksonville,North Carolina,28540,South
CA-2015-113628,11/12/2015,11/19/2015,Standard Class,AH-10690,United States,Plantation,Florida,33317,South
CA-2017-147753,3/5/2017,3/5/2017,Same Day,PK-19075,United States,Milwaukee,Wisconsin,53209,Central
CA-2015-103961,11/5/2015,11/9/2015,Standard Class,NG-18430,United States,Quincy,Illinois,62301,Central
CA-2016-152471,7/8/2016,7/8/2016,Same Day,ZD-21925,United States,Jacksonville,Florida,32216,South
CA-2015-102582,9/15/2015,9/19/2015,Standard Class,NW-18400,United States,Mobile,Alabama,36608,South
CA-2017-141873,10/9/2017,10/14/2017,Standard Class,HG-14845,United States,New York City,New York,10024,East
CA-2015-140984,9/14/2015,9/18/2015,Standard Class,CC-12685,United States,New York City,New York,10011,East
CA-2014-132801,10/7/2014,10/12/2014,Standard Class,JG-15805,United States,Dallas,Texas,75217,Central
CA-2017-141733,5/7/2017,5/11/2017,Standard Class,RW-19540,United States,Detroit,Michigan,48234,Central
US-2015-111927,11/14/2015,11/19/2015,Standard Class,LS-17230,United States,Dover,Delaware,19901,East
CA-2014-105984,11/24/2014,11/24/2014,Same Day,MY-18295,United States,Columbus,Ohio,43229,East
CA-2014-100363,4/8/2014,4/15/2014,Standard Class,JM-15655,United States,Glendale,Arizona,85301,West
CA-2014-126760,7/26/2014,8/2/2014,Standard Class,KM-16720,United States,North Las Vegas,Nevada,89031,West
US-2014-109162,6/8/2014,6/12/2014,Standard Class,KE-16420,United States,Bristol,Tennessee,37620,South
CA-2014-101931,10/28/2014,10/31/2014,First Class,TS-21370,United States,Los Angeles,California,90049,West
CA-2017-129000,11/25/2017,11/27/2017,Second Class,SZ-20035,United States,Canton,Michigan,48187,Central
CA-2017-161053,9/22/2017,9/23/2017,First Class,JE-15745,United States,Fayetteville,Arkansas,72701,South
CA-2015-142377,12/4/2015,12/9/2015,Standard Class,MS-17980,United States,Springfield,Missouri,65807,Central
CA-2015-127593,9/21/2015,9/21/2015,Same Day,DH-13675,United States,Quincy,Massachusetts,2169,East
CA-2017-130526,11/26/2017,11/29/2017,First Class,GT-14755,United States,Rockford,Illinois,61107,Central
US-2017-131849,6/6/2017,6/10/2017,Standard Class,GH-14410,United States,San Francisco,California,94122,West
US-2017-105389,10/23/2017,10/28/2017,Second Class,DM-13015,United States,San Antonio,Texas,78207,Central
CA-2014-140816,12/20/2014,12/20/2014,Same Day,TC-21295,United States,Thornton,Colorado,80229,West
CA-2017-154039,2/17/2017,2/22/2017,Standard Class,JK-16120,United States,Chicago,Illinois,60653,Central
CA-2014-135755,5/3/2014,5/10/2014,Standard Class,NC-18415,United States,Yonkers,New York,10701,East
CA-2017-123246,10/17/2017,10/19/2017,Second Class,AJ-10960,United States,San Diego,California,92037,West
CA-2015-157133,11/28/2015,12/3/2015,Standard Class,LC-16885,United States,Champaign,Illinois,61821,Central
CA-2014-124709,7/27/2014,7/29/2014,Second Class,GW-14605,United States,San Francisco,California,94122,West
CA-2017-146360,4/23/2017,4/25/2017,Second Class,SC-20305,United States,Lawrence,Indiana,46226,Central
CA-2015-132486,10/23/2015,10/27/2015,Second Class,JF-15355,United States,San Diego,California,92105,West
CA-2016-136231,9/5/2016,9/7/2016,Second Class,DM-13015,United States,Johnson City,Tennessee,37604,South
CA-2016-140641,10/28/2016,11/2/2016,Standard Class,EP-13915,United States,Tampa,Florida,33614,South
CA-2014-151001,4/5/2014,4/7/2014,First Class,JG-15805,United States,Decatur,Illinois,62521,Central
CA-2015-129896,6/15/2015,6/20/2015,Standard Class,PF-19120,United States,Gilbert,Arizona,85234,West
CA-2014-152849,7/5/2014,7/12/2014,Standard Class,DW-13195,United States,Knoxville,Tennessee,37918,South
US-2017-127341,1/29/2017,2/2/2017,Standard Class,CK-12595,United States,Chicago,Illinois,60653,Central
CA-2016-167759,3/3/2016,3/8/2016,Second Class,CC-12670,United States,Bloomington,Indiana,47401,Central
CA-2014-100895,6/2/2014,6/6/2014,Standard Class,SV-20785,United States,Roswell,Georgia,30076,South
US-2016-163881,11/24/2016,11/30/2016,Standard Class,SP-20860,United States,Los Angeles,California,90036,West
US-2016-144547,11/10/2016,11/14/2016,Standard Class,MS-17770,United States,Houston,Texas,77036,Central
US-2014-112200,11/22/2014,11/28/2014,Standard Class,TC-21475,United States,Bolingbrook,Illinois,60440,Central
CA-2017-110212,5/1/2017,5/5/2017,Standard Class,SJ-20125,United States,Texarkana,Arkansas,71854,South
CA-2017-134285,12/7/2017,12/12/2017,Standard Class,DS-13180,United States,San Antonio,Texas,78207,Central
CA-2017-102267,11/30/2017,12/4/2017,Standard Class,SC-20800,United States,Edinburg,Texas,78539,Central
CA-2017-157980,12/7/2017,12/9/2017,First Class,SH-20395,United States,Toledo,Ohio,43615,East
CA-2015-121097,1/3/2015,1/8/2015,Standard Class,SF-20965,United States,Baytown,Texas,77520,Central
CA-2015-151043,11/14/2015,11/20/2015,Standard Class,MG-17680,United States,Philadelphia,Pennsylvania,19143,East
US-2015-119312,10/2/2015,10/7/2015,Second Class,CS-12400,United States,Los Angeles,California,90045,West
CA-2015-167010,4/5/2015,4/10/2015,Standard Class,VT-21700,United States,Philadelphia,Pennsylvania,19143,East
CA-2017-126788,6/5/2017,6/6/2017,First Class,AB-10105,United States,Pearland,Texas,77581,Central
CA-2017-148068,9/18/2017,9/25/2017,Standard Class,MM-18280,United States,New York City,New York,10035,East
US-2017-142573,7/18/2017,7/23/2017,Standard Class,ML-17410,United States,Phoenix,Arizona,85023,West
US-2015-148817,12/1/2015,12/7/2015,Standard Class,KD-16495,United States,Chesapeake,Virginia,23320,South
CA-2016-110044,6/28/2016,7/2/2016,Second Class,RF-19735,United States,Chicago,Illinois,60610,Central
CA-2017-146920,8/28/2017,9/1/2017,Standard Class,SC-20305,United States,Chicago,Illinois,60623,Central
CA-2014-103940,9/17/2014,9/21/2014,Standard Class,BN-11515,United States,Seattle,Washington,98103,West
CA-2016-162082,3/14/2016,3/17/2016,First Class,JS-15880,United States,Harlingen,Texas,78550,Central
CA-2016-132094,8/26/2016,9/2/2016,Standard Class,VG-21805,United States,Philadelphia,Pennsylvania,19140,East
CA-2017-123001,9/2/2017,9/8/2017,Standard Class,AW-10840,United States,Bakersfield,California,93309,West
CA-2015-118955,6/16/2015,6/20/2015,Standard Class,LS-17230,United States,Grand Prairie,Texas,75051,Central
US-2016-143448,12/10/2016,12/10/2016,Same Day,MH-17455,United States,Greenwood,Indiana,46142,Central
CA-2017-117863,5/18/2017,5/23/2017,Standard Class,TS-21340,United States,New York City,New York,10024,East
CA-2017-160458,5/27/2017,5/29/2017,Second Class,EH-13945,United States,Memphis,Tennessee,38109,South
US-2016-142685,6/23/2016,6/30/2016,Standard Class,MG-17695,United States,Buffalo,New York,14215,East
CA-2016-133144,5/16/2016,5/21/2016,Second Class,DO-13435,United States,Los Angeles,California,90036,West
CA-2017-167871,11/18/2017,11/23/2017,Standard Class,AF-10870,United States,Homestead,Florida,33030,South
CA-2016-119963,11/18/2016,11/22/2016,Standard Class,SN-20710,United States,Pasadena,Texas,77506,Central
CA-2014-121167,11/28/2014,11/30/2014,Second Class,MO-17500,United States,Freeport,New York,11520,East
US-2016-151862,3/1/2016,3/8/2016,Standard Class,ON-18715,United States,Denver,Colorado,80219,West
CA-2017-152961,1/15/2017,1/19/2017,Standard Class,SC-20095,United States,Quincy,Massachusetts,2169,East
CA-2014-133228,4/4/2014,4/9/2014,Standard Class,MS-17710,United States,Detroit,Michigan,48205,Central
CA-2016-114951,6/26/2016,7/3/2016,Standard Class,DN-13690,United States,San Francisco,California,94109,West
CA-2016-156573,5/29/2016,6/2/2016,Standard Class,RB-19360,United States,Nashville,Tennessee,37211,South
CA-2015-113901,10/19/2015,10/24/2015,Standard Class,NH-18610,United States,Detroit,Michigan,48227,Central
CA-2017-134838,2/19/2017,2/20/2017,First Class,ED-13885,United States,Los Angeles,California,90045,West
CA-2016-120257,9/22/2016,9/28/2016,Standard Class,PW-19240,United States,Philadelphia,Pennsylvania,19140,East
CA-2014-164910,11/12/2014,11/17/2014,Second Class,DM-13345,United States,Asheville,North Carolina,28806,South
CA-2016-149902,4/1/2016,4/6/2016,Standard Class,DW-13540,United States,New York City,New York,10024,East
CA-2016-146010,5/20/2016,5/23/2016,First Class,EH-14125,United States,Colorado Springs,Colorado,80906,West
US-2015-163685,6/1/2015,6/5/2015,Standard Class,KE-16420,United States,San Antonio,Texas,78207,Central
CA-2014-135090,11/22/2014,11/26/2014,Standard Class,SP-20920,United States,Los Angeles,California,90036,West
CA-2015-132374,2/22/2015,2/24/2015,Second Class,PS-19045,United States,Sterling Heights,Michigan,48310,Central
CA-2016-167556,3/29/2016,4/2/2016,Standard Class,JM-15250,United States,New York City,New York,10009,East
US-2016-116400,10/22/2016,10/24/2016,First Class,EB-13930,United States,Richmond,Virginia,23223,South
CA-2017-101308,10/2/2017,10/7/2017,Standard Class,FG-14260,United States,Seattle,Washington,98105,West
CA-2014-114517,12/23/2014,12/27/2014,Standard Class,TH-21235,United States,New York City,New York,10024,East
CA-2017-119564,12/15/2017,12/20/2017,Standard Class,PL-18925,United States,Seattle,Washington,98115,West
CA-2016-135265,7/7/2016,7/9/2016,Second Class,CC-12370,United States,Los Angeles,California,90045,West
CA-2016-108735,4/17/2016,4/21/2016,Standard Class,JM-15535,United States,Lakewood,California,90712,West
CA-2017-112333,4/8/2017,4/14/2017,Standard Class,KF-16285,United States,Plainfield,New Jersey,7060,East
US-2016-159415,4/17/2016,4/22/2016,Standard Class,CS-12175,United States,Columbia,Tennessee,38401,South
CA-2014-122588,11/25/2014,11/27/2014,Second Class,AR-10540,United States,Woonsocket,Rhode Island,2895,East
CA-2014-137589,11/3/2014,11/8/2014,Standard Class,MS-17770,United States,Lancaster,Pennsylvania,17602,East
CA-2015-161998,5/1/2015,5/5/2015,Standard Class,DB-13120,United States,Tampa,Florida,33614,South
CA-2015-105627,3/8/2015,3/12/2015,Standard Class,DK-12895,United States,Kenosha,Wisconsin,53142,Central
US-2015-149629,7/17/2015,7/20/2015,Second Class,MP-17965,United States,Port Saint Lucie,Florida,34952,South
CA-2014-116834,10/11/2014,10/16/2014,Standard Class,Dp-13240,United States,Seattle,Washington,98115,West
CA-2016-145730,3/3/2016,3/8/2016,Standard Class,CC-12220,United States,San Antonio,Texas,78207,Central
US-2015-168732,12/10/2015,12/16/2015,Standard Class,KM-16660,United States,Roswell,Georgia,30076,South
CA-2015-107468,12/18/2015,12/22/2015,Standard Class,MK-17905,United States,Louisville,Colorado,80027,West
CA-2017-144463,1/1/2017,1/5/2017,Standard Class,SC-20725,United States,Los Angeles,California,90036,West
CA-2017-100811,11/21/2017,11/24/2017,First Class,CC-12475,United States,Philadelphia,Pennsylvania,19143,East
CA-2015-153612,12/22/2015,12/27/2015,Standard Class,BT-11305,United States,Superior,Wisconsin,54880,Central
CA-2015-165624,8/23/2015,8/28/2015,Standard Class,FH-14350,United States,Atlanta,Georgia,30318,South
CA-2014-154963,6/22/2014,6/27/2014,Standard Class,AA-10645,United States,Chester,Pennsylvania,19013,East
CA-2017-130764,10/27/2017,10/28/2017,First Class,JO-15145,United States,San Francisco,California,94110,West
CA-2017-139311,8/11/2017,8/13/2017,First Class,SF-20965,United States,Bedford,Texas,76021,Central
CA-2017-124296,12/24/2017,12/28/2017,Standard Class,CS-12355,United States,Lafayette,Louisiana,70506,South
CA-2016-169957,9/26/2016,9/30/2016,Standard Class,SN-20710,United States,Covington,Washington,98042,West
US-2016-108777,12/12/2016,12/12/2016,Same Day,JM-15655,United States,Lorain,Ohio,44052,East
CA-2015-148859,12/28/2015,1/1/2016,Standard Class,FH-14350,United States,Chicago,Illinois,60623,Central
CA-2014-110786,12/29/2014,1/2/2015,Standard Class,AJ-10795,United States,San Francisco,California,94110,West
CA-2015-137750,6/25/2015,6/30/2015,Standard Class,JF-15565,United States,San Francisco,California,94110,West
CA-2015-136378,4/2/2015,4/7/2015,Standard Class,CS-11845,United States,Houston,Texas,77070,Central
CA-2017-100356,10/21/2017,10/25/2017,Standard Class,SP-20920,United States,Chicago,Illinois,60653,Central
US-2015-166520,7/16/2015,7/19/2015,First Class,KE-16420,United States,New York City,New York,10035,East
CA-2017-136350,6/24/2017,6/26/2017,Second Class,GA-14515,United States,New York City,New York,10011,East
CA-2014-122931,9/29/2014,10/3/2014,Standard Class,SM-20950,United States,Philadelphia,Pennsylvania,19134,East
CA-2014-163034,11/24/2014,11/28/2014,Standard Class,DK-12985,United States,Chicago,Illinois,60610,Central
CA-2015-124058,11/20/2015,11/24/2015,Standard Class,LC-16885,United States,Oakland,California,94601,West
CA-2016-129196,11/1/2016,11/7/2016,Standard Class,XP-21865,United States,Chicago,Illinois,60610,Central
US-2015-138716,9/17/2015,9/20/2015,First Class,CS-11845,United States,Seattle,Washington,98105,West
US-2016-122182,3/10/2016,3/14/2016,Standard Class,BD-11770,United States,Philadelphia,Pennsylvania,19143,East
US-2014-130358,6/23/2014,6/26/2014,First Class,DL-13330,United States,Concord,North Carolina,28027,South
CA-2014-102673,11/1/2014,11/5/2014,Standard Class,KH-16630,United States,Charlotte,North Carolina,28205,South
CA-2016-145303,8/28/2016,8/31/2016,First Class,TP-21415,United States,Dallas,Texas,75081,Central
CA-2015-156104,12/6/2015,12/8/2015,Second Class,NP-18685,United States,Indianapolis,Indiana,46203,Central
US-2015-164308,9/24/2015,9/27/2015,First Class,SC-20680,United States,Broken Arrow,Oklahoma,74012,Central
CA-2017-108112,11/15/2017,11/20/2017,Standard Class,DK-12895,United States,Miramar,Florida,33023,South
CA-2015-100685,12/19/2015,12/21/2015,Second Class,SM-20950,United States,Omaha,Nebraska,68104,Central
CA-2015-165414,12/21/2015,12/24/2015,First Class,LS-17245,United States,Jacksonville,North Carolina,28540,South
CA-2016-140417,9/25/2016,9/29/2016,Standard Class,KE-16420,United States,Tigard,Oregon,97224,West
US-2017-151316,6/24/2017,6/30/2017,Standard Class,MC-17635,United States,Decatur,Illinois,62521,Central
CA-2017-163692,9/7/2017,9/9/2017,First Class,Dp-13240,United States,Phoenix,Arizona,85023,West
CA-2016-111913,8/4/2016,8/6/2016,Second Class,LC-16930,United States,Sacramento,California,95823,West
US-2014-156559,8/19/2014,8/26/2014,Standard Class,LH-16900,United States,Jonesboro,Arkansas,72401,South
CA-2016-161473,4/1/2016,4/5/2016,Standard Class,TB-21175,United States,New York City,New York,10035,East
CA-2017-166576,5/16/2017,5/18/2017,First Class,JM-15865,United States,Akron,Ohio,44312,East
CA-2015-102491,8/24/2015,8/28/2015,Standard Class,KW-16435,United States,Florence,Kentucky,41042,South
CA-2014-116904,9/23/2014,9/28/2014,Standard Class,SC-20095,United States,Minneapolis,Minnesota,55407,Central
US-2017-102288,6/19/2017,6/23/2017,Standard Class,ZC-21910,United States,Houston,Texas,77095,Central
CA-2017-137456,12/21/2017,12/21/2017,Same Day,RB-19465,United States,Fremont,Nebraska,68025,Central
US-2017-155999,8/7/2017,8/13/2017,Standard Class,JK-15370,United States,San Diego,California,92105,West
US-2016-148334,8/22/2016,8/26/2016,Standard Class,DD-13570,United States,Houston,Texas,77041,Central
CA-2015-105599,9/7/2015,9/7/2015,Same Day,MC-17275,United States,New York City,New York,10011,East
CA-2015-153717,12/25/2015,1/1/2016,Standard Class,DL-13495,United States,Detroit,Michigan,48227,Central
CA-2015-116687,5/2/2015,5/7/2015,Standard Class,NC-18625,United States,Houston,Texas,77095,Central
CA-2016-163573,11/24/2016,11/27/2016,First Class,AC-10450,United States,Seattle,Washington,98105,West
CA-2015-153416,11/24/2015,11/29/2015,Standard Class,TS-21340,United States,Los Angeles,California,90036,West
CA-2017-117394,9/4/2017,9/10/2017,Standard Class,MM-17920,United States,Philadelphia,Pennsylvania,19120,East
CA-2017-133823,5/11/2017,5/12/2017,Same Day,LP-17080,United States,Seattle,Washington,98103,West
CA-2014-127523,5/11/2014,5/18/2014,Standard Class,BG-11695,United States,Watertown,New York,13601,East
CA-2017-123239,7/27/2017,7/31/2017,Second Class,MG-18145,United States,Jacksonville,Florida,32216,South
CA-2017-156769,5/6/2017,5/9/2017,First Class,GZ-14470,United States,Arlington,Virginia,22204,South
CA-2014-127299,9/19/2014,9/24/2014,Standard Class,JL-15835,United States,Charlotte,North Carolina,28205,South
CA-2015-121272,3/29/2015,4/4/2015,Standard Class,DO-13435,United States,Seattle,Washington,98103,West
CA-2014-115336,11/18/2014,11/25/2014,Standard Class,AB-10600,United States,Chicago,Illinois,60623,Central
CA-2015-111703,7/2/2015,7/9/2015,Standard Class,KB-16315,United States,Hollywood,Florida,33021,South
CA-2014-128839,9/8/2014,9/13/2014,Standard Class,TT-21070,United States,Chesapeake,Virginia,23320,South
CA-2017-105914,10/2/2017,10/8/2017,Standard Class,PV-18985,United States,Los Angeles,California,90036,West
CA-2017-110926,11/19/2017,11/23/2017,Standard Class,DD-13570,United States,Alexandria,Virginia,22304,South
CA-2016-117226,12/30/2016,1/1/2017,First Class,KD-16495,United States,Deer Park,Texas,77536,Central
CA-2017-127313,12/1/2017,12/4/2017,First Class,RA-19285,United States,Philadelphia,Pennsylvania,19120,East
CA-2016-136287,6/13/2016,6/17/2016,Standard Class,SS-20590,United States,Wichita,Kansas,67212,Central
US-2014-107699,5/19/2014,5/23/2014,Standard Class,JH-15820,United States,Midland,Michigan,48640,Central
CA-2017-112725,1/30/2017,2/6/2017,Standard Class,EH-14125,United States,San Francisco,California,94110,West
CA-2015-136196,11/28/2015,12/4/2015,Standard Class,TP-21415,United States,Freeport,New York,11520,East
CA-2017-106068,10/23/2017,10/28/2017,Standard Class,RB-19330,United States,Austin,Texas,78745,Central
CA-2017-100160,9/7/2017,9/11/2017,Standard Class,CB-12025,United States,Philadelphia,Pennsylvania,19134,East
CA-2016-139689,12/29/2016,1/3/2017,Standard Class,MP-17965,United States,Bristol,Tennessee,37620,South
CA-2015-101091,12/5/2015,12/9/2015,Second Class,SW-20245,United States,Philadelphia,Pennsylvania,19140,East
CA-2014-126907,11/1/2014,11/8/2014,Standard Class,SM-20950,United States,Chicago,Illinois,60610,Central
US-2016-164588,4/16/2016,4/23/2016,Standard Class,AP-10915,United States,Columbus,Georgia,31907,South
CA-2017-115546,5/14/2017,5/18/2017,Standard Class,AH-10465,United States,New York City,New York,10035,East
CA-2015-163587,3/14/2015,3/18/2015,Standard Class,EP-13915,United States,Dover,New Hampshire,3820,East
US-2017-106131,1/14/2017,1/16/2017,First Class,TP-21565,United States,Aurora,Colorado,80013,West
CA-2015-160213,3/8/2015,3/13/2015,Standard Class,AR-10825,United States,Long Beach,New York,11561,East
CA-2014-157924,10/11/2014,10/13/2014,First Class,HA-14920,United States,Pasadena,California,91104,West
CA-2015-100216,4/13/2015,4/14/2015,First Class,HJ-14875,United States,Mesa,Arizona,85204,West
CA-2017-100601,11/16/2017,11/20/2017,Standard Class,JK-15370,United States,Fresno,California,93727,West
CA-2016-152163,7/1/2016,7/1/2016,Same Day,JF-15355,United States,Columbia,South Carolina,29203,South
CA-2015-154340,11/29/2015,11/30/2015,First Class,EK-13795,United States,Santa Ana,California,92704,West
CA-2014-128846,4/7/2014,4/12/2014,Standard Class,RS-19765,United States,Columbia,South Carolina,29203,South
CA-2016-148593,6/16/2016,6/18/2016,Second Class,BD-11320,United States,Los Angeles,California,90045,West
US-2017-119039,3/6/2017,3/10/2017,Standard Class,BF-11170,United States,San Francisco,California,94109,West
CA-2017-128426,10/7/2017,10/11/2017,Standard Class,JK-15730,United States,Houston,Texas,77036,Central
US-2017-136868,10/6/2017,10/12/2017,Standard Class,CR-12820,United States,New York City,New York,10035,East
CA-2016-143749,12/5/2016,12/7/2016,First Class,AG-10300,United States,Franklin,Massachusetts,2038,East
CA-2016-111493,10/21/2016,10/22/2016,First Class,CM-12160,United States,Baltimore,Maryland,21215,East
CA-2017-112536,5/18/2017,5/23/2017,Standard Class,SG-20890,United States,Mcallen,Texas,78501,Central
CA-2016-157714,9/26/2016,10/1/2016,Second Class,CS-12175,United States,Iowa City,Iowa,52240,Central
CA-2017-166709,11/17/2017,11/22/2017,Standard Class,HL-15040,United States,Newark,Delaware,19711,East
CA-2015-129392,7/8/2015,7/8/2015,Same Day,DM-13015,United States,Houston,Texas,77070,Central
CA-2015-150875,11/16/2015,11/20/2015,Standard Class,HK-14890,United States,Boise,Idaho,83704,West
CA-2015-154200,6/18/2015,6/22/2015,Standard Class,BG-11740,United States,San Diego,California,92105,West
CA-2016-124233,4/8/2016,4/14/2016,Standard Class,CK-12595,United States,Los Angeles,California,90032,West
US-2015-134271,4/18/2015,4/23/2015,Second Class,RF-19735,United States,New York City,New York,10024,East
US-2016-161683,12/3/2016,12/8/2016,Standard Class,CJ-12010,United States,Philadelphia,Pennsylvania,19134,East
CA-2015-143105,12/10/2015,12/10/2015,Same Day,MA-17560,United States,New York City,New York,10024,East
CA-2014-145387,10/31/2014,11/2/2014,Second Class,AM-10705,United States,Cranston,Rhode Island,2920,East
CA-2017-109715,12/9/2017,12/14/2017,Standard Class,AH-10585,United States,Chicago,Illinois,60623,Central
CA-2014-166457,5/5/2014,5/9/2014,Second Class,PF-19120,United States,Richmond,Kentucky,40475,South
CA-2016-164637,3/4/2016,3/8/2016,Standard Class,RD-19480,United States,Mishawaka,Indiana,46544,Central
CA-2014-103590,11/30/2014,12/4/2014,Standard Class,JL-15505,United States,Mount Vernon,New York,10550,East
CA-2015-111234,2/18/2015,2/22/2015,Standard Class,AB-10600,United States,Los Angeles,California,90004,West
CA-2017-149881,4/1/2017,4/3/2017,First Class,NC-18535,United States,San Francisco,California,94110,West
CA-2017-134565,6/11/2017,6/13/2017,Second Class,TB-21400,United States,Seattle,Washington,98103,West
CA-2016-108644,9/30/2016,10/3/2016,First Class,SJ-20215,United States,Quincy,Illinois,62301,Central
US-2014-102631,12/13/2014,12/17/2014,Standard Class,EB-13840,United States,Chicago,Illinois,60623,Central
CA-2017-120327,11/11/2017,11/16/2017,Standard Class,WB-21850,United States,Urbandale,Iowa,50322,Central
CA-2015-154970,1/5/2015,1/10/2015,Standard Class,SR-20740,United States,Seattle,Washington,98103,West
CA-2016-113803,3/24/2016,3/26/2016,First Class,VG-21805,United States,Richmond,Indiana,47374,Central
CA-2017-100223,7/5/2017,7/10/2017,Standard Class,LS-16945,United States,Dallas,Texas,75220,Central
CA-2014-168823,9/21/2014,9/24/2014,First Class,MA-17560,United States,Philadelphia,Pennsylvania,19143,East
CA-2016-162404,7/23/2016,7/27/2016,Standard Class,NF-18475,United States,Rockford,Illinois,61107,Central
CA-2017-104024,8/29/2017,9/3/2017,Second Class,MD-17860,United States,Philadelphia,Pennsylvania,19134,East
CA-2017-147144,3/26/2017,3/28/2017,First Class,MZ-17335,United States,Seattle,Washington,98105,West
CA-2017-158673,12/29/2017,1/4/2018,Standard Class,KB-16600,United States,Grand Rapids,Michigan,49505,Central
CA-2014-133704,9/20/2014,9/26/2014,Standard Class,MA-17995,United States,Los Angeles,California,90004,West
CA-2016-159142,4/4/2016,4/5/2016,First Class,ME-17320,United States,Springfield,Virginia,22153,South
CA-2014-138436,3/26/2014,3/30/2014,Standard Class,JD-15895,United States,Los Angeles,California,90036,West
CA-2017-117702,11/28/2017,12/4/2017,Standard Class,LS-16975,United States,Baltimore,Maryland,21215,East
CA-2016-157336,12/1/2016,12/5/2016,Second Class,SJ-20500,United States,Fairfield,Connecticut,6824,East
CA-2014-168130,9/19/2014,9/19/2014,Same Day,BS-11365,United States,New York City,New York,10011,East
CA-2015-155068,10/23/2015,10/23/2015,Same Day,RA-19285,United States,Lakeland,Florida,33801,South
CA-2017-163160,10/13/2017,10/16/2017,First Class,TS-21610,United States,Freeport,Illinois,61032,Central
CA-2015-101924,9/4/2015,9/9/2015,Standard Class,KB-16585,United States,Medford,Oregon,97504,West
CA-2016-124793,3/14/2016,3/16/2016,First Class,MM-18280,United States,Seattle,Washington,98103,West
CA-2017-118367,10/28/2017,11/2/2017,Second Class,LO-17170,United States,New York City,New York,10035,East
CA-2017-164819,10/15/2017,10/19/2017,Second Class,RS-19420,United States,Fairfield,Connecticut,6824,East
CA-2017-158344,8/7/2017,8/11/2017,Standard Class,CC-12475,United States,Moorhead,Minnesota,56560,Central
CA-2017-123351,9/21/2017,9/25/2017,Standard Class,KT-16480,United States,Columbus,Georgia,31907,South
CA-2017-110429,11/3/2017,11/8/2017,Standard Class,DM-13015,United States,Philadelphia,Pennsylvania,19143,East
US-2016-131611,11/5/2016,11/9/2016,Standard Class,EP-13915,United States,Houston,Texas,77036,Central
US-2017-124821,6/25/2017,6/29/2017,Second Class,AM-10705,United States,Seattle,Washington,98115,West
CA-2015-166975,11/26/2015,11/30/2015,Standard Class,SH-20635,United States,Jackson,Tennessee,38301,South
CA-2016-123806,11/24/2016,11/27/2016,Second Class,LA-16780,United States,Baltimore,Maryland,21215,East
US-2017-158505,7/21/2017,7/21/2017,Same Day,SF-20200,United States,Murray,Utah,84107,West
CA-2015-142692,10/23/2015,10/28/2015,Standard Class,AG-10495,United States,Seattle,Washington,98105,West
CA-2015-123456,7/9/2015,7/13/2015,Standard Class,KN-16450,United States,Dallas,Texas,75220,Central
CA-2017-151358,8/18/2017,8/22/2017,Standard Class,NF-18595,United States,Seattle,Washington,98105,West
US-2016-107440,4/16/2016,4/20/2016,Standard Class,BS-11365,United States,Lakewood,New Jersey,8701,East
CA-2014-166989,11/14/2014,11/18/2014,Standard Class,RM-19675,United States,New York City,New York,10011,East
CA-2014-103100,12/20/2014,12/23/2014,First Class,AB-10105,United States,Indianapolis,Indiana,46203,Central
CA-2015-105690,11/21/2015,11/26/2015,Second Class,CA-11965,United States,Port Arthur,Texas,77642,Central
CA-2017-127516,12/28/2017,1/3/2018,Standard Class,EH-14005,United States,Nashville,Tennessee,37211,South
US-2015-117184,5/17/2015,5/21/2015,Standard Class,ON-18715,United States,Houston,Texas,77095,Central
CA-2017-102407,12/9/2017,12/13/2017,Second Class,AT-10435,United States,Los Angeles,California,90004,West
CA-2017-130967,3/10/2017,3/16/2017,Standard Class,EB-13870,United States,Philadelphia,Pennsylvania,19140,East
CA-2017-101581,10/22/2017,10/27/2017,Standard Class,DW-13195,United States,Redmond,Oregon,97756,West
CA-2017-169124,7/3/2017,7/10/2017,Standard Class,MB-17305,United States,Citrus Heights,California,95610,West
CA-2017-117261,9/4/2017,9/10/2017,Standard Class,TH-21235,United States,Los Angeles,California,90032,West
CA-2017-129021,8/23/2017,8/26/2017,Second Class,PO-18850,United States,Tallahassee,Florida,32303,South
CA-2014-123253,8/22/2014,8/25/2014,Second Class,DE-13255,United States,Lakewood,Ohio,44107,East
CA-2016-121601,10/4/2016,10/4/2016,Same Day,MO-17500,United States,The Colony,Texas,75056,Central
CA-2014-162278,10/26/2014,10/30/2014,Second Class,AH-10585,United States,Seattle,Washington,98105,West
CA-2016-161095,6/28/2016,6/28/2016,Same Day,CS-12250,United States,Los Angeles,California,90032,West
CA-2014-125829,11/4/2014,11/11/2014,Standard Class,WB-21850,United States,Los Angeles,California,90045,West
CA-2014-123127,9/8/2014,9/12/2014,Standard Class,SP-20620,United States,Long Beach,New York,11561,East
CA-2015-115945,6/25/2015,7/1/2015,Standard Class,AB-10165,United States,Los Angeles,California,90045,West
CA-2015-136735,7/26/2015,8/2/2015,Standard Class,HA-14920,United States,San Francisco,California,94110,West
US-2017-136189,12/7/2017,12/11/2017,Standard Class,DC-13285,United States,Richmond,Virginia,23223,South
CA-2014-152345,12/29/2014,1/3/2015,Second Class,ST-20530,United States,Albuquerque,New Mexico,87105,West
US-2015-147662,2/14/2015,2/19/2015,Standard Class,KB-16315,United States,Akron,Ohio,44312,East
CA-2016-153346,1/25/2016,1/27/2016,First Class,TB-21355,United States,Plainfield,New Jersey,7060,East
CA-2017-118360,4/1/2017,4/7/2017,Standard Class,JC-15775,United States,New York City,New York,10011,East
CA-2017-149853,10/3/2017,10/9/2017,Standard Class,PO-18850,United States,Hialeah,Florida,33012,South
CA-2017-107909,9/1/2017,9/6/2017,Standard Class,SS-20875,United States,Redmond,Washington,98052,West
CA-2015-112375,12/21/2015,12/27/2015,Standard Class,RD-19720,United States,Daytona Beach,Florida,32114,South
CA-2015-154795,12/20/2015,12/24/2015,Standard Class,GZ-14470,United States,Bullhead City,Arizona,86442,West
CA-2015-125234,11/27/2015,12/1/2015,Standard Class,SN-20710,United States,Los Angeles,California,90049,West
CA-2017-133501,8/27/2017,9/1/2017,Standard Class,DK-12895,United States,Franklin,Tennessee,37064,South
US-2014-129609,3/22/2014,3/22/2014,Same Day,VM-21835,United States,Portage,Indiana,46368,Central
CA-2017-130309,12/17/2017,12/21/2017,Standard Class,GB-14575,United States,Arlington,Virginia,22204,South
CA-2017-105410,3/19/2017,3/22/2017,First Class,ND-18370,United States,San Francisco,California,94110,West
CA-2016-120355,9/18/2016,9/25/2016,Standard Class,MM-17260,United States,New Rochelle,New York,10801,East
CA-2017-169894,11/24/2017,11/29/2017,Second Class,MV-17485,United States,Mesa,Arizona,85204,West
US-2017-100482,4/11/2017,4/15/2017,Standard Class,JL-15130,United States,Lancaster,Ohio,43130,East
CA-2017-107748,12/10/2017,12/12/2017,Second Class,AG-10330,United States,Stockton,California,95207,West
CA-2017-153654,11/24/2017,11/26/2017,Second Class,MD-17860,United States,Asheville,North Carolina,28806,South
CA-2015-155600,12/4/2015,12/7/2015,Second Class,RO-19780,United States,Clarksville,Tennessee,37042,South
CA-2017-162565,12/11/2017,12/11/2017,Same Day,RR-19315,United States,Aurora,Illinois,60505,Central
CA-2016-127642,5/21/2016,5/23/2016,First Class,CP-12340,United States,Warwick,Rhode Island,2886,East
US-2017-163195,2/17/2017,2/21/2017,Second Class,LL-16840,United States,Lafayette,Louisiana,70506,South
CA-2017-111332,5/20/2017,5/22/2017,Second Class,NC-18340,United States,Fargo,North Dakota,58103,Central
CA-2017-117044,9/11/2017,9/13/2017,Second Class,HA-14920,United States,Chicago,Illinois,60623,Central
US-2016-165078,11/5/2016,11/10/2016,Standard Class,MA-17995,United States,Lawrence,Indiana,46226,Central
US-2017-169320,7/23/2017,7/25/2017,Second Class,LH-16900,United States,Elkhart,Indiana,46514,Central
CA-2016-158575,11/18/2016,11/24/2016,Standard Class,SB-20290,United States,Kent,Ohio,44240,East
CA-2014-166954,4/25/2014,4/30/2014,Standard Class,BT-11305,United States,San Gabriel,California,91776,West
CA-2015-140830,11/30/2015,12/2/2015,Second Class,PS-18970,United States,Henderson,Kentucky,42420,South
CA-2015-152891,10/25/2015,10/30/2015,Standard Class,TB-21625,United States,San Francisco,California,94110,West
US-2015-122784,7/20/2015,7/27/2015,Standard Class,RA-19915,United States,Highland Park,Illinois,60035,Central
CA-2016-156811,10/27/2016,11/2/2016,Standard Class,BP-11095,United States,San Francisco,California,94122,West
CA-2017-111556,11/20/2017,11/22/2017,First Class,CD-11920,United States,New York City,New York,10035,East
CA-2016-108868,9/8/2016,9/12/2016,Standard Class,KB-16585,United States,Dallas,Texas,75081,Central
CA-2014-142965,7/20/2014,7/20/2014,Same Day,SW-20245,United States,Springfield,Ohio,45503,East
CA-2016-148740,11/15/2016,11/19/2016,Standard Class,AH-10690,United States,San Diego,California,92024,West
US-2014-138758,7/7/2014,7/11/2014,Standard Class,JL-15835,United States,Philadelphia,Pennsylvania,19120,East
CA-2016-131737,3/17/2016,3/17/2016,Same Day,GZ-14470,United States,Columbia,Maryland,21044,East
CA-2016-114538,12/26/2016,12/27/2016,First Class,RC-19825,United States,Colorado Springs,Colorado,80906,West
CA-2014-127936,9/2/2014,9/4/2014,First Class,CL-12565,United States,New York City,New York,10009,East
CA-2015-164336,7/5/2015,7/10/2015,Standard Class,MW-18220,United States,Philadelphia,Pennsylvania,19140,East
CA-2016-100041,11/20/2016,11/25/2016,Standard Class,BF-10975,United States,Columbus,Indiana,47201,Central
US-2014-154879,5/6/2014,5/11/2014,Standard Class,SN-20710,United States,Los Angeles,California,90004,West
CA-2014-130624,6/21/2014,6/24/2014,First Class,TB-21280,United States,New York City,New York,10024,East
CA-2017-132339,8/19/2017,8/23/2017,Standard Class,JB-15400,United States,Lawrence,Massachusetts,1841,East
CA-2014-153983,11/29/2014,12/6/2014,Standard Class,AH-10210,United States,San Francisco,California,94122,West
CA-2017-112900,4/9/2017,4/12/2017,Second Class,KL-16645,United States,Detroit,Michigan,48205,Central
CA-2014-160157,12/20/2014,12/27/2014,Standard Class,MH-17455,United States,Hamilton,Ohio,45011,East
CA-2014-139633,12/17/2014,12/24/2014,Standard Class,EC-14050,United States,Columbus,Ohio,43229,East
CA-2015-163090,11/17/2015,11/21/2015,Second Class,GH-14665,United States,Chicago,Illinois,60610,Central
CA-2014-117016,3/4/2014,3/9/2014,Standard Class,SC-20095,United States,Margate,Florida,33063,South
CA-2017-159464,5/18/2017,5/19/2017,First Class,TB-21355,United States,Sandy Springs,Georgia,30328,South
US-2017-103226,9/22/2017,9/28/2017,Standard Class,DW-13195,United States,Albuquerque,New Mexico,87105,West
CA-2017-119452,3/21/2017,3/27/2017,Standard Class,CL-12565,United States,Tulsa,Oklahoma,74133,Central
CA-2017-147725,9/14/2017,9/14/2017,Same Day,LT-17110,United States,Orange,New Jersey,7050,East
CA-2016-168893,11/3/2016,11/8/2016,Second Class,AP-10915,United States,Henderson,Kentucky,42420,South
CA-2016-163398,5/3/2016,5/8/2016,Standard Class,CB-12415,United States,Chicago,Illinois,60653,Central
CA-2016-162726,12/27/2016,1/2/2017,Standard Class,MT-17815,United States,Port Arthur,Texas,77642,Central
US-2016-111290,7/22/2016,7/26/2016,Standard Class,DK-13375,United States,Westland,Michigan,48185,Central
US-2014-147704,11/16/2014,11/21/2014,Standard Class,SR-20740,United States,Bloomington,Indiana,47401,Central
CA-2015-121965,6/19/2015,6/23/2015,Standard Class,LH-17155,United States,Los Angeles,California,90032,West
CA-2016-147137,7/4/2016,7/6/2016,First Class,AA-10645,United States,San Francisco,California,94109,West
US-2015-146745,9/3/2015,9/8/2015,Standard Class,AS-10630,United States,San Francisco,California,94110,West
CA-2017-115175,8/7/2017,8/12/2017,Standard Class,MC-17575,United States,San Jose,California,95123,West
CA-2017-105851,3/13/2017,3/20/2017,Standard Class,SE-20110,United States,Denver,Colorado,80219,West
US-2017-125717,9/28/2017,10/1/2017,First Class,DS-13030,United States,Aurora,Colorado,80013,West
CA-2015-163895,8/7/2015,8/11/2015,Standard Class,NS-18640,United States,Boise,Idaho,83704,West
CA-2017-168641,11/24/2017,12/1/2017,Standard Class,KA-16525,United States,New York City,New York,10035,East
CA-2017-156895,5/8/2017,5/12/2017,Standard Class,DJ-13510,United States,Philadelphia,Pennsylvania,19140,East
CA-2017-121300,9/29/2017,9/29/2017,Same Day,MG-17680,United States,Mentor,Ohio,44060,East
CA-2017-130211,10/22/2017,10/22/2017,Same Day,BD-11620,United States,Lawton,Oklahoma,73505,Central
CA-2014-147235,3/24/2014,3/28/2014,Standard Class,CD-11920,United States,New York City,New York,10024,East
CA-2016-109365,11/3/2016,11/8/2016,Standard Class,XP-21865,United States,Los Angeles,California,90049,West
CA-2015-162621,9/5/2015,9/11/2015,Standard Class,CA-12055,United States,Houston,Texas,77036,Central
CA-2017-105921,8/14/2017,8/21/2017,Standard Class,JM-15250,United States,Los Angeles,California,90032,West
CA-2014-150798,12/1/2014,12/3/2014,Second Class,JK-15730,United States,Columbus,Ohio,43229,East
CA-2017-112753,6/18/2017,6/23/2017,Standard Class,CC-12670,United States,Los Angeles,California,90032,West
CA-2017-155075,12/2/2017,12/9/2017,Standard Class,GW-14605,United States,Philadelphia,Pennsylvania,19140,East
CA-2014-103401,11/21/2014,11/26/2014,Standard Class,GR-14560,United States,San Francisco,California,94110,West
CA-2016-124814,4/10/2016,4/16/2016,Standard Class,FM-14215,United States,Bakersfield,California,93309,West
CA-2014-116757,6/30/2014,7/4/2014,Standard Class,MS-17980,United States,Houston,Texas,77095,Central
US-2014-138247,12/24/2014,12/29/2014,Standard Class,BF-11170,United States,Los Angeles,California,90045,West
CA-2017-167003,5/23/2017,5/29/2017,Standard Class,VS-21820,United States,Los Angeles,California,90036,West
CA-2016-119935,11/10/2016,11/14/2016,Standard Class,KM-16225,United States,Springfield,Missouri,65807,Central
CA-2016-118969,10/2/2016,10/3/2016,First Class,LP-17095,United States,Phoenix,Arizona,85023,West
CA-2016-145240,9/6/2016,9/8/2016,First Class,BG-11740,United States,Houston,Texas,77070,Central
CA-2016-120873,10/27/2016,11/1/2016,Second Class,BW-11200,United States,Hampton,Virginia,23666,South
US-2017-111920,10/22/2017,10/26/2017,Standard Class,PS-18970,United States,Tulsa,Oklahoma,74133,Central
US-2016-128678,9/15/2016,9/20/2016,Standard Class,RB-19570,United States,Seattle,Washington,98105,West
CA-2016-101385,9/25/2016,10/1/2016,Standard Class,JW-16075,United States,San Francisco,California,94109,West
CA-2017-107167,6/10/2017,6/14/2017,Standard Class,ND-18460,United States,Jacksonville,Florida,32216,South
CA-2014-109491,2/20/2014,2/26/2014,Standard Class,LC-16930,United States,Richmond,Indiana,47374,Central
CA-2017-105445,2/20/2017,2/25/2017,Second Class,BP-11095,United States,Louisville,Colorado,80027,West
CA-2014-107454,11/2/2014,11/6/2014,Standard Class,RD-19720,United States,New York City,New York,10024,East
US-2017-105046,7/17/2017,7/23/2017,Standard Class,BE-11335,United States,Rome,New York,13440,East
CA-2017-152856,9/8/2017,9/10/2017,Second Class,RS-19765,United States,Marion,Ohio,43302,East
CA-2016-134691,11/14/2016,11/18/2016,Standard Class,KC-16540,United States,Houston,Texas,77041,Central
CA-2016-118759,11/14/2016,11/17/2016,First Class,MB-17305,United States,New York City,New York,10009,East
CA-2014-140403,10/10/2014,10/10/2014,Same Day,TN-21040,United States,Manteca,California,95336,West
CA-2015-163104,3/19/2015,3/26/2015,Standard Class,MC-18130,United States,Los Angeles,California,90004,West
CA-2017-138464,7/8/2017,7/12/2017,Standard Class,VF-21715,United States,Seattle,Washington,98115,West
CA-2015-104129,2/27/2015,3/2/2015,Standard Class,ES-14080,United States,Providence,Rhode Island,2908,East
US-2017-132206,6/16/2017,6/21/2017,Standard Class,MK-17905,United States,Chicago,Illinois,60653,Central
CA-2017-113474,3/30/2017,3/31/2017,First Class,TM-21490,United States,Oklahoma City,Oklahoma,73120,Central
CA-2015-126557,7/12/2015,7/17/2015,Second Class,RL-19615,United States,Chicago,Illinois,60610,Central
US-2017-107636,4/30/2017,5/2/2017,First Class,NM-18520,United States,Manchester,Connecticut,6040,East
US-2014-165862,7/13/2014,7/17/2014,Standard Class,GK-14620,United States,Los Angeles,California,90049,West
US-2014-106334,12/27/2014,1/2/2015,Standard Class,JF-15490,United States,San Francisco,California,94122,West
CA-2016-101448,2/27/2016,3/1/2016,Second Class,EB-13930,United States,La Crosse,Wisconsin,54601,Central
CA-2015-130218,3/23/2015,3/26/2015,First Class,SG-20470,United States,Florence,South Carolina,29501,South
US-2017-117331,10/21/2017,10/28/2017,Standard Class,ND-18370,United States,Glendale,Arizona,85301,West
CA-2014-127383,12/31/2014,1/5/2015,Standard Class,CM-11815,United States,El Paso,Texas,79907,Central
CA-2014-110219,5/5/2014,5/8/2014,First Class,EB-13870,United States,San Antonio,Texas,78207,Central
CA-2015-118871,12/4/2015,12/9/2015,Second Class,HM-14860,United States,Los Angeles,California,90049,West
CA-2017-129490,9/26/2017,9/30/2017,Standard Class,SJ-20125,United States,Miramar,Florida,33023,South
CA-2014-101175,12/9/2014,12/14/2014,Standard Class,DM-12955,United States,Mesa,Arizona,85204,West
US-2017-149510,12/3/2017,12/10/2017,Standard Class,MC-17575,United States,Fayetteville,North Carolina,28314,South
CA-2015-111990,11/8/2015,11/13/2015,Standard Class,DB-13660,United States,Houston,Texas,77095,Central
CA-2014-169460,4/19/2014,4/21/2014,Second Class,NF-18595,United States,San Jose,California,95123,West
US-2015-152128,5/25/2015,5/27/2015,Second Class,NM-18445,United States,Wichita,Kansas,67212,Central
CA-2017-126662,7/17/2017,7/21/2017,Standard Class,AB-10255,United States,Los Angeles,California,90036,West
CA-2016-139395,12/12/2016,12/18/2016,Standard Class,MG-17650,United States,Jackson,Michigan,49201,Central
US-2014-121734,4/11/2014,4/16/2014,Standard Class,SE-20110,United States,Lewiston,Idaho,83501,West
CA-2015-110947,6/9/2015,6/15/2015,Standard Class,AG-10765,United States,Hampton,Virginia,23666,South
US-2014-150126,7/27/2014,8/2/2014,Standard Class,AS-10045,United States,New York City,New York,10035,East
CA-2015-164427,7/31/2015,8/6/2015,Standard Class,AR-10405,United States,Hattiesburg,Mississippi,39401,South
CA-2016-120250,9/19/2016,9/22/2016,First Class,AP-10720,United States,Philadelphia,Pennsylvania,19140,East
CA-2016-121993,6/10/2016,6/12/2016,First Class,JB-16000,United States,Philadelphia,Pennsylvania,19140,East
US-2016-100405,8/26/2016,8/28/2016,Second Class,TS-21430,United States,Los Angeles,California,90045,West
US-2017-163790,11/2/2017,11/4/2017,Second Class,NL-18310,United States,Danville,California,94526,West
CA-2016-129868,12/26/2016,12/31/2016,Standard Class,MC-18130,United States,Los Angeles,California,90004,West
CA-2016-140564,12/5/2016,12/10/2016,Second Class,TC-21475,United States,Washington,District of Columbia,20016,East
US-2017-169502,8/28/2017,9/1/2017,Standard Class,MG-17650,United States,Milwaukee,Wisconsin,53209,Central
CA-2015-146948,7/16/2015,7/20/2015,Standard Class,MG-17890,United States,Baltimore,Maryland,21215,East
US-2015-113327,5/26/2015,5/29/2015,Second Class,BF-11170,United States,Jacksonville,North Carolina,28540,South
CA-2015-135020,5/28/2015,6/2/2015,Standard Class,MS-17770,United States,Rochester,New York,14609,East
US-2017-141852,11/9/2017,11/14/2017,Standard Class,JE-15745,United States,Oceanside,California,92054,West
CA-2016-109407,1/24/2016,1/26/2016,Second Class,HG-14965,United States,Gulfport,Mississippi,39503,South
US-2017-165953,12/31/2016,1/6/2017,Standard Class,EP-13915,United States,Jacksonville,Florida,32216,South
CA-2016-144540,9/5/2016,9/10/2016,Standard Class,GH-14410,United States,Houston,Texas,77070,Central
CA-2015-159863,9/4/2015,9/7/2015,Second Class,DS-13180,United States,Houston,Texas,77095,Central
CA-2015-117800,9/21/2015,9/26/2015,Standard Class,TH-21550,United States,Everett,Massachusetts,2149,East
CA-2017-145219,12/24/2017,12/25/2017,First Class,RM-19675,United States,Los Angeles,California,90049,West
CA-2015-161214,10/5/2015,10/8/2015,Second Class,SF-20965,United States,Wilmington,Delaware,19805,East
CA-2017-147228,9/9/2017,9/14/2017,Standard Class,SO-20335,United States,Columbia,Tennessee,38401,South
CA-2016-101336,11/13/2016,11/18/2016,Standard Class,CK-12760,United States,New York City,New York,10011,East
US-2015-126235,10/15/2015,10/15/2015,Same Day,GA-14725,United States,Mount Pleasant,Michigan,48858,Central
CA-2017-168396,8/3/2017,8/8/2017,Second Class,BD-11725,United States,San Francisco,California,94122,West
CA-2015-130456,8/21/2015,8/26/2015,Standard Class,DS-13180,United States,San Francisco,California,94122,West
CA-2017-116288,3/12/2017,3/17/2017,Standard Class,BS-11380,United States,San Francisco,California,94122,West
CA-2017-168228,4/27/2017,4/29/2017,First Class,AP-10915,United States,Los Angeles,California,90045,West
CA-2016-102162,9/11/2016,9/16/2016,Standard Class,JF-15565,United States,Newport News,Virginia,23602,South
CA-2017-130141,10/22/2017,10/24/2017,Second Class,HA-14905,United States,Fort Collins,Colorado,80525,West
CA-2015-147501,8/2/2015,8/6/2015,Standard Class,Co-12640,United States,Seattle,Washington,98105,West
CA-2016-143910,8/12/2016,8/16/2016,Standard Class,BC-11125,United States,New York City,New York,10011,East
CA-2014-146885,5/30/2014,6/5/2014,Standard Class,EB-13840,United States,Richmond,Virginia,23223,South
CA-2016-139556,4/26/2016,5/1/2016,Standard Class,DB-13360,United States,New York City,New York,10009,East
CA-2017-129357,5/14/2017,5/19/2017,Standard Class,KB-16585,United States,Seattle,Washington,98103,West
CA-2017-150987,4/8/2017,4/12/2017,Standard Class,AH-10120,United States,San Francisco,California,94110,West
CA-2017-132647,2/17/2017,2/23/2017,Standard Class,GH-14410,United States,Perth Amboy,New Jersey,8861,East
CA-2017-159107,6/24/2017,6/26/2017,Second Class,KT-16480,United States,San Francisco,California,94110,West
CA-2014-160738,5/5/2014,5/10/2014,Standard Class,KH-16330,United States,Freeport,Illinois,61032,Central
CA-2015-112130,5/3/2015,5/7/2015,Standard Class,SV-20785,United States,Philadelphia,Pennsylvania,19140,East
CA-2016-111409,9/18/2016,9/22/2016,Standard Class,PO-18850,United States,Jacksonville,Florida,32216,South
CA-2016-116232,9/22/2016,9/26/2016,Standard Class,AC-10450,United States,Pembroke Pines,Florida,33024,South
CA-2016-116547,1/10/2016,1/17/2016,Standard Class,KB-16585,United States,Seattle,Washington,98115,West
US-2017-133200,5/6/2017,5/11/2017,Standard Class,DB-13555,United States,Fort Worth,Texas,76106,Central
CA-2016-133550,7/31/2016,8/6/2016,Standard Class,KL-16645,United States,Detroit,Michigan,48205,Central
CA-2017-139416,3/27/2017,3/29/2017,Second Class,AG-10270,United States,Philadelphia,Pennsylvania,19120,East
CA-2014-114510,3/14/2014,3/19/2014,Standard Class,JF-15295,United States,Logan,Utah,84321,West
CA-2016-169215,7/14/2016,7/18/2016,Second Class,RE-19450,United States,Auburn,New York,13021,East
CA-2016-127698,12/1/2016,12/1/2016,Same Day,MV-18190,United States,Raleigh,North Carolina,27604,South
CA-2016-159912,8/29/2016,9/3/2016,Standard Class,GB-14530,United States,Philadelphia,Pennsylvania,19120,East
CA-2016-101987,6/24/2016,6/30/2016,Standard Class,HL-15040,United States,Richmond,Indiana,47374,Central
US-2017-154851,3/30/2017,4/3/2017,Standard Class,BP-11155,United States,Lancaster,Pennsylvania,17602,East
CA-2014-138681,12/20/2014,12/22/2014,First Class,CT-11995,United States,Tucson,Arizona,85705,West
US-2015-138121,12/17/2015,12/17/2015,Same Day,JL-15835,United States,Detroit,Michigan,48205,Central
CA-2017-140298,5/11/2017,5/17/2017,Standard Class,JK-16120,United States,Austin,Texas,78745,Central
CA-2016-166240,6/24/2016,6/28/2016,Standard Class,DH-13075,United States,Houston,Texas,77095,Central
CA-2016-158435,5/17/2016,5/18/2016,First Class,AG-10900,United States,Waterbury,Connecticut,6708,East
CA-2017-138149,6/29/2017,6/30/2017,First Class,WB-21850,United States,Los Angeles,California,90049,West
CA-2014-112403,3/31/2014,3/31/2014,Same Day,JO-15280,United States,Philadelphia,Pennsylvania,19120,East
CA-2014-108273,12/16/2014,12/21/2014,Standard Class,EJ-13720,United States,Huntsville,Texas,77340,Central
CA-2017-121643,5/18/2017,5/20/2017,First Class,AB-10105,United States,Portland,Oregon,97206,West
US-2015-122910,5/12/2015,5/16/2015,Standard Class,LT-16765,United States,Louisville,Colorado,80027,West
CA-2017-143126,12/3/2017,12/7/2017,Second Class,CM-12655,United States,Seattle,Washington,98115,West
CA-2015-129042,12/12/2015,12/17/2015,Standard Class,EM-13960,United States,Baltimore,Maryland,21215,East
CA-2015-109736,10/10/2015,10/11/2015,First Class,DJ-13420,United States,San Francisco,California,94109,West
CA-2015-142601,4/18/2015,4/20/2015,Second Class,DE-13255,United States,Los Angeles,California,90004,West
CA-2014-106229,6/7/2014,6/11/2014,Second Class,NR-18550,United States,Aurora,Illinois,60505,Central
US-2017-135230,9/1/2017,9/7/2017,Standard Class,CK-12325,United States,Seattle,Washington,98103,West
CA-2016-159653,5/22/2016,5/22/2016,Same Day,JF-15490,United States,Athens,Georgia,30605,South
CA-2016-131968,11/11/2016,11/15/2016,Standard Class,LB-16795,United States,Apopka,Florida,32712,South
CA-2014-119151,11/25/2014,11/29/2014,Second Class,MP-18175,United States,New York City,New York,10009,East
CA-2014-123323,11/7/2014,11/12/2014,Standard Class,LH-16900,United States,San Francisco,California,94110,West
CA-2016-124681,7/18/2016,7/23/2016,Second Class,SV-20935,United States,Dallas,Texas,75217,Central
US-2015-103996,3/29/2015,3/31/2015,Second Class,RB-19435,United States,San Diego,California,92105,West
CA-2016-120530,4/7/2016,4/12/2016,Standard Class,Dl-13600,United States,New York City,New York,10035,East
CA-2015-155054,6/13/2015,6/19/2015,Standard Class,PS-19045,United States,Lewiston,Maine,4240,East
CA-2015-105725,2/18/2015,2/24/2015,Standard Class,GT-14755,United States,Long Beach,California,90805,West
CA-2017-164364,11/12/2017,11/16/2017,Standard Class,CS-12355,United States,Seattle,Washington,98115,West
CA-2017-168123,3/5/2017,3/5/2017,Same Day,JD-16060,United States,Rochester,Minnesota,55901,Central
CA-2016-120005,3/3/2016,3/3/2016,Same Day,TS-21160,United States,San Francisco,California,94110,West
CA-2016-123526,12/24/2016,12/25/2016,First Class,BV-11245,United States,Seattle,Washington,98103,West
CA-2016-127649,10/7/2016,10/9/2016,First Class,DL-13495,United States,Spokane,Washington,99207,West
CA-2016-159989,12/9/2016,12/13/2016,Standard Class,EB-13870,United States,Franklin,Tennessee,37064,South
CA-2017-103499,11/20/2017,11/24/2017,Standard Class,ES-14020,United States,Jackson,Tennessee,38301,South
US-2015-167220,12/12/2015,12/16/2015,Standard Class,JB-15925,United States,Austin,Texas,78745,Central
CA-2017-126354,2/3/2017,2/8/2017,Standard Class,SC-20380,United States,Pembroke Pines,Florida,33024,South
CA-2017-169817,9/21/2017,9/25/2017,Standard Class,EB-13870,United States,Philadelphia,Pennsylvania,19143,East
US-2017-144582,4/30/2017,5/5/2017,Standard Class,TC-21475,United States,Danville,Illinois,61832,Central
CA-2014-121573,11/3/2014,11/7/2014,Standard Class,SG-20605,United States,New York City,New York,10009,East
CA-2016-117660,12/30/2016,1/4/2017,Standard Class,BM-11785,United States,Columbus,Ohio,43229,East
CA-2014-112851,9/17/2014,9/21/2014,Standard Class,NR-18550,United States,Chula Vista,California,91911,West
CA-2017-123701,11/24/2017,11/27/2017,First Class,PG-18820,United States,San Francisco,California,94110,West
CA-2015-118227,4/24/2015,4/28/2015,Standard Class,DB-13270,United States,New York City,New York,10009,East
CA-2015-123155,3/9/2015,3/12/2015,First Class,NS-18640,United States,San Antonio,Texas,78207,Central
CA-2017-158883,6/2/2017,6/3/2017,Same Day,CS-11860,United States,Jacksonville,North Carolina,28540,South
US-2016-114888,9/19/2016,9/24/2016,Second Class,CC-12430,United States,San Francisco,California,94109,West
US-2014-167262,10/31/2014,11/3/2014,Second Class,AC-10450,United States,Avondale,Arizona,85323,West
CA-2017-119746,11/23/2017,11/27/2017,Standard Class,CM-12385,United States,Chicago,Illinois,60610,Central
CA-2017-108091,11/16/2017,11/21/2017,Standard Class,EK-13795,United States,Escondido,California,92025,West
CA-2016-101630,2/19/2016,2/23/2016,Second Class,CK-12760,United States,Long Beach,New York,11561,East
CA-2017-132346,11/7/2017,11/11/2017,Standard Class,PK-19075,United States,Newark,Delaware,19711,East
CA-2014-150301,7/8/2014,7/10/2014,First Class,MH-18025,United States,Buffalo,New York,14215,East
CA-2014-159310,11/7/2014,11/12/2014,Standard Class,SC-20725,United States,Houston,Texas,77070,Central
US-2017-147984,1/28/2017,2/1/2017,Standard Class,GB-14575,United States,Wichita,Kansas,67212,Central
CA-2015-104346,12/11/2015,12/16/2015,Standard Class,IM-15070,United States,Colorado Springs,Colorado,80906,West
US-2015-141684,6/29/2015,7/4/2015,Standard Class,MM-18055,United States,New York City,New York,10011,East
CA-2015-144722,3/16/2015,3/23/2015,Standard Class,MF-18250,United States,Los Angeles,California,90036,West
CA-2015-120516,8/13/2015,8/17/2015,Standard Class,CK-12595,United States,Marietta,Georgia,30062,South
US-2016-148901,5/14/2016,5/19/2016,Standard Class,MK-17905,United States,Jacksonville,Florida,32216,South
CA-2017-136364,7/13/2017,7/17/2017,Second Class,MH-17455,United States,Philadelphia,Pennsylvania,19140,East
CA-2015-137708,11/22/2015,11/25/2015,Second Class,NG-18430,United States,Los Angeles,California,90008,West
CA-2014-149055,11/23/2014,11/28/2014,Standard Class,PB-19210,United States,Philadelphia,Pennsylvania,19134,East
CA-2015-151589,12/27/2015,12/30/2015,First Class,RE-19450,United States,Eau Claire,Wisconsin,54703,Central
CA-2016-121370,11/14/2016,11/19/2016,Second Class,EB-14110,United States,Philadelphia,Pennsylvania,19134,East
CA-2016-111696,5/8/2016,5/10/2016,First Class,TB-21625,United States,Los Angeles,California,90004,West
CA-2014-139598,12/26/2014,12/31/2014,Standard Class,MG-17695,United States,Philadelphia,Pennsylvania,19134,East
CA-2017-117436,6/8/2017,6/14/2017,Standard Class,LW-17125,United States,Norwich,Connecticut,6360,East
CA-2015-140025,4/7/2015,4/11/2015,Standard Class,PF-19120,United States,San Antonio,Texas,78207,Central
CA-2016-134222,7/10/2016,7/11/2016,Same Day,NZ-18565,United States,Yuma,Arizona,85364,West
CA-2016-140018,11/21/2016,11/26/2016,Standard Class,CK-12205,United States,Columbus,Ohio,43229,East
US-2017-136707,11/12/2017,11/15/2017,First Class,JE-15610,United States,Los Angeles,California,90036,West
CA-2014-152562,11/1/2014,11/8/2014,Standard Class,JO-15145,United States,Richmond,Kentucky,40475,South
CA-2016-152408,5/15/2016,5/21/2016,Standard Class,TT-21220,United States,New York City,New York,10035,East
CA-2014-120278,11/7/2014,11/12/2014,Standard Class,MS-17365,United States,Wausau,Wisconsin,54401,Central
CA-2017-167661,10/5/2017,10/10/2017,Standard Class,MP-18175,United States,San Francisco,California,94110,West
CA-2017-106831,6/1/2017,6/3/2017,First Class,FH-14350,United States,Dublin,Ohio,43017,East
CA-2017-154123,11/20/2017,11/25/2017,Standard Class,SC-20050,United States,Henderson,Kentucky,42420,South
CA-2016-136049,12/23/2016,12/28/2016,Standard Class,NM-18520,United States,Bowling Green,Ohio,43402,East
CA-2017-118402,9/29/2017,10/4/2017,Standard Class,JO-15280,United States,Memphis,Tennessee,38109,South
US-2016-139388,11/7/2016,11/9/2016,First Class,CC-12475,United States,Lakewood,New Jersey,8701,East
US-2014-128685,4/4/2014,4/5/2014,First Class,MZ-17515,United States,Los Angeles,California,90008,West
CA-2015-124044,7/23/2015,7/26/2015,Second Class,MS-17830,United States,Rochester,New York,14609,East
CA-2014-164469,6/25/2014,6/27/2014,Second Class,GK-14620,United States,Salem,Oregon,97301,West
CA-2014-107818,9/8/2014,9/14/2014,Standard Class,MC-17275,United States,Pasco,Washington,99301,West
CA-2014-113320,12/12/2014,12/15/2014,Second Class,LH-17155,United States,Oakland,California,94601,West
CA-2015-137526,1/13/2015,1/17/2015,Standard Class,PB-19150,United States,Los Angeles,California,90004,West
CA-2017-136063,12/15/2017,12/19/2017,Standard Class,SS-20140,United States,Oak Park,Illinois,60302,Central
CA-2016-101546,12/18/2016,12/24/2016,Standard Class,GK-14620,United States,Morristown,New Jersey,7960,East
CA-2014-138940,4/11/2014,4/16/2014,Second Class,GM-14455,United States,Austin,Texas,78745,Central
CA-2016-125164,11/10/2016,11/14/2016,Standard Class,SH-19975,United States,New York City,New York,10011,East
CA-2017-163531,6/26/2017,6/30/2017,Standard Class,SC-20725,United States,New York City,New York,10024,East
CA-2017-122490,11/13/2017,11/18/2017,Standard Class,TT-21070,United States,Seattle,Washington,98103,West
CA-2017-131366,11/24/2017,11/29/2017,Standard Class,SC-20440,United States,Lancaster,Pennsylvania,17602,East
CA-2017-164042,5/23/2017,5/27/2017,Standard Class,KL-16645,United States,Houston,Texas,77095,Central
CA-2014-132864,12/2/2014,12/7/2014,Standard Class,KN-16390,United States,Columbus,Ohio,43229,East
US-2014-155817,10/3/2014,10/9/2014,Standard Class,SL-20155,United States,Durham,North Carolina,27707,South
US-2016-131891,7/29/2016,7/31/2016,First Class,PW-19240,United States,Pensacola,Florida,32503,South
CA-2017-143567,11/2/2017,11/5/2017,Second Class,TB-21175,United States,Henderson,Kentucky,42420,South
CA-2017-104080,3/8/2017,3/15/2017,Standard Class,AH-10210,United States,Anaheim,California,92804,West
CA-2014-151379,12/16/2014,12/20/2014,Standard Class,SC-20695,United States,Detroit,Michigan,48227,Central
CA-2016-163167,11/28/2016,12/1/2016,Second Class,RF-19345,United States,Marietta,Georgia,30062,South
CA-2016-135776,12/23/2016,12/30/2016,Standard Class,EH-13765,United States,Seattle,Washington,98103,West
US-2014-122021,10/15/2014,10/17/2014,First Class,AC-10660,United States,Parma,Ohio,44134,East
CA-2016-130484,8/22/2016,8/27/2016,Standard Class,SG-20470,United States,Gresham,Oregon,97030,West
CA-2017-120936,12/17/2017,12/21/2017,Standard Class,CA-12310,United States,Anaheim,California,92804,West
CA-2017-110884,3/7/2017,3/12/2017,Standard Class,SH-20395,United States,New York City,New York,10035,East
US-2014-161613,12/1/2014,12/3/2014,Second Class,MC-17605,United States,Houston,Texas,77070,Central
US-2014-146353,10/14/2014,10/16/2014,Second Class,JE-15610,United States,Concord,New Hampshire,3301,East
CA-2014-133809,11/18/2014,11/23/2014,Second Class,MS-17530,United States,Fairfield,Ohio,45014,East
CA-2017-127306,1/14/2017,1/18/2017,Standard Class,BH-11710,United States,Johnson City,Tennessee,37604,South
CA-2015-161830,9/24/2015,9/26/2015,Second Class,ME-17725,United States,Seattle,Washington,98105,West
CA-2017-163125,10/9/2017,10/11/2017,Second Class,MB-17305,United States,League City,Texas,77573,Central
CA-2016-160304,1/2/2016,1/7/2016,Standard Class,BM-11575,United States,Gaithersburg,Maryland,20877,East
CA-2017-101728,8/19/2017,8/23/2017,Standard Class,SC-20575,United States,Chicago,Illinois,60653,Central
CA-2017-114055,12/25/2017,12/29/2017,Second Class,MH-18115,United States,Huntsville,Alabama,35810,South
CA-2017-126438,9/10/2017,9/13/2017,First Class,AR-10345,United States,Lawrence,Massachusetts,1841,East
CA-2017-117653,10/19/2017,10/23/2017,Standard Class,MO-17500,United States,Chicago,Illinois,60623,Central
CA-2017-143245,12/1/2017,12/6/2017,Standard Class,AD-10180,United States,Fairfield,Connecticut,6824,East
US-2014-138828,9/2/2014,9/3/2014,First Class,KD-16345,United States,New York City,New York,10009,East
CA-2017-143651,3/25/2017,3/30/2017,Standard Class,FM-14215,United States,Seattle,Washington,98103,West
CA-2015-106978,9/28/2015,10/4/2015,Standard Class,ZC-21910,United States,Aurora,Colorado,80013,West
CA-2015-155124,3/15/2015,3/21/2015,Standard Class,KS-16300,United States,Lehi,Utah,84043,West
CA-2017-150931,1/6/2017,1/13/2017,Standard Class,DP-13390,United States,Tuscaloosa,Alabama,35401,South
CA-2014-157147,1/13/2014,1/18/2014,Standard Class,BD-11605,United States,San Francisco,California,94109,West
CA-2015-156482,2/6/2015,2/13/2015,Standard Class,IL-15100,United States,Wilmington,Delaware,19805,East
CA-2017-106782,12/21/2017,12/27/2017,Standard Class,LP-17095,United States,Lafayette,Indiana,47905,Central
CA-2016-151372,9/5/2016,9/6/2016,First Class,JH-15985,United States,Redondo Beach,California,90278,West
CA-2014-102085,10/4/2014,10/9/2014,Standard Class,JD-16015,United States,Seattle,Washington,98115,West
CA-2017-107125,11/27/2017,12/2/2017,Standard Class,BD-11320,United States,Los Angeles,California,90045,West
CA-2016-125815,10/28/2016,11/1/2016,Second Class,DL-13330,United States,New York City,New York,10009,East
CA-2015-144190,6/9/2015,6/13/2015,Standard Class,NC-18415,United States,Royal Oak,Michigan,48073,Central
CA-2017-117926,12/8/2017,12/12/2017,Second Class,AS-10225,United States,San Francisco,California,94109,West
CA-2015-153906,3/16/2015,3/20/2015,Standard Class,MS-17980,United States,New York City,New York,10009,East
CA-2014-160262,6/9/2014,6/13/2014,Second Class,TS-21205,United States,North Las Vegas,Nevada,89031,West
CA-2015-127607,3/20/2015,3/26/2015,Standard Class,JK-15730,United States,Carrollton,Texas,75007,Central
CA-2016-166226,11/18/2016,11/22/2016,Standard Class,TC-21535,United States,Los Angeles,California,90008,West
CA-2014-156587,3/7/2014,3/8/2014,First Class,AB-10015,United States,Seattle,Washington,98103,West
CA-2016-141180,5/15/2016,5/19/2016,Second Class,DP-13000,United States,Fort Lauderdale,Florida,33311,South
CA-2015-109708,5/25/2015,5/28/2015,Second Class,CY-12745,United States,Columbia,Tennessee,38401,South
CA-2015-122406,8/2/2015,8/5/2015,Second Class,BE-11455,United States,Providence,Rhode Island,2908,East
US-2016-153815,11/6/2016,11/9/2016,First Class,KL-16555,United States,Jacksonville,Florida,32216,South
CA-2016-164896,11/7/2016,11/12/2016,Standard Class,PS-19045,United States,Oceanside,California,92054,West
CA-2015-142202,9/18/2015,9/23/2015,Second Class,JR-16210,United States,Jacksonville,Florida,32216,South
CA-2015-165050,12/7/2015,12/9/2015,First Class,AH-10210,United States,New York City,New York,10024,East
US-2016-131114,12/9/2016,12/13/2016,Second Class,RW-19630,United States,Chicago,Illinois,60610,Central
CA-2014-160066,11/16/2014,11/22/2014,Standard Class,AH-10075,United States,Huntington Beach,California,92646,West
CA-2016-109925,11/6/2016,11/10/2016,Second Class,IM-15070,United States,San Diego,California,92105,West
CA-2015-160696,9/6/2015,9/10/2015,Standard Class,CK-12760,United States,Nashville,Tennessee,37211,South
CA-2014-125171,9/3/2014,9/3/2014,Same Day,AG-10390,United States,New York City,New York,10009,East
CA-2016-149279,4/24/2016,4/28/2016,Standard Class,CL-12700,United States,Colorado Springs,Colorado,80906,West
CA-2017-107321,8/31/2017,9/4/2017,Standard Class,AW-10930,United States,San Francisco,California,94110,West
US-2017-122714,12/7/2017,12/13/2017,Standard Class,HG-14965,United States,Chicago,Illinois,60653,Central
CA-2015-153038,12/18/2015,12/25/2015,Standard Class,RB-19645,United States,Memphis,Tennessee,38109,South
CA-2014-132227,11/4/2014,11/10/2014,Standard Class,SZ-20035,United States,New York City,New York,10011,East
CA-2017-155824,3/10/2017,3/15/2017,Standard Class,KS-16300,United States,Raleigh,North Carolina,27604,South
CA-2016-129238,1/31/2016,2/4/2016,Standard Class,SC-20050,United States,Los Angeles,California,90045,West
CA-2017-159688,5/7/2017,5/12/2017,Standard Class,AB-10060,United States,Los Angeles,California,90004,West
CA-2016-136126,5/24/2016,5/24/2016,Same Day,EH-14125,United States,Newport News,Virginia,23602,South
CA-2016-155033,10/7/2016,10/12/2016,Standard Class,CC-12475,United States,Los Angeles,California,90032,West
CA-2014-156006,4/30/2014,5/2/2014,Second Class,TM-21010,United States,Jackson,Mississippi,39212,South
CA-2015-158659,11/10/2015,11/14/2015,Second Class,SC-20695,United States,Richmond,Indiana,47374,Central
CA-2015-169796,11/9/2015,11/14/2015,Standard Class,Dp-13240,United States,New York City,New York,10035,East
CA-2015-102876,9/7/2015,9/14/2015,Standard Class,LR-17035,United States,Philadelphia,Pennsylvania,19134,East
US-2017-139647,5/11/2017,5/13/2017,First Class,TS-21370,United States,Phoenix,Arizona,85023,West
US-2017-160465,7/21/2017,7/26/2017,Standard Class,SW-20350,United States,Cleveland,Ohio,44105,East
CA-2014-153850,11/24/2014,11/29/2014,Standard Class,TH-21100,United States,Toledo,Ohio,43615,East
CA-2014-127558,11/15/2014,11/18/2014,First Class,SS-20410,United States,Los Angeles,California,90008,West
CA-2017-136511,3/23/2017,3/25/2017,Second Class,MZ-17515,United States,New York City,New York,10011,East
CA-2016-133795,12/18/2016,12/24/2016,Standard Class,JE-15475,United States,San Diego,California,92037,West
US-2017-130953,7/29/2017,8/3/2017,Standard Class,RF-19735,United States,Oklahoma City,Oklahoma,73120,Central
CA-2014-151792,9/2/2014,9/7/2014,Second Class,CV-12295,United States,Chicago,Illinois,60653,Central
CA-2017-139304,1/29/2017,2/2/2017,Standard Class,VG-21790,United States,San Francisco,California,94109,West
CA-2016-155166,12/26/2016,1/2/2017,Standard Class,BB-11545,United States,Vineland,New Jersey,8360,East
CA-2015-103954,8/9/2015,8/13/2015,Second Class,HR-14770,United States,Milwaukee,Wisconsin,53209,Central
CA-2014-169803,4/6/2014,4/12/2014,Standard Class,SC-20260,United States,Seattle,Washington,98115,West
CA-2017-141719,11/17/2017,11/21/2017,Second Class,EG-13900,United States,Naperville,Illinois,60540,Central
CA-2015-136469,7/11/2015,7/12/2015,First Class,TS-21370,United States,Wilmington,Delaware,19805,East
CA-2016-158694,11/10/2016,11/13/2016,Second Class,AI-10855,United States,Los Angeles,California,90036,West
US-2014-104759,3/31/2014,4/4/2014,Standard Class,DD-13570,United States,Chicago,Illinois,60610,Central
CA-2015-150511,9/18/2015,9/24/2015,Standard Class,AB-10060,United States,Des Moines,Washington,98198,West
CA-2015-134922,11/7/2015,11/11/2015,Standard Class,KB-16240,United States,Philadelphia,Pennsylvania,19140,East
US-2017-120607,5/19/2017,5/19/2017,Same Day,JC-15775,United States,Atlanta,Georgia,30318,South
CA-2015-141243,1/3/2015,1/8/2015,Second Class,AH-10465,United States,Dallas,Texas,75217,Central
CA-2015-162166,9/8/2015,9/11/2015,First Class,NM-18520,United States,Moreno Valley,California,92553,West
CA-2016-120796,4/3/2016,4/7/2016,Standard Class,CS-11950,United States,Philadelphia,Pennsylvania,19140,East
CA-2016-109722,12/5/2016,12/7/2016,Second Class,TP-21130,United States,Georgetown,Kentucky,40324,South
CA-2015-136798,5/8/2015,5/12/2015,Standard Class,DL-12925,United States,Minneapolis,Minnesota,55407,Central
CA-2017-122196,9/22/2017,9/24/2017,First Class,CA-12265,United States,Wilmington,Delaware,19805,East
CA-2017-142090,11/30/2017,12/7/2017,Standard Class,SC-20380,United States,Burlington,North Carolina,27217,South
CA-2017-160934,1/15/2017,1/19/2017,Standard Class,TT-21460,United States,Los Angeles,California,90008,West
CA-2014-124478,8/8/2014,8/12/2014,Standard Class,MA-17560,United States,Trenton,Michigan,48183,Central
CA-2015-145485,11/5/2015,11/5/2015,Same Day,JM-16195,United States,San Francisco,California,94109,West
CA-2017-151071,4/25/2017,4/29/2017,Second Class,MB-18085,United States,Los Angeles,California,90049,West
CA-2014-134572,4/20/2014,4/22/2014,Second Class,SV-20365,United States,Houston,Texas,77070,Central
CA-2017-143217,11/11/2017,11/17/2017,Standard Class,CG-12040,United States,Milwaukee,Wisconsin,53209,Central
US-2017-133312,11/25/2017,11/29/2017,Standard Class,BD-11500,United States,San Francisco,California,94122,West
US-2015-137533,12/18/2015,12/18/2015,Same Day,JK-15640,United States,Cleveland,Ohio,44105,East
CA-2016-155138,9/8/2016,9/12/2016,Standard Class,JM-15580,United States,Monroe,North Carolina,28110,South
CA-2016-108350,6/6/2016,6/9/2016,Second Class,SC-20230,United States,Lowell,Massachusetts,1852,East
CA-2015-144302,6/19/2015,6/23/2015,Standard Class,ME-17320,United States,Dallas,Texas,75081,Central
CA-2015-109001,3/5/2015,3/9/2015,Standard Class,KN-16390,United States,Philadelphia,Pennsylvania,19120,East
CA-2017-132738,8/4/2017,8/7/2017,First Class,HM-14860,United States,Loveland,Colorado,80538,West
CA-2017-156720,12/30/2017,1/3/2018,Standard Class,JM-15580,United States,Loveland,Colorado,80538,West
CA-2015-119102,5/23/2015,5/27/2015,Standard Class,KH-16690,United States,Woonsocket,Rhode Island,2895,East
US-2014-140452,12/6/2014,12/10/2014,Standard Class,BK-11260,United States,Chicago,Illinois,60610,Central
CA-2015-141936,8/7/2015,8/12/2015,Standard Class,PN-18775,United States,Bakersfield,California,93309,West
CA-2014-158442,3/17/2014,3/17/2014,Same Day,AZ-10750,United States,Dallas,Texas,75217,Central
CA-2015-167374,3/26/2015,3/30/2015,Second Class,GM-14500,United States,Philadelphia,Pennsylvania,19140,East
CA-2014-116568,12/14/2014,12/20/2014,Standard Class,BM-11785,United States,Deltona,Florida,32725,South
CA-2015-147102,9/19/2015,9/26/2015,Standard Class,NH-18610,United States,Columbus,Georgia,31907,South
CA-2017-132213,4/25/2017,4/26/2017,First Class,PN-18775,United States,Nashville,Tennessee,37211,South
CA-2014-138450,10/18/2014,10/22/2014,Standard Class,EH-13765,United States,Philadelphia,Pennsylvania,19134,East
CA-2015-153073,11/13/2015,11/13/2015,Same Day,HA-14905,United States,Chicago,Illinois,60610,Central
CA-2016-147970,1/31/2016,2/2/2016,Second Class,AB-10150,United States,Dallas,Texas,75220,Central
CA-2016-150658,11/17/2016,11/22/2016,Standard Class,MS-17365,United States,Carlsbad,New Mexico,88220,West
CA-2017-125640,7/25/2017,7/29/2017,Standard Class,DD-13570,United States,Philadelphia,Pennsylvania,19134,East
CA-2017-154137,11/11/2017,11/17/2017,Standard Class,MT-17815,United States,New York City,New York,10009,East
CA-2015-127173,9/26/2015,10/3/2015,Standard Class,GM-14500,United States,Oceanside,New York,11572,East
CA-2014-149538,4/4/2014,4/8/2014,Standard Class,KB-16585,United States,Lafayette,Louisiana,70506,South
CA-2014-160766,9/14/2014,9/14/2014,Same Day,DM-13015,United States,New York City,New York,10009,East
CA-2017-146626,12/29/2017,1/5/2018,Standard Class,BP-11185,United States,Anaheim,California,92804,West
CA-2015-123330,6/21/2015,6/27/2015,Standard Class,EP-13915,United States,Deltona,Florida,32725,South
CA-2017-155607,11/26/2017,11/30/2017,Standard Class,FG-14260,United States,New York City,New York,10009,East
CA-2016-151323,10/23/2016,10/28/2016,Standard Class,AB-10255,United States,Seattle,Washington,98103,West
CA-2015-146696,12/14/2015,12/19/2015,Standard Class,RD-19480,United States,San Diego,California,92105,West
CA-2016-128972,11/13/2016,11/17/2016,Standard Class,TS-21430,United States,Oklahoma City,Oklahoma,73120,Central
CA-2017-128335,9/29/2017,10/5/2017,Standard Class,JA-15970,United States,Mount Vernon,New York,10550,East
CA-2015-154886,11/8/2015,11/12/2015,Standard Class,SW-20455,United States,San Francisco,California,94109,West
CA-2016-111213,4/1/2016,4/5/2016,Standard Class,FP-14320,United States,New York City,New York,10009,East
CA-2017-161333,2/2/2017,2/7/2017,Standard Class,JL-15835,United States,Los Angeles,California,90045,West
CA-2017-128734,12/24/2017,12/31/2017,Standard Class,JL-15175,United States,Chandler,Arizona,85224,West
CA-2014-141796,6/21/2014,6/21/2014,Same Day,JG-15160,United States,Long Beach,New York,11561,East
CA-2017-125101,3/6/2017,3/10/2017,Second Class,SH-19975,United States,San Francisco,California,94109,West
CA-2017-169929,9/25/2017,9/28/2017,First Class,LS-17200,United States,Helena,Montana,59601,West
US-2014-121566,6/30/2014,7/6/2014,Standard Class,CS-11860,United States,New York City,New York,10011,East
US-2015-124219,8/7/2015,8/8/2015,First Class,KW-16570,United States,Kirkwood,Missouri,63122,Central
CA-2017-163006,6/30/2017,7/4/2017,Second Class,GH-14410,United States,Chicago,Illinois,60653,Central
CA-2015-156146,10/26/2015,10/30/2015,Second Class,AG-10495,United States,Peoria,Arizona,85345,West
CA-2014-111192,7/30/2014,8/5/2014,Standard Class,TS-21430,United States,Seattle,Washington,98103,West
CA-2016-115378,11/18/2016,11/23/2016,Second Class,AJ-10945,United States,Taylor,Michigan,48180,Central
CA-2015-161627,7/6/2015,7/11/2015,Standard Class,SJ-20215,United States,Pasadena,California,91104,West
CA-2014-121006,11/10/2014,11/16/2014,Standard Class,SC-20020,United States,Midland,Michigan,48640,Central
CA-2016-122903,5/27/2016,5/29/2016,Second Class,LA-16780,United States,Detroit,Michigan,48205,Central
CA-2015-107741,3/8/2015,3/10/2015,First Class,FC-14335,United States,Pueblo,Colorado,81001,West
CA-2017-106432,10/19/2017,10/24/2017,Standard Class,CA-12265,United States,Waco,Texas,76706,Central
CA-2016-148908,11/5/2016,11/8/2016,First Class,JH-15985,United States,San Francisco,California,94109,West
CA-2016-123015,12/26/2016,12/30/2016,Standard Class,AJ-10795,United States,New York City,New York,10024,East
US-2015-120502,4/13/2015,4/19/2015,Standard Class,BT-11395,United States,Los Angeles,California,90036,West
CA-2017-108749,9/12/2017,9/15/2017,First Class,DJ-13510,United States,Woonsocket,Rhode Island,2895,East
CA-2017-163335,9/24/2017,9/27/2017,First Class,AG-10675,United States,Columbus,Georgia,31907,South
CA-2015-134719,10/10/2015,10/15/2015,Standard Class,JD-15790,United States,Jacksonville,Florida,32216,South
US-2015-154389,11/27/2015,12/3/2015,Standard Class,EH-14125,United States,Philadelphia,Pennsylvania,19140,East
CA-2015-115567,9/13/2015,9/18/2015,Standard Class,ZC-21910,United States,Columbus,Indiana,47201,Central
US-2017-136679,11/14/2017,11/18/2017,Standard Class,XP-21865,United States,Pasadena,Texas,77506,Central
US-2017-141943,5/5/2017,5/9/2017,Standard Class,DK-12985,United States,San Francisco,California,94122,West
CA-2014-101560,11/28/2014,12/1/2014,Second Class,CS-12250,United States,Columbia,South Carolina,29203,South
CA-2014-159709,5/10/2014,5/15/2014,Standard Class,AI-10855,United States,Kent,Washington,98031,West
CA-2016-103982,3/3/2016,3/8/2016,Standard Class,AA-10315,United States,Round Rock,Texas,78664,Central
CA-2015-142454,8/15/2015,8/19/2015,Standard Class,RE-19450,United States,Oakland,California,94601,West
CA-2015-102015,9/12/2015,9/18/2015,Standard Class,TM-21010,United States,Auburn,New York,13021,East
CA-2015-156755,1/12/2015,1/18/2015,Standard Class,YS-21880,United States,Newark,Delaware,19711,East
CA-2015-130876,5/12/2015,5/16/2015,Second Class,AZ-10750,United States,New York City,New York,10024,East
CA-2016-145898,9/26/2016,9/26/2016,Same Day,CM-12445,United States,Redlands,California,92374,West
US-2017-159562,9/9/2017,9/15/2017,Standard Class,JB-16000,United States,Roseville,Michigan,48066,Central
CA-2017-134635,4/15/2017,4/17/2017,Second Class,NS-18640,United States,Los Angeles,California,90049,West
CA-2017-167080,6/10/2017,6/14/2017,Standard Class,LC-16930,United States,New York City,New York,10011,East
CA-2017-145653,9/1/2017,9/1/2017,Same Day,CA-12775,United States,Detroit,Michigan,48205,Central
CA-2014-140487,6/14/2014,6/20/2014,Standard Class,SR-20425,United States,Detroit,Michigan,48234,Central
CA-2017-117401,5/18/2017,5/22/2017,Second Class,PP-18955,United States,Springfield,Missouri,65807,Central
US-2017-109582,9/12/2017,9/17/2017,Second Class,JM-15865,United States,Los Angeles,California,90036,West
CA-2016-119865,6/21/2016,6/26/2016,Standard Class,AS-10090,United States,New York City,New York,10011,East
US-2014-147648,11/26/2014,12/1/2014,Standard Class,LS-16975,United States,San Francisco,California,94109,West
CA-2017-124436,3/19/2017,3/22/2017,Second Class,SA-20830,United States,Fresno,California,93727,West
CA-2014-115084,10/18/2014,10/22/2014,Standard Class,LS-17200,United States,Texarkana,Arkansas,71854,South
CA-2017-131037,8/22/2017,8/23/2017,First Class,TM-21490,United States,San Francisco,California,94110,West
CA-2016-111143,11/19/2016,11/22/2016,First Class,TT-21265,United States,Indianapolis,Indiana,46203,Central
CA-2014-166744,9/20/2014,9/24/2014,Standard Class,DN-13690,United States,Columbia,Maryland,21044,East
CA-2016-116561,9/11/2016,9/17/2016,Standard Class,EB-14110,United States,San Jose,California,95123,West
CA-2016-110730,9/23/2016,9/26/2016,Second Class,CM-11815,United States,Seattle,Washington,98115,West
CA-2017-146367,8/4/2017,8/8/2017,Standard Class,HM-14860,United States,Carrollton,Texas,75007,Central
CA-2016-149454,7/25/2016,7/26/2016,First Class,KM-16375,United States,Arlington,Virginia,22204,South
CA-2016-156265,8/2/2016,8/4/2016,Second Class,BF-11020,United States,Los Angeles,California,90032,West
US-2015-168914,5/21/2015,5/27/2015,Standard Class,JE-15745,United States,Frankfort,Illinois,60423,Central
US-2017-110989,11/3/2017,11/5/2017,Second Class,EJ-14155,United States,Seattle,Washington,98105,West
CA-2015-106215,4/16/2015,4/21/2015,Standard Class,BN-11470,United States,Philadelphia,Pennsylvania,19143,East
US-2016-169369,12/12/2016,12/18/2016,Standard Class,EC-14050,United States,Columbus,Georgia,31907,South
CA-2015-132318,10/30/2015,11/2/2015,First Class,TT-21220,United States,Virginia Beach,Virginia,23464,South
US-2014-131982,3/7/2014,3/11/2014,Second Class,NP-18685,United States,Des Moines,Washington,98198,West
CA-2015-125185,3/5/2015,3/7/2015,Second Class,AH-10195,United States,Bethlehem,Pennsylvania,18018,East
CA-2016-130078,8/8/2016,8/14/2016,Standard Class,CC-12145,United States,Oklahoma City,Oklahoma,73120,Central
US-2017-114034,1/3/2017,1/8/2017,Standard Class,DL-13315,United States,Rancho Cucamonga,California,91730,West
US-2017-115595,10/9/2017,10/11/2017,First Class,XP-21865,United States,Los Angeles,California,90032,West
CA-2017-158722,10/20/2017,10/26/2017,Standard Class,MA-17560,United States,Philadelphia,Pennsylvania,19120,East
CA-2014-105165,9/7/2014,9/10/2014,First Class,SZ-20035,United States,Houston,Texas,77036,Central
CA-2017-147452,9/30/2017,10/3/2017,First Class,CS-11845,United States,Seattle,Washington,98103,West
US-2017-114657,11/16/2017,11/21/2017,Standard Class,MH-18115,United States,Yonkers,New York,10701,East
CA-2017-144484,9/11/2017,9/11/2017,Same Day,CB-12025,United States,San Francisco,California,94110,West
CA-2017-125913,1/16/2017,1/16/2017,Same Day,JO-15145,United States,Los Angeles,California,90008,West
US-2016-158309,11/26/2016,11/29/2016,First Class,PA-19060,United States,Miami,Florida,33142,South
CA-2015-162887,11/7/2015,11/9/2015,Second Class,SV-20785,United States,Burlington,Vermont,5408,East
CA-2017-147333,12/14/2017,12/20/2017,Standard Class,KL-16555,United States,Fayetteville,Arkansas,72701,South
CA-2014-113859,9/13/2014,9/17/2014,Standard Class,BC-11125,United States,Odessa,Texas,79762,Central
CA-2014-159681,12/7/2014,12/13/2014,Standard Class,PO-18850,United States,Virginia Beach,Virginia,23464,South
US-2017-104094,9/7/2017,9/11/2017,Standard Class,AG-10675,United States,Milwaukee,Wisconsin,53209,Central
CA-2017-152709,10/7/2017,10/12/2017,Standard Class,DB-13210,United States,Detroit,Michigan,48234,Central
CA-2015-105158,9/5/2015,9/10/2015,Standard Class,SP-20860,United States,Rochester,Minnesota,55901,Central
CA-2014-133424,3/30/2014,4/4/2014,Standard Class,Dl-13600,United States,Seattle,Washington,98105,West
CA-2017-105991,5/5/2017,5/6/2017,First Class,LH-17020,United States,Louisville,Colorado,80027,West
US-2017-136784,4/30/2017,5/5/2017,Standard Class,AD-10180,United States,San Francisco,California,94122,West
CA-2014-146283,9/8/2014,9/15/2014,Standard Class,KT-16465,United States,Houston,Texas,77036,Central
CA-2017-151218,6/20/2017,6/23/2017,First Class,PJ-19015,United States,Miami,Florida,33180,South
CA-2015-111073,12/26/2015,12/30/2015,Standard Class,MC-18100,United States,Medina,Ohio,44256,East
CA-2017-144883,8/15/2017,8/19/2017,Standard Class,BO-11350,United States,Roseville,Minnesota,55113,Central
CA-2017-142174,3/4/2017,3/9/2017,Standard Class,DP-13000,United States,Houston,Texas,77041,Central
CA-2017-108791,7/27/2017,7/31/2017,Standard Class,TM-21490,United States,Yonkers,New York,10701,East
CA-2016-106656,9/23/2016,9/26/2016,First Class,DV-13045,United States,San Diego,California,92037,West
CA-2016-113831,5/30/2016,6/3/2016,Standard Class,AH-10690,United States,Springfield,Virginia,22153,South
US-2014-139500,11/16/2014,11/20/2014,Standard Class,AB-10165,United States,Decatur,Illinois,62521,Central
US-2014-166310,9/21/2014,9/23/2014,First Class,JS-15940,United States,Garland,Texas,75043,Central
US-2016-168410,2/21/2016,2/26/2016,Standard Class,BV-11245,United States,Oceanside,New York,11572,East
CA-2017-131254,11/19/2017,11/21/2017,First Class,NC-18415,United States,Houston,Texas,77095,Central
CA-2016-123414,8/21/2016,8/27/2016,Standard Class,SU-20665,United States,Greenville,North Carolina,27834,South
CA-2017-137876,4/30/2017,5/5/2017,Standard Class,DJ-13510,United States,San Francisco,California,94110,West
CA-2016-154060,5/2/2016,5/8/2016,Standard Class,DL-12865,United States,Greensboro,North Carolina,27405,South
US-2017-162558,10/2/2017,10/5/2017,First Class,Dp-13240,United States,Knoxville,Tennessee,37918,South
CA-2017-134439,9/18/2017,9/23/2017,Second Class,TM-21010,United States,Grand Island,Nebraska,68801,Central
CA-2015-119508,12/4/2015,12/9/2015,Standard Class,TZ-21580,United States,Lakewood,California,90712,West
CA-2015-152681,1/17/2015,1/22/2015,Standard Class,SC-20260,United States,Lawrence,Massachusetts,1841,East
CA-2014-130813,1/6/2014,1/8/2014,Second Class,LS-17230,United States,Los Angeles,California,90049,West
CA-2015-120320,3/5/2015,3/9/2015,Standard Class,MV-18190,United States,Houston,Texas,77036,Central
CA-2016-111941,12/25/2016,12/28/2016,Second Class,BD-11620,United States,New York City,New York,10035,East
CA-2016-123120,9/4/2016,9/8/2016,Standard Class,CV-12295,United States,New York City,New York,10011,East
CA-2014-103331,8/26/2014,9/1/2014,Standard Class,KB-16315,United States,Newark,Delaware,19711,East
CA-2015-169278,5/21/2015,5/25/2015,Standard Class,ME-18010,United States,Seattle,Washington,98105,West
CA-2017-111577,10/16/2017,10/21/2017,Standard Class,AJ-10780,United States,Scottsdale,Arizona,85254,West
CA-2015-146486,11/9/2015,11/14/2015,Second Class,DV-13465,United States,Oceanside,New York,11572,East
US-2014-168501,11/21/2014,11/27/2014,Standard Class,JK-15325,United States,Dallas,Texas,75220,Central
CA-2015-112053,10/11/2015,10/13/2015,Second Class,SH-20395,United States,Rochester,New York,14609,East
CA-2017-108539,3/21/2017,3/23/2017,Second Class,SC-20725,United States,Los Angeles,California,90045,West
CA-2015-149811,1/4/2015,1/10/2015,Standard Class,CS-12250,United States,Woodbury,Minnesota,55125,Central
US-2017-103814,12/9/2017,12/16/2017,Standard Class,LH-16900,United States,Park Ridge,Illinois,60068,Central
CA-2016-123932,9/6/2016,9/12/2016,Standard Class,YC-21895,United States,Dallas,Texas,75217,Central
US-2016-101616,9/3/2016,9/6/2016,First Class,CY-12745,United States,Monroe,Louisiana,71203,South
CA-2014-113768,5/13/2014,5/19/2014,Standard Class,AH-10030,United States,Los Angeles,California,90004,West
CA-2016-138037,9/29/2016,10/3/2016,Standard Class,AR-10540,United States,San Francisco,California,94109,West
CA-2014-150490,8/5/2014,8/11/2014,Standard Class,SS-20590,United States,San Francisco,California,94122,West
US-2017-126060,4/14/2017,4/18/2017,Standard Class,DW-13585,United States,Fayetteville,North Carolina,28314,South
CA-2017-100951,6/9/2017,6/10/2017,First Class,NC-18625,United States,Dallas,Texas,75217,Central
CA-2016-122017,12/29/2016,1/2/2017,Standard Class,CD-11920,United States,Wichita,Kansas,67212,Central
CA-2014-123477,1/18/2014,1/21/2014,Second Class,DW-13195,United States,Springfield,Oregon,97477,West
CA-2016-107790,11/20/2016,11/24/2016,Standard Class,EH-13990,United States,Houston,Texas,77041,Central
CA-2017-158071,6/10/2017,6/15/2017,Standard Class,BD-11320,United States,Seattle,Washington,98103,West
CA-2017-147403,9/10/2017,9/13/2017,First Class,KH-16630,United States,Akron,Ohio,44312,East
US-2017-136721,4/8/2017,4/12/2017,Standard Class,NH-18610,United States,Oak Park,Michigan,48237,Central
CA-2015-118738,10/24/2015,10/30/2015,Standard Class,AG-10495,United States,Houston,Texas,77041,Central
CA-2017-134152,5/27/2017,5/31/2017,Standard Class,RP-19855,United States,Seattle,Washington,98103,West
CA-2014-125542,12/5/2014,12/7/2014,First Class,NB-18655,United States,Philadelphia,Pennsylvania,19134,East
CA-2016-136021,8/14/2016,8/18/2016,Standard Class,JM-15580,United States,Los Angeles,California,90045,West
CA-2016-149195,9/5/2016,9/7/2016,Second Class,DM-13525,United States,Houston,Texas,77070,Central
CA-2017-161410,6/26/2017,7/3/2017,Standard Class,CC-12220,United States,Philadelphia,Pennsylvania,19143,East
CA-2017-152786,3/12/2017,3/17/2017,Standard Class,GA-14725,United States,Rogers,Arkansas,72756,South
CA-2017-164707,2/18/2017,2/21/2017,Second Class,CV-12805,United States,Los Angeles,California,90045,West
CA-2017-163874,11/10/2017,11/12/2017,Second Class,NC-18535,United States,Seattle,Washington,98105,West
US-2014-123183,11/19/2014,11/25/2014,Standard Class,GR-14560,United States,Wilmington,Delaware,19805,East
CA-2014-104829,11/18/2014,11/21/2014,Second Class,JG-15805,United States,Provo,Utah,84604,West
US-2016-147340,9/24/2016,9/24/2016,Same Day,EB-13750,United States,San Francisco,California,94110,West
CA-2016-145492,11/20/2016,11/27/2016,Standard Class,MC-17605,United States,Los Angeles,California,90004,West
CA-2016-163202,9/27/2016,10/2/2016,Standard Class,BM-11650,United States,Lancaster,Ohio,43130,East
CA-2016-117681,4/9/2016,4/14/2016,Standard Class,HF-14995,United States,Los Angeles,California,90004,West
CA-2017-132262,9/21/2017,9/23/2017,First Class,ML-18265,United States,Seattle,Washington,98103,West
CA-2017-123043,8/24/2017,8/29/2017,Standard Class,AH-10195,United States,New York City,New York,10024,East
US-2016-143280,2/22/2016,2/26/2016,Standard Class,TZ-21580,United States,Los Angeles,California,90045,West
CA-2017-108854,12/8/2017,12/14/2017,Standard Class,DM-13345,United States,San Francisco,California,94109,West
CA-2017-166856,9/18/2017,9/22/2017,Standard Class,TS-21505,United States,Clovis,New Mexico,88101,West
CA-2016-153157,9/11/2016,9/14/2016,First Class,TB-21625,United States,Wichita,Kansas,67212,Central
US-2017-125647,9/23/2017,9/28/2017,Standard Class,LC-16870,United States,Chicago,Illinois,60653,Central
CA-2014-132542,10/6/2014,10/8/2014,Second Class,AM-10360,United States,Omaha,Nebraska,68104,Central
CA-2015-110877,10/23/2015,10/26/2015,First Class,JE-15715,United States,Houston,Texas,77041,Central
US-2016-151827,3/31/2016,4/2/2016,Second Class,CS-11950,United States,Philadelphia,Pennsylvania,19134,East
US-2016-163258,12/29/2016,1/2/2017,Standard Class,PF-19225,United States,Los Angeles,California,90045,West
CA-2017-103009,11/3/2017,11/5/2017,Second Class,PJ-18835,United States,Richmond,Kentucky,40475,South
US-2017-120649,1/20/2017,1/26/2017,Standard Class,JF-15490,United States,Waterbury,Connecticut,6708,East
CA-2016-153598,12/3/2016,12/6/2016,First Class,NM-18520,United States,Los Angeles,California,90045,West
US-2016-108497,6/14/2016,6/14/2016,Same Day,MH-17290,United States,Los Angeles,California,90036,West
CA-2016-113096,9/2/2016,9/4/2016,First Class,SZ-20035,United States,San Francisco,California,94122,West
CA-2014-136861,9/5/2014,9/7/2014,First Class,PR-18880,United States,Saint Petersburg,Florida,33710,South
CA-2017-117422,10/21/2017,10/25/2017,Standard Class,FC-14245,United States,Lakewood,Ohio,44107,East
CA-2017-129707,4/25/2017,4/29/2017,Standard Class,LH-16750,United States,Chandler,Arizona,85224,West
CA-2015-160171,10/19/2015,10/24/2015,Standard Class,RM-19675,United States,Los Angeles,California,90008,West
CA-2014-103317,7/5/2014,7/8/2014,First Class,DM-13525,United States,Palm Coast,Florida,32137,South
CA-2016-167115,4/4/2016,4/9/2016,Standard Class,EH-14185,United States,New York City,New York,10035,East
US-2017-153633,11/13/2017,11/18/2017,Second Class,TC-21295,United States,Jupiter,Florida,33458,South
CA-2017-155929,9/9/2017,9/13/2017,Standard Class,AI-10855,United States,Glendale,Arizona,85301,West
CA-2015-148712,4/17/2015,4/23/2015,Standard Class,JM-15535,United States,New York City,New York,10035,East
CA-2016-128307,7/25/2016,7/29/2016,Standard Class,BE-11335,United States,Houston,Texas,77041,Central
US-2016-127425,8/26/2016,8/31/2016,Standard Class,DR-12880,United States,New York City,New York,10035,East
US-2014-119081,9/12/2014,9/19/2014,Standard Class,TA-21385,United States,Olathe,Kansas,66062,Central
CA-2016-140613,7/22/2016,7/29/2016,Standard Class,KN-16705,United States,Sparks,Nevada,89431,West
US-2017-108700,5/19/2017,5/23/2017,Standard Class,PJ-18835,United States,Rockford,Illinois,61107,Central
CA-2017-160962,4/28/2017,5/2/2017,Standard Class,MC-17605,United States,Philadelphia,Pennsylvania,19143,East
CA-2017-130631,12/29/2017,1/2/2018,Standard Class,BS-11755,United States,Edmonds,Washington,98026,West
CA-2017-116680,9/4/2017,9/6/2017,Second Class,PK-19075,United States,San Francisco,California,94122,West
US-2014-107405,3/21/2014,3/25/2014,Standard Class,TS-21205,United States,Asheville,North Carolina,28806,South
CA-2017-101574,9/28/2017,10/4/2017,Standard Class,BD-11725,United States,Los Angeles,California,90032,West
CA-2014-146591,1/19/2014,1/20/2014,First Class,TS-21340,United States,Scottsdale,Arizona,85254,West
CA-2014-107706,2/14/2014,2/19/2014,Second Class,ST-20530,United States,Houston,Texas,77095,Central
CA-2016-122448,6/9/2016,6/14/2016,Standard Class,DB-13210,United States,San Francisco,California,94109,West
CA-2014-132451,9/26/2014,9/27/2014,First Class,KF-16285,United States,San Diego,California,92105,West
CA-2016-158547,5/30/2016,6/4/2016,Standard Class,JM-16195,United States,Hamilton,Ohio,45011,East
CA-2017-116946,12/19/2017,12/23/2017,Standard Class,TS-21505,United States,Parker,Colorado,80134,West
CA-2017-121741,12/26/2017,12/26/2017,Same Day,YC-21895,United States,Fremont,Nebraska,68025,Central
CA-2017-169691,6/15/2017,6/18/2017,First Class,Dp-13240,United States,Maple Grove,Minnesota,55369,Central
CA-2016-121356,11/20/2016,11/24/2016,Standard Class,SJ-20500,United States,Newark,Delaware,19711,East
CA-2014-101770,3/31/2014,4/4/2014,Standard Class,KB-16240,United States,Miami,Florida,33180,South
CA-2017-105487,10/8/2017,10/14/2017,Standard Class,CS-12250,United States,San Diego,California,92105,West
CA-2017-148999,1/30/2017,2/4/2017,Standard Class,EB-13870,United States,Miami,Florida,33142,South
CA-2014-107573,12/12/2014,12/17/2014,Standard Class,PB-19150,United States,Miami,Florida,33178,South
CA-2015-156608,10/24/2015,10/29/2015,Standard Class,MT-18070,United States,San Antonio,Texas,78207,Central
CA-2017-134495,4/1/2017,4/4/2017,Second Class,BF-11020,United States,Jacksonville,Florida,32216,South
CA-2017-164098,1/26/2017,1/27/2017,First Class,CG-12520,United States,Houston,Texas,77070,Central
CA-2014-105249,11/28/2014,11/28/2014,Same Day,DH-13675,United States,San Francisco,California,94122,West
CA-2015-113523,9/4/2015,9/8/2015,Standard Class,SC-20440,United States,Philadelphia,Pennsylvania,19140,East
CA-2017-117821,6/12/2017,6/16/2017,Standard Class,HG-15025,United States,Marion,Ohio,43302,East
CA-2017-164378,7/15/2017,7/18/2017,Second Class,MM-18055,United States,New York City,New York,10024,East
CA-2017-127782,11/2/2017,11/6/2017,Standard Class,TH-21115,United States,Philadelphia,Pennsylvania,19140,East
US-2016-162026,10/8/2016,10/8/2016,Same Day,JE-15745,United States,Los Angeles,California,90036,West
CA-2016-150000,4/8/2016,4/14/2016,Standard Class,PG-18820,United States,Smyrna,Georgia,30080,South
CA-2015-168529,10/8/2015,10/12/2015,Standard Class,MB-17305,United States,San Francisco,California,94122,West
US-2017-152569,5/15/2017,5/20/2017,Standard Class,JD-16015,United States,Chicago,Illinois,60653,Central
US-2014-137680,2/24/2014,3/2/2014,Standard Class,JH-15430,United States,Medford,Oregon,97504,West
CA-2015-103177,5/30/2015,6/1/2015,First Class,EN-13780,United States,New York City,New York,10009,East
US-2016-138408,11/18/2016,11/21/2016,Second Class,KC-16255,United States,Huntsville,Alabama,35810,South
CA-2017-117667,12/4/2017,12/9/2017,Standard Class,MS-17980,United States,Philadelphia,Pennsylvania,19134,East
CA-2016-110982,6/5/2016,6/7/2016,First Class,CK-12205,United States,Santa Clara,California,95051,West
CA-2016-147123,12/10/2016,12/12/2016,First Class,SJ-20125,United States,Long Beach,California,90805,West
CA-2017-154501,4/30/2017,5/5/2017,Standard Class,EA-14035,United States,Los Angeles,California,90008,West
CA-2017-166933,4/24/2017,4/28/2017,Standard Class,MG-17890,United States,Santa Barbara,California,93101,West
CA-2015-142055,5/8/2015,5/10/2015,First Class,AB-10255,United States,New York City,New York,10009,East
CA-2015-137106,3/31/2015,4/4/2015,Standard Class,SC-20260,United States,Jacksonville,Florida,32216,South
CA-2017-136609,8/6/2017,8/11/2017,Standard Class,TB-21355,United States,Cedar Hill,Texas,75104,Central
CA-2017-160885,12/2/2017,12/6/2017,Standard Class,JK-16090,United States,Omaha,Nebraska,68104,Central
US-2016-167472,6/6/2016,6/7/2016,First Class,CK-12595,United States,Little Rock,Arkansas,72209,South
CA-2015-120551,4/13/2015,4/20/2015,Standard Class,SS-20590,United States,Norfolk,Nebraska,68701,Central
US-2017-150595,5/22/2017,5/26/2017,Standard Class,LE-16810,United States,Chicago,Illinois,60653,Central
CA-2016-134936,12/19/2016,12/25/2016,Standard Class,ES-14080,United States,Tucson,Arizona,85705,West
CA-2017-102967,9/22/2017,9/26/2017,Standard Class,MG-17890,United States,Concord,New Hampshire,3301,East
CA-2017-151008,9/7/2017,9/8/2017,First Class,JM-16195,United States,Draper,Utah,84020,West
CA-2014-159800,11/28/2014,12/1/2014,First Class,SG-20470,United States,San Francisco,California,94109,West
US-2014-159618,11/12/2014,11/16/2014,Standard Class,DB-12970,United States,Houston,Texas,77036,Central
CA-2017-116113,10/2/2017,10/6/2017,Second Class,JW-15220,United States,Montgomery,Alabama,36116,South
CA-2015-125066,12/14/2015,12/18/2015,Standard Class,KD-16495,United States,Jackson,Mississippi,39212,South
US-2015-114741,12/6/2015,12/10/2015,Standard Class,IL-15100,United States,North Las Vegas,Nevada,89031,West
CA-2017-133263,3/31/2017,4/2/2017,Second Class,JE-15610,United States,Atlanta,Georgia,30318,South
CA-2017-157966,3/13/2017,3/13/2017,Same Day,SU-20665,United States,Chicago,Illinois,60610,Central
CA-2014-151162,12/5/2014,12/9/2014,Standard Class,EA-14035,United States,Columbus,Ohio,43229,East
CA-2016-136686,12/12/2016,12/16/2016,Standard Class,RF-19840,United States,Pasadena,California,91104,West
CA-2017-137498,9/9/2017,9/14/2017,Second Class,LC-17050,United States,Los Angeles,California,90004,West
CA-2017-163818,10/4/2017,10/8/2017,Standard Class,PS-18970,United States,Clinton,Maryland,20735,East
CA-2016-161158,5/9/2016,5/13/2016,Standard Class,PS-18970,United States,New York City,New York,10024,East
CA-2014-116673,12/15/2014,12/19/2014,Second Class,JO-15280,United States,San Diego,California,92037,West
CA-2017-105333,11/30/2017,12/4/2017,Standard Class,VP-21730,United States,New York City,New York,10011,East
CA-2015-149993,3/19/2015,3/20/2015,First Class,GA-14725,United States,Lancaster,California,93534,West
CA-2014-168158,7/19/2014,7/24/2014,Standard Class,EM-14140,United States,Great Falls,Montana,59405,West
CA-2016-115224,12/8/2016,12/11/2016,Second Class,DB-13615,United States,San Francisco,California,94110,West
CA-2014-164742,10/13/2014,10/18/2014,Second Class,ML-17395,United States,Lakewood,New Jersey,8701,East
US-2017-108014,11/19/2017,11/25/2017,Standard Class,JH-15430,United States,Cleveland,Ohio,44105,East
CA-2017-160325,9/24/2017,9/24/2017,Same Day,BP-11095,United States,Lawrence,Massachusetts,1841,East
CA-2015-159779,9/25/2015,9/29/2015,Standard Class,SB-20185,United States,Concord,New Hampshire,3301,East
CA-2017-151176,2/13/2017,2/20/2017,Standard Class,SV-20785,United States,Baltimore,Maryland,21215,East
CA-2014-108903,10/3/2014,10/3/2014,Same Day,DO-13435,United States,Columbus,Ohio,43229,East
CA-2016-117919,8/27/2016,8/29/2016,Second Class,TB-21355,United States,Houston,Texas,77041,Central
CA-2015-142475,12/3/2015,12/7/2015,Standard Class,BS-11380,United States,New York City,New York,10011,East
CA-2016-134516,9/20/2016,9/25/2016,Standard Class,FM-14215,United States,Greensboro,North Carolina,27405,South
CA-2017-105193,3/25/2017,3/31/2017,Standard Class,JL-15835,United States,New York City,New York,10024,East
CA-2015-168634,12/6/2015,12/11/2015,Standard Class,AF-10870,United States,San Francisco,California,94109,West
CA-2017-117198,8/31/2017,9/5/2017,Standard Class,BG-11035,United States,Monroe,Louisiana,71203,South
CA-2015-145828,10/5/2015,10/7/2015,First Class,MB-17305,United States,Cincinnati,Ohio,45231,East
CA-2017-121027,8/18/2017,8/22/2017,Standard Class,HW-14935,United States,Seattle,Washington,98105,West
CA-2016-147431,2/2/2016,2/7/2016,Standard Class,AB-10105,United States,New York City,New York,10011,East
CA-2016-158001,8/23/2016,8/27/2016,Standard Class,JP-15460,United States,New York City,New York,10035,East
CA-2017-125745,6/30/2017,7/4/2017,Standard Class,DV-13045,United States,Memphis,Tennessee,38109,South
CA-2015-101154,9/18/2015,9/21/2015,First Class,CM-12190,United States,San Diego,California,92105,West
US-2016-124163,9/25/2016,9/30/2016,Standard Class,SC-20695,United States,La Crosse,Wisconsin,54601,Central
CA-2016-121748,10/24/2016,10/28/2016,Second Class,VW-21775,United States,Los Angeles,California,90032,West
CA-2014-126683,9/29/2014,10/1/2014,Second Class,PP-18955,United States,Seattle,Washington,98115,West
CA-2017-148810,6/26/2017,7/1/2017,Standard Class,DR-12880,United States,Miami,Florida,33180,South
US-2016-146066,8/21/2016,8/23/2016,Second Class,RB-19465,United States,Philadelphia,Pennsylvania,19143,East
CA-2014-127614,2/11/2014,2/15/2014,Standard Class,NF-18385,United States,Chesapeake,Virginia,23320,South
CA-2016-101742,9/23/2016,9/28/2016,Second Class,CR-12580,United States,New York City,New York,10009,East
CA-2015-134943,12/5/2015,12/6/2015,First Class,SU-20665,United States,Ann Arbor,Michigan,48104,Central
CA-2017-123022,9/3/2017,9/8/2017,Standard Class,SC-20050,United States,La Mesa,California,91941,West
CA-2017-113208,3/26/2017,4/2/2017,Standard Class,ML-18040,United States,Dearborn,Michigan,48126,Central
CA-2014-154893,12/21/2014,12/27/2014,Standard Class,GM-14440,United States,San Diego,California,92024,West
CA-2014-147900,9/23/2014,9/28/2014,Standard Class,JK-15640,United States,Lakewood,Ohio,44107,East
CA-2017-106355,4/2/2017,4/5/2017,First Class,AT-10435,United States,Meriden,Connecticut,6450,East
CA-2016-127985,4/1/2016,4/5/2016,Second Class,DB-12910,United States,Columbus,Georgia,31907,South
CA-2015-166604,5/15/2015,5/20/2015,Second Class,AH-10690,United States,Roswell,Georgia,30076,South
CA-2017-120719,3/23/2017,3/26/2017,First Class,SJ-20125,United States,Seattle,Washington,98105,West
CA-2017-127117,4/14/2017,4/19/2017,Standard Class,HM-14860,United States,Morristown,New Jersey,7960,East
CA-2015-104241,1/4/2015,1/9/2015,Standard Class,AG-10495,United States,Alexandria,Virginia,22304,South
CA-2017-168179,11/2/2017,11/7/2017,Standard Class,JB-16000,United States,Salt Lake City,Utah,84106,West
CA-2017-142342,7/17/2017,7/19/2017,Second Class,AJ-10795,United States,Apple Valley,California,92307,West
CA-2017-109099,10/6/2017,10/11/2017,Standard Class,MM-18280,United States,New York City,New York,10009,East
US-2014-134187,11/4/2014,11/11/2014,Standard Class,TH-21235,United States,Long Beach,California,90805,West
CA-2016-145261,12/18/2016,12/21/2016,First Class,AH-10120,United States,Salem,Oregon,97301,West
CA-2016-108875,9/24/2016,10/1/2016,Standard Class,CL-12700,United States,Aurora,Colorado,80013,West
CA-2016-141957,7/21/2016,7/21/2016,Same Day,JG-15310,United States,Newark,Ohio,43055,East
CA-2016-142405,6/11/2016,6/15/2016,Standard Class,SE-20110,United States,Seattle,Washington,98103,West
CA-2015-141012,6/9/2015,6/11/2015,Second Class,TG-21640,United States,Pocatello,Idaho,83201,West
CA-2017-127922,10/27/2017,11/3/2017,Standard Class,SH-19975,United States,Dallas,Texas,75081,Central
CA-2016-146318,1/22/2016,1/27/2016,Standard Class,MC-17275,United States,Seattle,Washington,98105,West
CA-2014-135993,5/28/2014,6/2/2014,Standard Class,PJ-18835,United States,Seattle,Washington,98115,West
CA-2014-126802,12/29/2014,1/5/2015,Standard Class,ZC-21910,United States,Chicago,Illinois,60610,Central
CA-2016-143924,7/28/2016,8/3/2016,Standard Class,SC-20680,United States,Holland,Michigan,49423,Central
CA-2016-141551,9/24/2016,9/30/2016,Standard Class,BP-11230,United States,Broken Arrow,Oklahoma,74012,Central
CA-2014-164315,4/2/2014,4/8/2014,Standard Class,RD-19585,United States,Athens,Georgia,30605,South
CA-2015-131072,11/5/2015,11/5/2015,Same Day,KL-16645,United States,Seattle,Washington,98105,West
CA-2014-131541,7/28/2014,7/28/2014,Same Day,CK-12205,United States,Apopka,Florida,32712,South
CA-2015-119550,12/26/2015,12/31/2015,Standard Class,RB-19705,United States,Houston,Texas,77070,Central
US-2015-138093,12/10/2015,12/16/2015,Standard Class,KM-16225,United States,Baltimore,Maryland,21215,East
CA-2016-126165,5/5/2016,5/7/2016,Second Class,AH-10465,United States,San Francisco,California,94109,West
CA-2017-126123,10/14/2017,10/18/2017,Standard Class,AG-10765,United States,Chicago,Illinois,60623,Central
CA-2016-143441,11/5/2016,11/5/2016,Same Day,EB-14170,United States,Laredo,Texas,78041,Central
CA-2017-148320,11/3/2017,11/8/2017,Standard Class,PG-18895,United States,San Francisco,California,94109,West
CA-2016-125661,11/24/2016,11/26/2016,First Class,CA-12055,United States,Cleveland,Ohio,44105,East
US-2014-123519,12/14/2014,12/21/2014,Standard Class,SS-20875,United States,Marion,Ohio,43302,East
CA-2014-155593,11/3/2014,11/8/2014,Standard Class,RP-19390,United States,Fairfield,Connecticut,6824,East
CA-2017-136000,9/22/2017,9/25/2017,Second Class,SC-20440,United States,New York City,New York,10009,East
US-2015-160857,5/8/2015,5/15/2015,Standard Class,NW-18400,United States,New York City,New York,10024,East
CA-2017-115805,7/31/2017,7/31/2017,Same Day,KW-16435,United States,Chicago,Illinois,60653,Central
US-2014-143707,3/1/2014,3/5/2014,Standard Class,HR-14770,United States,New York City,New York,10035,East
CA-2017-116939,9/25/2017,9/29/2017,Standard Class,AG-10900,United States,Richmond,Virginia,23223,South
CA-2015-124107,10/9/2015,10/12/2015,Second Class,BM-11650,United States,Ann Arbor,Michigan,48104,Central
CA-2017-126550,3/29/2017,4/2/2017,Second Class,RD-19720,United States,Lafayette,Indiana,47905,Central
CA-2015-138674,11/14/2015,11/17/2015,First Class,KB-16585,United States,Springfield,Oregon,97477,West
CA-2016-165820,9/26/2016,9/30/2016,Standard Class,DW-13585,United States,San Francisco,California,94109,West
CA-2014-103191,9/22/2014,9/27/2014,Standard Class,VG-21805,United States,Chicago,Illinois,60653,Central
CA-2015-103933,9/25/2015,9/27/2015,First Class,DR-12880,United States,New York City,New York,10011,East
CA-2015-110548,5/4/2015,5/8/2015,Standard Class,AH-10690,United States,Houston,Texas,77095,Central
CA-2017-117324,12/8/2017,12/13/2017,Standard Class,JP-15520,United States,Madison,Wisconsin,53711,Central
CA-2017-143574,6/29/2017,7/2/2017,First Class,DR-12880,United States,Milford,Connecticut,6460,East
CA-2014-111773,6/29/2014,7/3/2014,Standard Class,JK-15625,United States,New York City,New York,10024,East
CA-2014-148614,1/20/2014,1/25/2014,Standard Class,MV-17485,United States,Los Angeles,California,90049,West
CA-2017-156139,12/31/2016,1/6/2017,Standard Class,BP-11155,United States,San Francisco,California,94109,West
US-2017-147886,3/28/2017,3/31/2017,First Class,DH-13075,United States,Fairfield,California,94533,West
CA-2016-113733,12/8/2016,12/12/2016,Standard Class,LH-16900,United States,Greenville,North Carolina,27834,South
CA-2017-104913,11/18/2017,11/22/2017,Standard Class,DK-13090,United States,Long Beach,New York,11561,East
CA-2014-145800,5/30/2014,6/5/2014,Standard Class,SS-20410,United States,Buffalo Grove,Illinois,60089,Central
CA-2016-125850,1/22/2016,1/28/2016,Standard Class,FP-14320,United States,San Diego,California,92037,West
CA-2016-118514,2/3/2016,2/10/2016,Standard Class,LC-17050,United States,Richmond,Kentucky,40475,South
CA-2015-150749,3/29/2015,4/3/2015,Second Class,AS-10240,United States,Springfield,Virginia,22153,South
CA-2014-163748,10/14/2014,10/18/2014,Standard Class,HG-15025,United States,Fort Worth,Texas,76106,Central
CA-2015-119634,8/11/2015,8/16/2015,Standard Class,BW-11065,United States,Raleigh,North Carolina,27604,South
CA-2015-149300,11/22/2015,11/23/2015,First Class,BH-11710,United States,Hialeah,Florida,33012,South
US-2016-111528,12/30/2016,12/30/2016,Same Day,JP-16135,United States,Los Angeles,California,90032,West
CA-2017-158169,8/12/2017,8/15/2017,First Class,JM-16195,United States,Lake Forest,California,92630,West
CA-2015-162047,11/3/2015,11/5/2015,First Class,FH-14365,United States,Long Beach,New York,11561,East
CA-2015-117772,9/10/2015,9/12/2015,Second Class,MC-17575,United States,Seattle,Washington,98103,West
US-2014-126340,11/8/2014,11/14/2014,Standard Class,EB-13870,United States,Redding,California,96003,West
CA-2016-149685,10/8/2016,10/15/2016,Standard Class,PM-19135,United States,San Antonio,Texas,78207,Central
CA-2017-126396,9/8/2017,9/12/2017,Second Class,AR-10345,United States,Houston,Texas,77070,Central
CA-2015-154900,2/25/2015,3/1/2015,Standard Class,SS-20875,United States,Leominster,Massachusetts,1453,East
CA-2015-103835,9/24/2015,9/28/2015,Standard Class,SC-20440,United States,Los Angeles,California,90032,West
CA-2015-158939,11/26/2015,12/1/2015,Standard Class,EA-14035,United States,Springfield,Missouri,65807,Central
CA-2016-117408,8/31/2016,9/6/2016,Standard Class,TP-21130,United States,Waco,Texas,76706,Central
CA-2016-142398,4/12/2016,4/16/2016,Standard Class,BP-11290,United States,Los Angeles,California,90036,West
CA-2016-105277,12/4/2016,12/8/2016,Standard Class,LM-17065,United States,Auburn,New York,13021,East
CA-2016-112060,12/4/2016,12/9/2016,Standard Class,KT-16465,United States,San Francisco,California,94109,West
CA-2014-105270,11/11/2014,11/18/2014,Standard Class,AP-10915,United States,Los Angeles,California,90008,West
US-2015-159513,4/2/2015,4/9/2015,Standard Class,JD-15790,United States,Los Angeles,California,90049,West
CA-2015-155586,12/12/2015,12/16/2015,Second Class,XP-21865,United States,Chico,California,95928,West
CA-2017-141117,10/2/2017,10/8/2017,Standard Class,JK-16090,United States,Springfield,Oregon,97477,West
CA-2017-115070,4/10/2017,4/14/2017,Second Class,MG-18205,United States,Jacksonville,Florida,32216,South
CA-2017-140186,9/29/2017,10/2/2017,First Class,PG-18820,United States,Bakersfield,California,93309,West
CA-2014-124856,9/29/2014,10/3/2014,Second Class,LD-17005,United States,New York City,New York,10011,East
CA-2014-166716,8/20/2014,8/25/2014,Second Class,CR-12730,United States,Chicago,Illinois,60610,Central
CA-2014-123225,7/11/2014,7/14/2014,First Class,MN-17935,United States,El Paso,Texas,79907,Central
CA-2015-163440,3/22/2015,3/24/2015,First Class,RD-19900,United States,Thousand Oaks,California,91360,West
US-2017-106796,5/12/2017,5/19/2017,Standard Class,JP-16135,United States,Springfield,Ohio,45503,East
CA-2017-113873,11/13/2017,11/19/2017,Standard Class,KE-16420,United States,Dallas,Texas,75220,Central
CA-2016-149783,9/4/2016,9/7/2016,Second Class,DL-13315,United States,Knoxville,Tennessee,37918,South
CA-2016-125017,2/6/2016,2/11/2016,Standard Class,KB-16240,United States,Chattanooga,Tennessee,37421,South
US-2015-163279,3/22/2015,3/26/2015,Standard Class,JD-16150,United States,San Diego,California,92037,West
CA-2015-150196,7/2/2015,7/3/2015,First Class,SR-20740,United States,New York City,New York,10024,East
US-2015-106495,6/15/2015,6/17/2015,First Class,AC-10450,United States,Tampa,Florida,33614,South
CA-2014-124730,11/26/2014,11/26/2014,Same Day,LS-17245,United States,Utica,New York,13501,East
CA-2017-117632,5/12/2017,5/18/2017,Standard Class,CS-12175,United States,San Francisco,California,94122,West
CA-2014-115056,5/2/2014,5/2/2014,Same Day,AR-10510,United States,Columbus,Ohio,43229,East
CA-2017-161067,9/3/2017,9/6/2017,Second Class,KB-16405,United States,New York City,New York,10035,East
CA-2016-122063,12/3/2016,12/7/2016,Standard Class,MM-17920,United States,Richmond,Indiana,47374,Central
CA-2015-111206,7/18/2015,7/22/2015,Standard Class,RF-19735,United States,San Diego,California,92105,West
CA-2016-142895,7/21/2016,7/26/2016,Standard Class,BP-11290,United States,Concord,North Carolina,28027,South
CA-2015-101868,6/9/2015,6/16/2015,Standard Class,MJ-17740,United States,Miami,Florida,33178,South
CA-2017-133207,11/27/2017,12/3/2017,Standard Class,DO-13645,United States,Los Angeles,California,90036,West
CA-2015-132948,3/27/2015,4/3/2015,Standard Class,MV-17485,United States,Seattle,Washington,98115,West
CA-2015-134992,9/22/2015,9/26/2015,Second Class,MG-17875,United States,Arlington,Virginia,22204,South
CA-2015-126725,11/17/2015,11/21/2015,Standard Class,BS-11665,United States,San Diego,California,92105,West
CA-2015-121783,11/10/2015,11/14/2015,Standard Class,PO-19180,United States,Roseville,Minnesota,55113,Central
US-2014-138835,9/10/2014,9/14/2014,Standard Class,DA-13450,United States,Virginia Beach,Virginia,23464,South
CA-2015-112214,8/5/2015,8/11/2015,Standard Class,AH-10690,United States,Dallas,Texas,75220,Central
US-2017-153255,9/3/2017,9/7/2017,Second Class,JK-15730,United States,Concord,California,94521,West
CA-2015-108119,11/1/2015,11/8/2015,Standard Class,MS-17530,United States,Conway,Arkansas,72032,South
CA-2015-157434,4/29/2015,5/4/2015,Second Class,JK-15640,United States,Philadelphia,Pennsylvania,19120,East
CA-2016-101525,5/1/2016,5/4/2016,Second Class,CM-12235,United States,Little Rock,Arkansas,72209,South
US-2014-117968,8/5/2014,8/7/2014,Second Class,RS-19420,United States,Meriden,Connecticut,6450,East
CA-2016-158211,1/4/2016,1/8/2016,Standard Class,BP-11185,United States,Philadelphia,Pennsylvania,19143,East
CA-2016-152247,11/7/2016,11/12/2016,Standard Class,MA-17995,United States,Cheyenne,Wyoming,82001,West
CA-2016-128223,6/14/2016,6/14/2016,Same Day,EB-13705,United States,Anaheim,California,92804,West
CA-2016-154235,9/24/2016,9/28/2016,Standard Class,RD-19900,United States,Bloomington,Indiana,47401,Central
CA-2017-129910,3/30/2017,4/3/2017,Standard Class,ME-17320,United States,Columbus,Georgia,31907,South
CA-2017-133095,6/4/2017,6/4/2017,Same Day,EH-14005,United States,Jonesboro,Arkansas,72401,South
CA-2015-130554,4/7/2015,4/9/2015,First Class,FM-14290,United States,Philadelphia,Pennsylvania,19140,East
CA-2014-152443,5/21/2014,5/26/2014,Standard Class,FG-14260,United States,Lawrence,Massachusetts,1841,East
CA-2016-133319,9/5/2016,9/11/2016,Standard Class,MV-17485,United States,New York City,New York,10011,East
CA-2016-133935,9/18/2016,9/22/2016,Standard Class,JW-15220,United States,San Diego,California,92105,West
CA-2016-136301,3/13/2016,3/15/2016,Second Class,EH-13765,United States,San Francisco,California,94109,West
US-2014-109456,10/16/2014,10/17/2014,Same Day,LS-17245,United States,San Francisco,California,94110,West
CA-2017-151596,10/8/2017,10/11/2017,First Class,BP-11050,United States,Cranston,Rhode Island,2920,East
CA-2015-147879,5/7/2015,5/12/2015,Standard Class,CC-12220,United States,Owensboro,Kentucky,42301,South
CA-2016-166625,4/14/2016,4/17/2016,First Class,JM-15580,United States,Baltimore,Maryland,21215,East
CA-2016-146157,11/21/2016,11/26/2016,Standard Class,RD-19720,United States,Chicago,Illinois,60610,Central
CA-2017-159954,9/10/2017,9/14/2017,Standard Class,SS-20410,United States,Atlanta,Georgia,30318,South
CA-2017-100825,9/9/2017,9/14/2017,Standard Class,KD-16495,United States,Los Angeles,California,90036,West
CA-2014-168305,11/1/2014,11/8/2014,Standard Class,PL-18925,United States,Los Angeles,California,90049,West
CA-2016-167682,4/3/2016,4/9/2016,Standard Class,ZD-21925,United States,Richmond,Indiana,47374,Central
CA-2017-108000,1/12/2017,1/16/2017,Standard Class,LS-16945,United States,San Francisco,California,94110,West
CA-2015-146465,11/20/2015,11/24/2015,Standard Class,PB-18805,United States,San Francisco,California,94122,West
CA-2016-159639,11/27/2016,12/2/2016,Standard Class,PC-18745,United States,Westfield,New Jersey,7090,East
US-2017-153948,11/6/2017,11/6/2017,Same Day,FM-14290,United States,San Francisco,California,94122,West
US-2016-113985,12/2/2016,12/7/2016,Standard Class,KD-16495,United States,San Jose,California,95123,West
CA-2016-155383,12/17/2016,12/22/2016,Standard Class,SC-20680,United States,Seattle,Washington,98115,West
CA-2014-120432,8/24/2014,8/26/2014,Second Class,DW-13585,United States,Owensboro,Kentucky,42301,South
US-2015-126977,9/17/2015,9/23/2015,Standard Class,PF-19120,United States,New York City,New York,10035,East
CA-2016-130288,11/26/2016,11/30/2016,Second Class,DK-13225,United States,New York City,New York,10011,East
CA-2017-146458,11/19/2017,11/22/2017,Second Class,RB-19435,United States,Springfield,Virginia,22153,South
CA-2017-150420,6/3/2017,6/8/2017,Standard Class,GD-14590,United States,Bellingham,Washington,98226,West
US-2014-118997,4/8/2014,4/12/2014,Standard Class,RA-19885,United States,Decatur,Alabama,35601,South
CA-2014-114314,10/11/2014,10/15/2014,Standard Class,DB-13555,United States,Fayetteville,Arkansas,72701,South
US-2017-169551,7/7/2017,7/9/2017,First Class,RL-19615,United States,Philadelphia,Pennsylvania,19120,East
CA-2016-103107,7/4/2016,7/4/2016,Same Day,RB-19465,United States,Seattle,Washington,98103,West
CA-2017-122077,5/19/2017,5/25/2017,Standard Class,JF-15295,United States,Plano,Texas,75023,Central
CA-2017-112431,10/12/2017,10/14/2017,Second Class,RW-19690,United States,Los Angeles,California,90049,West
CA-2016-151092,8/6/2016,8/13/2016,Standard Class,VG-21790,United States,Los Angeles,California,90032,West
CA-2014-104178,8/25/2014,8/29/2014,Standard Class,JM-15265,United States,Los Angeles,California,90036,West
CA-2015-115924,9/14/2015,9/18/2015,Second Class,BE-11455,United States,Des Moines,Iowa,50315,Central
CA-2017-161046,3/5/2017,3/5/2017,Same Day,CB-12535,United States,Southaven,Mississippi,38671,South
US-2017-141698,4/15/2017,4/21/2017,Standard Class,SD-20485,United States,Houston,Texas,77041,Central
US-2014-105151,3/30/2014,3/31/2014,First Class,SG-20890,United States,New York City,New York,10009,East
CA-2014-155796,11/11/2014,11/15/2014,Second Class,TS-21430,United States,Reading,Pennsylvania,19601,East
CA-2016-127138,3/12/2016,3/15/2016,Second Class,DK-13225,United States,San Francisco,California,94109,West
CA-2017-150602,2/9/2017,2/14/2017,Second Class,ML-17395,United States,Los Angeles,California,90045,West
CA-2014-140732,11/11/2014,11/13/2014,Second Class,MA-17560,United States,Los Angeles,California,90004,West
CA-2017-119011,8/20/2017,8/25/2017,Standard Class,LR-17035,United States,San Francisco,California,94109,West
CA-2016-166912,1/15/2016,1/17/2016,First Class,BE-11335,United States,New York City,New York,10009,East
CA-2014-141726,7/20/2014,7/22/2014,First Class,CC-12145,United States,San Diego,California,92105,West
CA-2017-115105,2/6/2017,2/11/2017,Standard Class,BD-11770,United States,New York City,New York,10024,East
CA-2015-143980,12/25/2015,12/29/2015,Standard Class,JK-15640,United States,New York City,New York,10011,East
CA-2016-135636,10/8/2016,10/13/2016,Standard Class,DB-13615,United States,Charlotte,North Carolina,28205,South
CA-2017-102155,7/13/2017,7/17/2017,Standard Class,RR-19525,United States,Overland Park,Kansas,66212,Central
CA-2017-116953,4/24/2017,4/25/2017,First Class,SV-20935,United States,Mesa,Arizona,85204,West
CA-2014-117765,9/7/2014,9/13/2014,Standard Class,RB-19465,United States,Tulsa,Oklahoma,74133,Central
CA-2016-114895,11/21/2016,11/28/2016,Standard Class,MV-18190,United States,New York City,New York,10035,East
CA-2017-112984,9/16/2017,9/18/2017,Second Class,EH-14185,United States,Philadelphia,Pennsylvania,19143,East
CA-2016-163776,7/19/2016,7/25/2016,Standard Class,JS-16030,United States,Hattiesburg,Mississippi,39401,South
US-2017-163300,9/15/2017,9/21/2017,Standard Class,ES-14020,United States,Los Angeles,California,90049,West
CA-2016-162187,12/11/2016,12/11/2016,Same Day,NS-18640,United States,Columbus,Ohio,43229,East
US-2014-112991,12/10/2014,12/14/2014,Standard Class,SH-19975,United States,Caldwell,Idaho,83605,West
CA-2014-124079,12/13/2014,12/17/2014,Standard Class,RF-19345,United States,Phoenix,Arizona,85023,West
US-2017-146878,9/21/2017,9/27/2017,Standard Class,DL-12865,United States,Miami,Florida,33142,South
CA-2017-107244,9/7/2017,9/11/2017,Standard Class,AG-10390,United States,Los Angeles,California,90004,West
CA-2015-100657,11/2/2015,11/7/2015,Standard Class,SW-20245,United States,Troy,New York,12180,East
CA-2017-129581,12/11/2017,12/18/2017,Standard Class,KN-16390,United States,New Bedford,Massachusetts,2740,East
CA-2017-129028,4/1/2017,4/3/2017,First Class,GB-14530,United States,Florence,South Carolina,29501,South
CA-2015-135580,12/30/2015,1/3/2016,Standard Class,CL-12565,United States,Los Angeles,California,90049,West
CA-2016-159016,3/10/2016,3/11/2016,First Class,KF-16285,United States,Los Angeles,California,90008,West
CA-2014-102652,4/6/2014,4/12/2014,Standard Class,AY-10555,United States,Los Angeles,California,90049,West
CA-2014-152422,10/5/2014,10/10/2014,Second Class,BD-11635,United States,Columbus,Ohio,43229,East
US-2016-156692,8/13/2016,8/13/2016,Same Day,HG-15025,United States,Kenner,Louisiana,70065,South
CA-2014-130869,11/17/2014,11/21/2014,Standard Class,CB-12025,United States,Cedar Hill,Texas,75104,Central
US-2017-128832,4/24/2017,4/27/2017,First Class,LS-16945,United States,Providence,Rhode Island,2908,East
CA-2017-139717,8/24/2017,8/26/2017,Second Class,DM-13015,United States,Lancaster,Ohio,43130,East
CA-2017-136007,2/23/2017,3/2/2017,Standard Class,AC-10615,United States,Seattle,Washington,98115,West
CA-2016-157364,11/19/2016,11/21/2016,First Class,LT-17110,United States,Jacksonville,North Carolina,28540,South
US-2016-112970,11/14/2016,11/15/2016,First Class,TB-21250,United States,Los Angeles,California,90049,West
US-2017-152492,7/6/2017,7/6/2017,Same Day,AH-10585,United States,Miami,Florida,33142,South
CA-2016-101168,12/25/2016,1/1/2017,Standard Class,SS-20140,United States,Nashua,New Hampshire,3060,East
CA-2017-104010,4/23/2017,4/25/2017,First Class,TD-20995,United States,New York City,New York,10011,East
CA-2015-130253,12/14/2015,12/18/2015,Standard Class,PP-18955,United States,Los Angeles,California,90036,West
US-2015-155369,4/19/2015,4/25/2015,Standard Class,PG-18820,United States,Carrollton,Texas,75007,Central
CA-2016-131205,9/4/2016,9/8/2016,Standard Class,AA-10645,United States,Georgetown,Kentucky,40324,South
CA-2017-122364,9/24/2017,9/29/2017,Standard Class,FA-14230,United States,Los Angeles,California,90008,West
CA-2016-117912,2/4/2016,2/8/2016,Standard Class,TB-21520,United States,Sierra Vista,Arizona,85635,West
CA-2017-145702,5/19/2017,5/24/2017,Second Class,AH-10075,United States,Knoxville,Tennessee,37918,South
CA-2015-113215,9/3/2015,9/8/2015,Standard Class,CP-12085,United States,Tucson,Arizona,85705,West
CA-2016-154662,6/9/2016,6/16/2016,Standard Class,BF-11215,United States,Minneapolis,Minnesota,55407,Central
CA-2015-105571,11/7/2015,11/11/2015,Standard Class,CP-12340,United States,Miami,Florida,33142,South
CA-2016-152765,6/15/2016,6/18/2016,First Class,LS-17245,United States,Houston,Texas,77036,Central
CA-2015-153878,4/25/2015,4/30/2015,Standard Class,TS-21655,United States,Milwaukee,Wisconsin,53209,Central
CA-2016-124016,9/23/2016,9/26/2016,Second Class,JS-15940,United States,Lancaster,Ohio,43130,East
CA-2016-113551,8/18/2016,8/20/2016,First Class,NF-18385,United States,Edinburg,Texas,78539,Central
CA-2014-107524,3/2/2014,3/8/2014,Standard Class,KN-16705,United States,New York City,New York,10009,East
CA-2014-138072,12/30/2014,1/3/2015,Standard Class,GA-14725,United States,Philadelphia,Pennsylvania,19120,East
CA-2015-134201,4/10/2015,4/16/2015,Standard Class,EH-14125,United States,Rochester,New York,14609,East
CA-2015-111780,12/25/2015,12/30/2015,Second Class,RA-19285,United States,San Diego,California,92037,West
CA-2015-119942,4/5/2015,4/7/2015,First Class,TT-21070,United States,Philadelphia,Pennsylvania,19120,East
CA-2015-151547,1/17/2015,1/23/2015,Standard Class,AH-10465,United States,Bartlett,Tennessee,38134,South
CA-2017-166695,5/20/2017,5/24/2017,Standard Class,CC-12430,United States,Lakewood,California,90712,West
CA-2017-167542,8/13/2017,8/20/2017,Standard Class,KD-16495,United States,Philadelphia,Pennsylvania,19120,East
CA-2015-120901,12/31/2015,1/4/2016,Standard Class,BG-11035,United States,Austin,Texas,78745,Central
CA-2017-121398,12/25/2017,12/29/2017,Standard Class,FH-14365,United States,Los Angeles,California,90008,West
CA-2016-151561,9/1/2016,9/7/2016,Standard Class,PG-18820,United States,New York City,New York,10011,East
CA-2017-154676,8/5/2017,8/8/2017,First Class,NZ-18565,United States,Houston,Texas,77070,Central
US-2014-165589,2/18/2014,2/18/2014,Same Day,TB-21595,United States,Lubbock,Texas,79424,Central
US-2016-132577,11/22/2016,11/27/2016,Standard Class,JE-15475,United States,Houston,Texas,77095,Central
CA-2015-114048,12/14/2015,12/18/2015,Standard Class,EH-13945,United States,Costa Mesa,California,92627,West
CA-2015-137281,6/13/2015,6/17/2015,Standard Class,BF-10975,United States,Roswell,Georgia,30076,South
US-2017-162068,12/28/2017,12/31/2017,Second Class,PC-18745,United States,Loveland,Colorado,80538,West
CA-2017-100111,9/20/2017,9/26/2017,Standard Class,SV-20365,United States,New York City,New York,10035,East
US-2017-132381,8/22/2017,8/24/2017,First Class,Dp-13240,United States,Philadelphia,Pennsylvania,19143,East
CA-2015-147011,6/18/2015,6/22/2015,Standard Class,HR-14830,United States,Miami,Florida,33178,South
CA-2014-120852,12/20/2014,12/25/2014,Standard Class,WB-21850,United States,Grand Prairie,Texas,75051,Central
CA-2016-150007,9/11/2016,9/16/2016,Standard Class,AS-10090,United States,Chicago,Illinois,60653,Central
CA-2016-124590,11/12/2016,11/16/2016,Standard Class,SP-20920,United States,Parma,Ohio,44134,East
CA-2016-133802,3/14/2016,3/20/2016,Standard Class,SP-20650,United States,Redwood City,California,94061,West
US-2016-113677,11/13/2016,11/19/2016,Standard Class,CM-12655,United States,New York City,New York,10011,East
CA-2017-143378,9/19/2017,9/25/2017,Standard Class,JR-16210,United States,Springfield,Oregon,97477,West
CA-2017-152660,12/4/2017,12/9/2017,Standard Class,CB-12415,United States,Chicago,Illinois,60610,Central
CA-2015-142139,8/31/2015,9/5/2015,Standard Class,SD-20485,United States,Bedford,Texas,76021,Central
CA-2017-145772,6/3/2017,6/7/2017,Standard Class,SS-20140,United States,Los Angeles,California,90036,West
CA-2016-124100,3/31/2016,4/6/2016,Standard Class,EH-13990,United States,New York City,New York,10009,East
US-2014-158400,10/25/2014,10/28/2014,First Class,AH-10030,United States,San Francisco,California,94109,West
CA-2017-162033,3/26/2017,4/2/2017,Standard Class,EM-14200,United States,Virginia Beach,Virginia,23464,South
CA-2014-163447,12/27/2014,12/31/2014,Standard Class,TB-21190,United States,New York City,New York,10011,East
CA-2017-145737,9/15/2017,9/20/2017,Standard Class,AB-10165,United States,Lebanon,Tennessee,37087,South
CA-2016-148096,8/16/2016,8/19/2016,First Class,AO-10810,United States,Los Angeles,California,90045,West
CA-2016-146766,11/4/2016,11/4/2016,Same Day,TT-21220,United States,Chula Vista,California,91911,West
CA-2015-105613,10/18/2015,10/22/2015,Standard Class,KN-16705,United States,Mcallen,Texas,78501,Central
US-2016-142251,10/31/2016,11/4/2016,Second Class,FO-14305,United States,Hollywood,Florida,33021,South
CA-2014-131247,3/30/2014,4/4/2014,Standard Class,GA-14725,United States,San Francisco,California,94110,West
US-2015-113593,4/18/2015,4/20/2015,First Class,NC-18415,United States,Santa Maria,California,93454,West
CA-2017-121083,7/9/2017,7/15/2017,Standard Class,JF-15190,United States,Manchester,Connecticut,6040,East
CA-2017-151190,6/27/2017,7/1/2017,Standard Class,GT-14710,United States,Omaha,Nebraska,68104,Central
CA-2014-133543,12/22/2014,12/26/2014,Standard Class,KM-16660,United States,San Jose,California,95123,West
CA-2017-105130,11/21/2017,11/25/2017,Standard Class,PJ-18835,United States,San Francisco,California,94122,West
CA-2016-161928,6/27/2016,6/29/2016,Second Class,AC-10660,United States,San Francisco,California,94109,West
CA-2017-101322,12/28/2017,12/31/2017,First Class,JG-15310,United States,Long Beach,California,90805,West
US-2016-106600,4/8/2016,4/11/2016,First Class,RM-19375,United States,Columbus,Georgia,31907,South
CA-2014-111871,3/18/2014,3/21/2014,Second Class,EK-13795,United States,San Francisco,California,94110,West
CA-2017-139437,7/3/2017,7/8/2017,Standard Class,RD-19585,United States,Los Angeles,California,90004,West
CA-2017-151484,4/20/2017,4/23/2017,First Class,CV-12805,United States,Philadelphia,Pennsylvania,19120,East
CA-2016-104150,8/3/2016,8/5/2016,Second Class,AG-10330,United States,Tulsa,Oklahoma,74133,Central
CA-2016-161025,12/3/2016,12/9/2016,Standard Class,GM-14440,United States,Los Angeles,California,90049,West
CA-2014-103989,3/19/2014,3/21/2014,First Class,MC-17605,United States,Lakeland,Florida,33801,South
CA-2015-142433,4/20/2015,4/25/2015,Standard Class,ES-14020,United States,Houston,Texas,77036,Central
CA-2015-132815,9/19/2015,9/22/2015,Second Class,RW-19540,United States,Los Angeles,California,90008,West
CA-2014-101266,8/27/2014,8/30/2014,Second Class,MM-17920,United States,Springfield,Virginia,22153,South
CA-2016-141523,12/19/2016,12/24/2016,Second Class,MH-17440,United States,New York City,New York,10035,East
US-2014-106299,8/2/2014,8/8/2014,Standard Class,NZ-18565,United States,Springfield,Missouri,65807,Central
CA-2015-158421,9/21/2015,9/26/2015,Standard Class,GB-14575,United States,Columbia,South Carolina,29203,South
CA-2016-143609,12/11/2016,12/13/2016,First Class,DB-13270,United States,Portland,Oregon,97206,West
CA-2015-138331,8/7/2015,8/12/2015,Standard Class,JK-15625,United States,Philadelphia,Pennsylvania,19120,East
CA-2015-138954,11/15/2015,11/17/2015,First Class,MH-17785,United States,New York City,New York,10035,East
CA-2017-157903,4/4/2017,4/8/2017,Standard Class,AM-10705,United States,Des Plaines,Illinois,60016,Central
CA-2016-157259,12/24/2016,12/28/2016,Standard Class,JM-15535,United States,New York City,New York,10035,East
CA-2017-107986,12/13/2017,12/13/2017,Same Day,MW-18220,United States,Seattle,Washington,98103,West
CA-2017-104927,12/22/2017,12/26/2017,Standard Class,AG-10330,United States,Houston,Texas,77095,Central
CA-2017-113453,10/21/2017,10/28/2017,Standard Class,CM-12160,United States,Philadelphia,Pennsylvania,19143,East
CA-2015-149909,11/13/2015,11/17/2015,Standard Class,RA-19915,United States,Columbus,Indiana,47201,Central
CA-2015-146675,4/16/2015,4/20/2015,Standard Class,SB-20185,United States,Evanston,Illinois,60201,Central
CA-2016-118332,12/16/2016,12/23/2016,Standard Class,PK-19075,United States,Apple Valley,California,92307,West
CA-2016-133669,10/21/2016,10/27/2016,Standard Class,SV-20935,United States,Columbus,Ohio,43229,East
CA-2017-145660,12/1/2017,12/3/2017,First Class,MG-17650,United States,Marion,Ohio,43302,East
CA-2016-133697,10/20/2016,10/24/2016,Second Class,CM-12445,United States,Houston,Texas,77095,Central
CA-2017-148138,9/29/2017,10/3/2017,Standard Class,ME-18010,United States,Marion,Ohio,43302,East
CA-2017-119809,8/18/2017,8/25/2017,Standard Class,YS-21880,United States,Seattle,Washington,98103,West
CA-2017-149944,11/12/2017,11/16/2017,Second Class,MB-17305,United States,Longview,Washington,98632,West
CA-2014-128538,10/11/2014,10/15/2014,Standard Class,AS-10240,United States,Redondo Beach,California,90278,West
CA-2015-161711,11/28/2015,12/3/2015,Standard Class,MC-17425,United States,New York City,New York,10035,East
US-2015-129553,7/27/2015,8/2/2015,Standard Class,PG-18820,United States,Louisville,Kentucky,40214,South
CA-2016-160220,10/20/2016,10/26/2016,Standard Class,JS-16030,United States,Trenton,Michigan,48183,Central
US-2017-157224,9/14/2017,9/18/2017,Second Class,JB-16000,United States,Los Angeles,California,90045,West
CA-2017-140627,12/23/2017,12/27/2017,Standard Class,DK-12985,United States,Hendersonville,Tennessee,37075,South
CA-2015-133445,10/5/2015,10/9/2015,Standard Class,JF-15490,United States,Portland,Oregon,97206,West
CA-2014-148782,11/2/2014,11/7/2014,Standard Class,PO-18850,United States,Irving,Texas,75061,Central
CA-2016-148208,1/22/2016,1/27/2016,Standard Class,BT-11530,United States,Cleveland,Ohio,44105,East
CA-2017-127656,7/11/2017,7/17/2017,Standard Class,NW-18400,United States,Waterloo,Iowa,50701,Central
US-2017-142188,9/11/2017,9/11/2017,Same Day,JF-15415,United States,Seattle,Washington,98105,West
CA-2016-144400,2/23/2016,2/27/2016,Standard Class,AC-10420,United States,Philadelphia,Pennsylvania,19120,East
US-2016-155180,1/22/2016,1/29/2016,Standard Class,TB-21280,United States,New York City,New York,10009,East
CA-2015-134075,12/12/2015,12/16/2015,Standard Class,HA-14905,United States,San Jose,California,95123,West
US-2016-131912,10/29/2016,11/1/2016,Second Class,LH-17155,United States,Los Angeles,California,90008,West
CA-2017-141572,5/28/2017,5/31/2017,Second Class,LO-17170,United States,Concord,New Hampshire,3301,East
CA-2014-134621,12/21/2014,12/28/2014,Standard Class,DP-13390,United States,Columbia,Tennessee,38401,South
CA-2016-165561,11/24/2016,11/28/2016,Standard Class,CR-12580,United States,Bellevue,Washington,98006,West
CA-2015-112305,11/20/2015,11/25/2015,Standard Class,KB-16405,United States,Seattle,Washington,98105,West
CA-2017-121580,5/29/2017,6/4/2017,Standard Class,ML-17410,United States,Columbus,Indiana,47201,Central
CA-2014-101147,12/2/2014,12/4/2014,First Class,MC-17575,United States,Chicago,Illinois,60623,Central
CA-2014-165806,4/7/2014,4/7/2014,Same Day,VM-21685,United States,Marietta,Georgia,30062,South
CA-2015-151624,9/8/2015,9/14/2015,Standard Class,VW-21775,United States,Montgomery,Alabama,36116,South
CA-2017-139444,9/9/2017,9/15/2017,Standard Class,GK-14620,United States,Plano,Texas,75023,Central
CA-2015-133977,9/6/2015,9/8/2015,Second Class,AT-10435,United States,Tamarac,Florida,33319,South
CA-2017-141425,11/2/2017,11/6/2017,Second Class,AR-10825,United States,Columbus,Ohio,43229,East
CA-2015-133536,3/28/2015,3/30/2015,Second Class,JH-15820,United States,New York City,New York,10009,East
CA-2015-150441,8/13/2015,8/17/2015,Second Class,RA-19285,United States,Richmond,Indiana,47374,Central
CA-2015-162607,5/12/2015,5/18/2015,Standard Class,RO-19780,United States,Seattle,Washington,98115,West
CA-2017-103506,7/23/2017,7/27/2017,Standard Class,LR-17035,United States,Long Beach,New York,11561,East
CA-2016-132479,9/24/2016,9/26/2016,First Class,MK-17905,United States,Rockford,Illinois,61107,Central
CA-2017-160724,5/5/2017,5/10/2017,Standard Class,YS-21880,United States,Columbus,Georgia,31907,South
US-2016-115952,10/6/2016,10/6/2016,Same Day,JH-15910,United States,Tulsa,Oklahoma,74133,Central
CA-2014-146731,11/3/2014,11/8/2014,Standard Class,AT-10735,United States,Nashville,Tennessee,37211,South
CA-2015-115392,10/1/2015,10/4/2015,Second Class,RM-19675,United States,Cambridge,Massachusetts,2138,East
CA-2017-102379,12/2/2017,12/6/2017,Standard Class,BB-11545,United States,Oakland,California,94601,West
CA-2017-149706,12/11/2017,12/12/2017,First Class,AS-10285,United States,Palatine,Illinois,60067,Central
US-2016-139087,7/17/2016,7/22/2016,Second Class,DK-13375,United States,Seattle,Washington,98105,West
CA-2017-152226,5/12/2017,5/16/2017,Standard Class,JH-15910,United States,Cincinnati,Ohio,45231,East
CA-2015-116484,11/20/2015,11/26/2015,Standard Class,JK-15205,United States,Marion,Ohio,43302,East
CA-2016-100944,9/24/2016,9/28/2016,Standard Class,EH-13765,United States,Los Angeles,California,90049,West
CA-2016-125080,10/21/2016,10/26/2016,Standard Class,VW-21775,United States,Lakewood,Ohio,44107,East
CA-2016-121020,10/24/2016,10/31/2016,Standard Class,CG-12040,United States,Lebanon,Tennessee,37087,South
CA-2014-100090,7/8/2014,7/12/2014,Standard Class,EB-13705,United States,San Francisco,California,94122,West
US-2015-139675,3/13/2015,3/18/2015,Second Class,NF-18595,United States,Chico,California,95928,West
CA-2017-143756,12/2/2017,12/5/2017,First Class,ME-17725,United States,Salem,Virginia,24153,South
CA-2015-151253,4/22/2015,4/26/2015,Standard Class,AZ-10750,United States,Los Angeles,California,90008,West
CA-2014-141152,9/16/2014,9/19/2014,First Class,RF-19345,United States,New York City,New York,10024,East
CA-2014-141313,12/28/2014,1/1/2015,Standard Class,AJ-10780,United States,Beverly,Massachusetts,1915,East
CA-2014-169852,10/21/2014,10/26/2014,Standard Class,SF-20965,United States,San Diego,California,92024,West
CA-2017-107314,11/30/2017,12/3/2017,First Class,MZ-17335,United States,San Francisco,California,94109,West
US-2014-161305,6/6/2014,6/12/2014,Standard Class,SB-20170,United States,Chicago,Illinois,60623,Central
CA-2017-166919,11/23/2017,11/27/2017,Standard Class,AH-10210,United States,Dallas,Texas,75220,Central
CA-2017-162712,6/18/2017,6/20/2017,Second Class,NK-18490,United States,Corpus Christi,Texas,78415,Central
CA-2017-107552,5/5/2017,5/5/2017,Same Day,AI-10855,United States,New York City,New York,10035,East
CA-2016-163328,11/4/2016,11/6/2016,Second Class,TP-21565,United States,Eugene,Oregon,97405,West
CA-2014-112837,9/11/2014,9/16/2014,Standard Class,LW-17125,United States,Oxnard,California,93030,West
CA-2017-120019,2/16/2017,2/21/2017,Standard Class,NG-18355,United States,Fairfield,Connecticut,6824,East
CA-2014-100762,11/24/2014,11/29/2014,Standard Class,NG-18355,United States,Jackson,Michigan,49201,Central
CA-2017-161459,11/25/2017,11/29/2017,Second Class,EB-13750,United States,Laguna Niguel,California,92677,West
CA-2017-160017,9/28/2017,10/2/2017,Standard Class,SP-20860,United States,Jacksonville,Florida,32216,South
CA-2014-123316,10/13/2014,10/17/2014,Standard Class,SP-20545,United States,Mount Vernon,New York,10550,East
CA-2014-141299,6/3/2014,6/7/2014,Second Class,RB-19795,United States,Midland,Michigan,48640,Central
CA-2014-104402,6/17/2014,6/23/2014,Standard Class,DB-13660,United States,Newark,Delaware,19711,East
CA-2015-110289,10/29/2015,11/2/2015,Standard Class,NB-18655,United States,San Francisco,California,94109,West
CA-2014-167927,1/20/2014,1/26/2014,Standard Class,XP-21865,United States,Westland,Michigan,48185,Central
CA-2014-133305,7/11/2014,7/15/2014,Standard Class,MH-17455,United States,New York City,New York,10011,East
CA-2016-165995,8/30/2016,9/6/2016,Standard Class,BG-11740,United States,Los Angeles,California,90008,West
CA-2017-143112,10/5/2017,10/9/2017,Standard Class,TS-21370,United States,New York City,New York,10035,East
US-2017-105830,12/31/2016,1/2/2017,First Class,DB-13660,United States,Lancaster,Ohio,43130,East
CA-2015-146255,3/7/2015,3/10/2015,First Class,EM-14140,United States,Newark,Delaware,19711,East
CA-2017-104822,10/20/2017,10/20/2017,Same Day,RB-19465,United States,New York City,New York,10024,East
CA-2015-104486,5/1/2015,5/6/2015,Standard Class,PO-18850,United States,San Francisco,California,94109,West
CA-2017-161557,9/3/2017,9/8/2017,Standard Class,AG-10900,United States,Dallas,Texas,75217,Central
CA-2017-161130,11/3/2017,11/8/2017,Standard Class,BF-11275,United States,Miami,Florida,33178,South
US-2015-161347,9/13/2015,9/19/2015,Standard Class,HG-14845,United States,Philadelphia,Pennsylvania,19120,East
US-2015-109015,9/6/2015,9/12/2015,Standard Class,BS-11590,United States,New York City,New York,10011,East
CA-2014-110611,10/6/2014,10/13/2014,Standard Class,JD-16015,United States,Philadelphia,Pennsylvania,19120,East
CA-2017-139080,1/23/2017,1/28/2017,Standard Class,CS-12250,United States,Seattle,Washington,98103,West
CA-2015-115693,12/10/2015,12/15/2015,Standard Class,FC-14245,United States,Los Angeles,California,90032,West
US-2014-107993,11/25/2014,11/30/2014,Standard Class,SE-20110,United States,Springfield,Oregon,97477,West
CA-2017-110443,11/21/2017,11/25/2017,Standard Class,CK-12205,United States,Renton,Washington,98059,West
CA-2017-144848,4/4/2017,4/5/2017,First Class,DS-13030,United States,New York City,New York,10009,East
US-2017-147998,5/19/2017,5/24/2017,Standard Class,SA-20830,United States,San Jose,California,95123,West
CA-2016-103919,10/3/2016,10/7/2016,Standard Class,TP-21565,United States,Grand Prairie,Texas,75051,Central
CA-2016-113425,11/21/2016,11/21/2016,Same Day,JK-16120,United States,New York City,New York,10009,East
CA-2017-143035,10/3/2017,10/5/2017,Second Class,CC-12430,United States,New York City,New York,10009,East
CA-2014-107811,4/29/2014,5/3/2014,Standard Class,LA-16780,United States,Memphis,Tennessee,38109,South
CA-2016-163216,10/7/2016,10/10/2016,First Class,AW-10930,United States,Philadelphia,Pennsylvania,19143,East
US-2016-116442,12/15/2016,12/22/2016,Standard Class,BP-11230,United States,Los Angeles,California,90004,West
CA-2017-150623,4/10/2017,4/14/2017,Standard Class,DB-13360,United States,Waterbury,Connecticut,6708,East
US-2014-163797,4/8/2014,4/13/2014,Standard Class,PC-19000,United States,Chandler,Arizona,85224,West
CA-2016-127236,3/29/2016,4/2/2016,Standard Class,TB-21595,United States,Springfield,Ohio,45503,East
US-2017-104661,1/15/2017,1/18/2017,First Class,TB-21250,United States,Austin,Texas,78745,Central
CA-2014-134103,1/30/2014,2/4/2014,Standard Class,MV-18190,United States,Detroit,Michigan,48234,Central
CA-2015-147529,2/7/2015,2/11/2015,Standard Class,DK-12835,United States,Springfield,Virginia,22153,South
CA-2016-129126,12/14/2016,12/19/2016,Standard Class,PK-19075,United States,New York City,New York,10011,East
CA-2017-131632,10/31/2017,11/4/2017,Standard Class,AH-10120,United States,Dallas,Texas,75217,Central
CA-2017-151981,8/6/2017,8/12/2017,Standard Class,GM-14455,United States,Concord,New Hampshire,3301,East
CA-2017-125472,5/30/2017,5/31/2017,First Class,BD-11725,United States,Lafayette,Louisiana,70506,South
CA-2015-156328,11/30/2015,12/5/2015,Standard Class,RM-19375,United States,Raleigh,North Carolina,27604,South
CA-2017-154074,8/31/2017,9/2/2017,Second Class,BW-11110,United States,Spokane,Washington,99207,West
CA-2017-161774,5/14/2017,5/15/2017,First Class,GT-14710,United States,Houston,Texas,77041,Central
CA-2017-151211,8/17/2017,8/23/2017,Standard Class,AH-10120,United States,Louisville,Kentucky,40214,South
CA-2017-142671,11/10/2017,11/14/2017,Second Class,DR-12940,United States,Hollywood,Florida,33021,South
CA-2017-144750,8/21/2017,8/21/2017,Same Day,DL-13495,United States,Chandler,Arizona,85224,West
CA-2016-111976,3/8/2016,3/12/2016,Standard Class,BD-11620,United States,Philadelphia,Pennsylvania,19120,East
CA-2016-140130,10/31/2016,11/5/2016,Standard Class,HW-14935,United States,Tulsa,Oklahoma,74133,Central
CA-2014-159121,7/26/2014,8/1/2014,Standard Class,JO-15145,United States,Draper,Utah,84020,West
CA-2015-149650,10/24/2015,10/27/2015,First Class,RD-19660,United States,Oakland,California,94601,West
CA-2017-115777,8/19/2017,8/24/2017,Standard Class,DO-13645,United States,Lawrence,Massachusetts,1841,East
CA-2016-143714,5/23/2016,5/27/2016,Standard Class,CC-12370,United States,Philadelphia,Pennsylvania,19120,East
CA-2014-165764,11/3/2014,11/7/2014,Standard Class,SH-20395,United States,Jacksonville,North Carolina,28540,South
CA-2015-121405,3/30/2015,4/4/2015,Standard Class,FC-14335,United States,Chicago,Illinois,60610,Central
US-2017-116897,5/27/2017,5/29/2017,First Class,JG-15160,United States,Pocatello,Idaho,83201,West
US-2017-113992,12/14/2017,12/19/2017,Standard Class,LC-16885,United States,Plano,Texas,75023,Central
CA-2014-166891,10/4/2014,10/6/2014,First Class,CC-12220,United States,New York City,New York,10024,East
CA-2016-101161,10/13/2016,10/20/2016,Standard Class,BW-11110,United States,New York City,New York,10024,East
CA-2015-151785,3/5/2015,3/10/2015,Standard Class,JJ-15445,United States,Chicago,Illinois,60623,Central
US-2017-119816,3/4/2017,3/6/2017,Second Class,TT-21460,United States,Houston,Texas,77095,Central
CA-2015-156510,9/25/2015,9/29/2015,Standard Class,EH-13990,United States,Meriden,Connecticut,6450,East
US-2015-110261,12/19/2015,12/23/2015,Second Class,PR-18880,United States,Glenview,Illinois,60025,Central
CA-2015-125710,10/8/2015,10/13/2015,Standard Class,BT-11680,United States,Houston,Texas,77036,Central
CA-2017-161102,7/31/2017,8/3/2017,First Class,EC-14050,United States,San Francisco,California,94110,West
CA-2014-110065,8/5/2014,8/11/2014,Standard Class,SP-20650,United States,New York City,New York,10009,East
US-2017-133361,5/14/2017,5/17/2017,First Class,AJ-10780,United States,Baltimore,Maryland,21215,East
US-2016-155404,9/22/2016,9/28/2016,Standard Class,AS-10630,United States,Louisville,Kentucky,40214,South
CA-2015-114503,11/13/2015,11/17/2015,Standard Class,AA-10375,United States,Lebanon,Tennessee,37087,South
CA-2017-153080,5/22/2017,5/25/2017,Second Class,EH-13945,United States,Los Angeles,California,90008,West
CA-2016-163804,12/2/2016,12/8/2016,Standard Class,DB-13270,United States,Providence,Rhode Island,2908,East
CA-2015-108532,8/29/2015,9/2/2015,Standard Class,CC-12100,United States,Detroit,Michigan,48234,Central
CA-2014-151897,6/6/2014,6/10/2014,Standard Class,VT-21700,United States,Houston,Texas,77070,Central
CA-2016-113292,3/18/2016,3/20/2016,Second Class,DB-13060,United States,Columbia,Tennessee,38401,South
CA-2014-149524,1/14/2014,1/15/2014,First Class,BS-11590,United States,Philadelphia,Pennsylvania,19140,East
CA-2017-140872,6/3/2017,6/10/2017,Standard Class,NR-18550,United States,Pembroke Pines,Florida,33024,South
CA-2017-113908,6/3/2017,6/9/2017,Standard Class,KN-16390,United States,New York City,New York,10011,East
CA-2015-120621,3/21/2015,3/26/2015,Standard Class,JW-16075,United States,Jacksonville,North Carolina,28540,South
US-2017-148866,9/19/2017,9/24/2017,Standard Class,JM-15535,United States,New York City,New York,10011,East
CA-2014-149594,9/15/2014,9/19/2014,Standard Class,MF-18250,United States,Philadelphia,Pennsylvania,19120,East
CA-2016-113845,11/20/2016,11/25/2016,Standard Class,FA-14230,United States,Orlando,Florida,32839,South
CA-2017-111262,10/28/2017,11/1/2017,Second Class,KH-16510,United States,Houston,Texas,77095,Central
CA-2015-103135,7/24/2015,7/28/2015,Standard Class,SS-20515,United States,Louisville,Kentucky,40214,South
CA-2014-129147,11/2/2014,11/6/2014,Standard Class,LC-17050,United States,Medina,Ohio,44256,East
CA-2017-128265,11/17/2017,11/22/2017,Second Class,VW-21775,United States,New York City,New York,10011,East
CA-2016-152331,6/26/2016,6/30/2016,Standard Class,LD-16855,United States,Chicago,Illinois,60653,Central
US-2016-128909,10/9/2016,10/11/2016,Second Class,SP-20545,United States,Philadelphia,Pennsylvania,19143,East
CA-2017-102197,12/20/2017,12/26/2017,Standard Class,DK-13150,United States,New York City,New York,10009,East
CA-2017-167640,3/6/2017,3/10/2017,Standard Class,FC-14245,United States,San Francisco,California,94109,West
US-2017-116652,9/15/2017,9/19/2017,Standard Class,RD-19480,United States,San Francisco,California,94122,West
CA-2017-138289,1/16/2017,1/18/2017,Second Class,AR-10540,United States,Jackson,Michigan,49201,Central
CA-2016-129308,7/7/2016,7/13/2016,Standard Class,CC-12100,United States,Philadelphia,Pennsylvania,19120,East
CA-2016-157791,12/23/2016,12/28/2016,Second Class,CA-11965,United States,Warwick,Rhode Island,2886,East
CA-2014-146864,12/22/2014,12/26/2014,Standard Class,BT-11530,United States,New York City,New York,10024,East
CA-2014-103744,2/23/2014,2/27/2014,Standard Class,MG-17875,United States,El Paso,Texas,79907,Central
US-2017-107384,12/4/2017,12/8/2017,Standard Class,TP-21130,United States,Rochester,Minnesota,55901,Central
CA-2014-128209,11/17/2014,11/22/2014,Standard Class,GT-14710,United States,Buffalo,New York,14215,East
CA-2014-169684,10/20/2014,10/23/2014,First Class,FH-14365,United States,Knoxville,Tennessee,37918,South
CA-2015-109862,10/25/2015,10/30/2015,Standard Class,HK-14890,United States,Newark,Delaware,19711,East
US-2017-107888,11/16/2017,11/19/2017,First Class,CC-12220,United States,Seattle,Washington,98103,West
US-2017-154872,5/14/2017,5/18/2017,Standard Class,DP-13000,United States,Cleveland,Ohio,44105,East
CA-2014-113880,3/1/2014,3/5/2014,Standard Class,VF-21715,United States,Elmhurst,Illinois,60126,Central
US-2015-164966,7/30/2015,8/1/2015,First Class,GH-14410,United States,Lakeville,Minnesota,55044,Central
CA-2015-126739,11/1/2015,11/3/2015,Second Class,JH-16180,United States,New York City,New York,10035,East
CA-2017-161578,12/16/2017,12/21/2017,Second Class,RB-19465,United States,Los Angeles,California,90036,West
CA-2014-137092,10/20/2014,10/22/2014,Second Class,LS-16975,United States,Chicago,Illinois,60653,Central
CA-2015-166947,6/5/2015,6/10/2015,Standard Class,EB-13750,United States,Buffalo,New York,14215,East
CA-2016-160941,7/21/2016,7/26/2016,Standard Class,DK-12835,United States,Roseville,California,95661,West
CA-2017-144680,3/31/2017,4/2/2017,First Class,SC-20260,United States,Arlington,Texas,76017,Central
CA-2014-166086,5/7/2014,5/12/2014,Standard Class,CT-11995,United States,Lawrence,Massachusetts,1841,East
CA-2017-131282,2/5/2017,2/8/2017,Second Class,CB-12025,United States,Waco,Texas,76706,Central
CA-2014-100678,4/18/2014,4/22/2014,Standard Class,KM-16720,United States,Houston,Texas,77095,Central
CA-2016-161543,5/10/2016,5/16/2016,Standard Class,RD-19720,United States,Seattle,Washington,98105,West
CA-2016-160535,11/25/2016,11/30/2016,Standard Class,BP-11050,United States,Plainfield,New Jersey,7060,East
CA-2017-123085,3/3/2017,3/8/2017,Standard Class,EJ-13720,United States,Los Angeles,California,90008,West
CA-2015-153752,12/6/2015,12/11/2015,Second Class,RO-19780,United States,Arlington,Virginia,22204,South
CA-2014-103660,8/25/2014,8/30/2014,Standard Class,MW-18220,United States,Seattle,Washington,98103,West
CA-2016-169887,10/22/2016,10/22/2016,Same Day,MS-17530,United States,Seattle,Washington,98105,West
CA-2016-148516,8/7/2016,8/11/2016,Standard Class,DW-13585,United States,Edmonds,Washington,98026,West
CA-2017-104731,7/21/2017,7/27/2017,Standard Class,AM-10705,United States,Salem,Virginia,24153,South
CA-2014-164749,3/23/2014,3/26/2014,First Class,BG-11740,United States,Delray Beach,Florida,33445,South
CA-2015-103716,4/30/2015,5/6/2015,Standard Class,KB-16585,United States,San Francisco,California,94110,West
CA-2016-126795,6/13/2016,6/16/2016,Second Class,GT-14710,United States,New York City,New York,10024,East
CA-2015-146290,5/4/2015,5/11/2015,Standard Class,SV-20815,United States,Indianapolis,Indiana,46203,Central
CA-2017-157112,4/23/2017,4/26/2017,First Class,GG-14650,United States,Columbus,Ohio,43229,East
CA-2014-169257,6/6/2014,6/12/2014,Standard Class,SV-20785,United States,Jacksonville,Florida,32216,South
CA-2014-154095,12/2/2014,12/7/2014,Standard Class,ON-18715,United States,Clinton,Maryland,20735,East
CA-2017-146346,6/17/2017,6/20/2017,First Class,RA-19945,United States,Commerce City,Colorado,80022,West
CA-2016-148852,5/26/2016,5/31/2016,Standard Class,SV-20785,United States,Santa Ana,California,92704,West
US-2015-118906,3/10/2015,3/10/2015,Same Day,KB-16585,United States,Clinton,Maryland,20735,East
CA-2016-168921,10/20/2016,10/22/2016,First Class,AG-10495,United States,Los Angeles,California,90049,West
CA-2015-107678,4/21/2015,4/28/2015,Standard Class,JK-16090,United States,Louisville,Kentucky,40214,South
CA-2016-123512,6/17/2016,6/19/2016,First Class,MV-18190,United States,Los Angeles,California,90045,West
US-2017-167402,1/13/2017,1/18/2017,Second Class,CP-12085,United States,Springfield,Missouri,65807,Central
CA-2014-130449,9/6/2014,9/9/2014,First Class,VP-21760,United States,San Francisco,California,94109,West
CA-2015-141250,1/19/2015,1/23/2015,Standard Class,PM-18940,United States,Texas City,Texas,77590,Central
CA-2014-145541,12/14/2014,12/21/2014,Standard Class,TB-21400,United States,New York City,New York,10024,East
CA-2014-138513,5/23/2014,5/27/2014,Standard Class,EH-13990,United States,Bellevue,Washington,98006,West
CA-2015-135489,9/19/2015,9/22/2015,Second Class,GW-14605,United States,New York City,New York,10024,East
CA-2015-125696,10/2/2015,10/6/2015,Standard Class,NP-18685,United States,Wilson,North Carolina,27893,South
CA-2016-105081,12/25/2016,12/30/2016,Standard Class,JE-15715,United States,Seattle,Washington,98115,West
US-2016-146857,5/6/2016,5/8/2016,Second Class,BE-11455,United States,Springfield,Missouri,65807,Central
CA-2016-166275,10/24/2016,10/24/2016,Same Day,SS-20590,United States,San Francisco,California,94109,West
CA-2017-144498,5/6/2017,5/6/2017,Same Day,MB-18085,United States,Charlotte,North Carolina,28205,South
CA-2017-103352,11/27/2017,11/30/2017,Second Class,RP-19390,United States,New York City,New York,10011,East
CA-2014-108609,10/31/2014,11/2/2014,Second Class,AJ-10780,United States,Lorain,Ohio,44052,East
CA-2017-128328,8/5/2017,8/9/2017,Standard Class,PO-18865,United States,Indianapolis,Indiana,46203,Central
US-2015-156496,8/10/2015,8/16/2015,Standard Class,WB-21850,United States,Redmond,Oregon,97756,West
US-2016-127334,12/15/2016,12/21/2016,Standard Class,MP-18175,United States,Springfield,Oregon,97477,West
US-2017-124779,9/8/2017,9/11/2017,First Class,BF-11020,United States,Arlington,Texas,76017,Central
CA-2017-135937,2/20/2017,2/27/2017,Standard Class,KM-16375,United States,Gilbert,Arizona,85234,West
CA-2015-129322,8/8/2015,8/10/2015,Second Class,DB-13405,United States,Lawrence,Massachusetts,1841,East
CA-2017-162173,10/26/2017,11/1/2017,Standard Class,OT-18730,United States,Virginia Beach,Virginia,23464,South
CA-2016-115483,7/14/2016,7/18/2016,Second Class,JS-15880,United States,Irving,Texas,75061,Central
CA-2017-122175,5/12/2017,5/14/2017,Second Class,CA-12775,United States,Vineland,New Jersey,8360,East
CA-2017-161088,5/25/2017,5/29/2017,Standard Class,MH-18115,United States,Columbus,Georgia,31907,South
CA-2014-154837,8/23/2014,8/27/2014,Second Class,RB-19645,United States,Los Angeles,California,90032,West
CA-2015-153794,9/11/2015,9/16/2015,Standard Class,SB-20290,United States,San Diego,California,92024,West
CA-2015-135510,9/5/2015,9/12/2015,Standard Class,TW-21025,United States,Charlottesville,Virginia,22901,South
CA-2015-109337,11/21/2015,11/23/2015,Second Class,DL-13330,United States,Lawrence,Indiana,46226,Central
CA-2014-150329,10/10/2014,10/14/2014,Standard Class,SD-20485,United States,Phoenix,Arizona,85023,West
CA-2017-145037,9/2/2017,9/7/2017,Second Class,TB-21055,United States,Meriden,Connecticut,6450,East
CA-2017-154466,1/1/2017,1/2/2017,First Class,DP-13390,United States,Franklin,Wisconsin,53132,Central
CA-2014-109134,11/5/2014,11/10/2014,Standard Class,DE-13255,United States,Los Angeles,California,90008,West
US-2015-129637,12/17/2015,12/22/2015,Standard Class,MC-18100,United States,Bloomington,Illinois,61701,Central
CA-2015-165162,5/14/2015,5/21/2015,Standard Class,HG-15025,United States,Los Angeles,California,90032,West
CA-2017-140494,3/10/2017,3/15/2017,Second Class,CM-11815,United States,San Francisco,California,94109,West
CA-2017-104108,12/2/2017,12/9/2017,Standard Class,RP-19855,United States,Houston,Texas,77095,Central
US-2017-165869,7/31/2017,8/5/2017,Standard Class,LS-17200,United States,Milwaukee,Wisconsin,53209,Central
CA-2017-160899,8/11/2017,8/13/2017,Second Class,DR-12940,United States,Lake Charles,Louisiana,70601,South
CA-2017-144225,9/30/2017,10/2/2017,Second Class,CC-12475,United States,Baltimore,Maryland,21215,East
US-2016-163538,8/26/2016,8/30/2016,Standard Class,SS-20515,United States,Franklin,Wisconsin,53132,Central
US-2016-155103,12/2/2016,12/7/2016,Standard Class,JF-15190,United States,New York City,New York,10024,East
CA-2017-145429,7/21/2017,7/25/2017,Standard Class,SW-20455,United States,San Diego,California,92024,West
CA-2015-153535,5/20/2015,5/24/2015,Standard Class,SG-20470,United States,Wilson,North Carolina,27893,South
CA-2015-139164,6/23/2015,6/28/2015,Standard Class,CS-12355,United States,Long Beach,California,90805,West
CA-2016-112277,9/10/2016,9/15/2016,Standard Class,SC-20695,United States,Fort Lauderdale,Florida,33311,South
CA-2014-167724,4/13/2014,4/18/2014,Standard Class,BF-11170,United States,Baltimore,Maryland,21215,East
CA-2015-123141,11/14/2015,11/19/2015,Standard Class,GZ-14470,United States,Rio Rancho,New Mexico,87124,West
CA-2016-149503,12/9/2016,12/12/2016,First Class,SP-20650,United States,Stockton,California,95207,West
CA-2017-163069,8/18/2017,8/21/2017,Second Class,PJ-19015,United States,Columbus,Ohio,43229,East
CA-2017-107629,12/14/2017,12/14/2017,Same Day,DB-13060,United States,Skokie,Illinois,60076,Central
CA-2016-134789,4/8/2016,4/15/2016,Standard Class,CK-12325,United States,Hot Springs,Arkansas,71901,South
CA-2016-130442,12/16/2016,12/19/2016,First Class,SF-20065,United States,Goldsboro,North Carolina,27534,South
CA-2017-102974,9/19/2017,9/24/2017,Standard Class,DP-13105,United States,Los Angeles,California,90032,West
US-2017-166394,9/4/2017,9/6/2017,Second Class,VM-21835,United States,Nashua,New Hampshire,3060,East
CA-2016-128811,9/12/2016,9/16/2016,Standard Class,SF-20200,United States,Seattle,Washington,98103,West
CA-2017-145443,8/10/2017,8/15/2017,Second Class,SC-20695,United States,Richmond,Indiana,47374,Central
CA-2016-165827,11/4/2016,11/9/2016,Standard Class,MF-17665,United States,Miami,Florida,33180,South
CA-2015-156734,6/18/2015,6/20/2015,First Class,BV-11245,United States,Smyrna,Tennessee,37167,South
CA-2014-120096,7/4/2014,7/7/2014,First Class,KE-16420,United States,Aurora,Colorado,80013,West
CA-2015-141754,12/20/2015,12/25/2015,Standard Class,EM-14200,United States,Miami,Florida,33142,South
CA-2016-123358,4/10/2016,4/17/2016,Standard Class,BT-11680,United States,San Francisco,California,94122,West
CA-2014-144029,5/26/2014,5/31/2014,Standard Class,MM-18055,United States,Chicago,Illinois,60623,Central
US-2017-101784,7/6/2017,7/11/2017,Standard Class,PO-18850,United States,Los Angeles,California,90008,West
CA-2015-156923,2/16/2015,2/20/2015,Standard Class,SP-20860,United States,Dover,New Hampshire,3820,East
CA-2017-111269,6/16/2017,6/18/2017,Second Class,CS-12355,United States,Dublin,Ohio,43017,East
CA-2017-159156,11/13/2017,11/16/2017,First Class,KB-16600,United States,New York City,New York,10009,East
CA-2017-100230,12/11/2017,12/15/2017,Standard Class,AA-10375,United States,New York City,New York,10035,East
CA-2016-154767,6/28/2016,6/30/2016,Second Class,BP-11155,United States,Paterson,New Jersey,7501,East
CA-2017-124205,9/15/2017,9/19/2017,Standard Class,TC-21145,United States,Lakewood,New Jersey,8701,East
CA-2017-165715,12/2/2017,12/8/2017,Standard Class,BG-11035,United States,Greensboro,North Carolina,27405,South
CA-2017-100636,6/26/2017,6/30/2017,Standard Class,DO-13435,United States,New York City,New York,10035,East
CA-2016-162943,7/24/2016,7/26/2016,Second Class,DB-12970,United States,New York City,New York,10035,East
CA-2016-144764,9/2/2016,9/8/2016,Standard Class,RL-19615,United States,Chicago,Illinois,60623,Central
CA-2017-100615,4/20/2017,4/24/2017,Standard Class,SJ-20215,United States,Chicago,Illinois,60653,Central
CA-2014-109302,8/12/2014,8/16/2014,Standard Class,CS-12175,United States,Lakewood,New Jersey,8701,East
CA-2017-139787,9/19/2017,9/23/2017,Standard Class,JP-16135,United States,Columbus,Georgia,31907,South
CA-2017-139402,12/9/2017,12/13/2017,Standard Class,NC-18535,United States,Phoenix,Arizona,85023,West
CA-2016-119018,11/4/2016,11/8/2016,Standard Class,CW-11905,United States,Los Angeles,California,90004,West
CA-2015-105361,3/29/2015,4/4/2015,Standard Class,CM-12115,United States,New York City,New York,10024,East
US-2016-152373,9/5/2016,9/11/2016,Standard Class,PT-19090,United States,San Antonio,Texas,78207,Central
US-2017-166037,1/28/2017,2/1/2017,Standard Class,CL-12700,United States,New York City,New York,10009,East
US-2016-147711,9/3/2016,9/8/2016,Second Class,HF-14995,United States,Baltimore,Maryland,21215,East
CA-2017-121293,7/25/2017,7/28/2017,Second Class,JC-15775,United States,Philadelphia,Pennsylvania,19143,East
CA-2015-118843,9/13/2015,9/20/2015,Standard Class,JH-15910,United States,Atlanta,Georgia,30318,South
CA-2015-161445,9/7/2015,9/9/2015,Second Class,CC-12610,United States,Durham,North Carolina,27707,South
CA-2016-124527,11/16/2016,11/17/2016,First Class,IM-15055,United States,Roseville,California,95661,West
CA-2016-162348,11/10/2016,11/15/2016,Standard Class,BF-11170,United States,Sacramento,California,95823,West
CA-2014-141005,8/15/2014,8/18/2014,First Class,CS-12355,United States,Fairfield,Connecticut,6824,East
CA-2015-145394,11/16/2015,11/20/2015,Standard Class,MC-17605,United States,Chicago,Illinois,60610,Central
CA-2015-168809,8/25/2015,8/25/2015,Same Day,MC-18100,United States,Houston,Texas,77041,Central
CA-2016-109827,12/25/2016,1/1/2017,Standard Class,LW-16825,United States,Phoenix,Arizona,85023,West
CA-2014-152233,10/5/2014,10/6/2014,First Class,KH-16510,United States,Pomona,California,91767,West
CA-2014-125682,11/22/2014,11/25/2014,First Class,RB-19645,United States,Atlanta,Georgia,30318,South
CA-2017-162880,12/25/2017,12/29/2017,Standard Class,GD-14590,United States,Everett,Washington,98208,West
CA-2015-128125,3/31/2015,4/5/2015,Standard Class,EB-13705,United States,Houston,Texas,77095,Central
CA-2017-156237,9/14/2017,9/15/2017,First Class,PS-18760,United States,Philadelphia,Pennsylvania,19140,East
CA-2014-144414,6/17/2014,6/21/2014,Standard Class,GH-14425,United States,Seattle,Washington,98105,West
CA-2017-163860,12/28/2017,1/1/2018,Standard Class,LO-17170,United States,Peoria,Illinois,61604,Central
US-2017-115609,11/2/2017,11/7/2017,Standard Class,CS-12505,United States,Los Angeles,California,90036,West
CA-2015-154291,7/25/2015,7/29/2015,Standard Class,YS-21880,United States,Montgomery,Alabama,36116,South
CA-2016-118689,10/2/2016,10/9/2016,Standard Class,TC-20980,United States,Lafayette,Indiana,47905,Central
CA-2016-140438,12/24/2016,12/27/2016,Second Class,PW-19030,United States,New York City,New York,10009,East
US-2017-123204,7/21/2017,7/27/2017,Standard Class,CS-11860,United States,New York City,New York,10024,East
CA-2015-112522,10/10/2015,10/17/2015,Standard Class,DP-13165,United States,Chicago,Illinois,60610,Central
CA-2016-153101,9/8/2016,9/8/2016,Same Day,PJ-19015,United States,Santa Ana,California,92704,West
CA-2016-142615,11/20/2016,11/24/2016,Standard Class,BM-11575,United States,Montebello,California,90640,West
CA-2017-142643,10/15/2017,10/20/2017,Standard Class,DL-13495,United States,Thousand Oaks,California,91360,West
CA-2015-116260,7/6/2015,7/12/2015,Standard Class,BF-10975,United States,Vineland,New Jersey,8360,East
CA-2017-107517,2/5/2017,2/9/2017,Standard Class,FC-14335,United States,Torrance,California,90503,West
CA-2015-166338,12/6/2015,12/7/2015,First Class,MP-18175,United States,Troy,Ohio,45373,East
CA-2016-123946,9/12/2016,9/17/2016,Standard Class,AJ-10795,United States,Springfield,Virginia,22153,South
CA-2014-147543,7/6/2014,7/12/2014,Standard Class,BC-11125,United States,El Cajon,California,92020,West
US-2016-159093,5/9/2016,5/14/2016,Standard Class,RS-19420,United States,Los Angeles,California,90036,West
CA-2016-162110,7/18/2016,7/22/2016,Standard Class,NP-18670,United States,Phoenix,Arizona,85023,West
US-2016-163461,6/18/2016,6/21/2016,First Class,BT-11440,United States,Frankfort,Illinois,60423,Central
CA-2014-101462,4/20/2014,4/25/2014,Standard Class,BP-11230,United States,Los Angeles,California,90045,West
US-2016-100461,1/8/2016,1/12/2016,Standard Class,JO-15145,United States,Franklin,Wisconsin,53132,Central
US-2017-162670,12/23/2017,12/28/2017,Second Class,MF-18250,United States,Little Rock,Arkansas,72209,South
CA-2017-128965,4/17/2017,4/22/2017,Standard Class,PS-18760,United States,Los Angeles,California,90008,West
CA-2017-138618,12/1/2017,12/8/2017,Standard Class,MY-17380,United States,San Antonio,Texas,78207,Central
US-2016-126452,8/21/2016,8/28/2016,Standard Class,SC-20230,United States,Los Angeles,California,90004,West
CA-2016-145009,12/5/2016,12/8/2016,Second Class,RF-19345,United States,Chicago,Illinois,60610,Central
CA-2015-162544,12/16/2015,12/19/2015,First Class,SG-20080,United States,Seattle,Washington,98105,West
CA-2014-124394,10/17/2014,10/22/2014,Second Class,TB-21520,United States,Beaumont,Texas,77705,Central
US-2016-121013,9/5/2016,9/10/2016,Standard Class,MM-17920,United States,Chesapeake,Virginia,23320,South
US-2015-123918,10/15/2015,10/15/2015,Same Day,CG-12520,United States,Dallas,Texas,75217,Central
CA-2015-137113,12/1/2015,12/5/2015,Second Class,TW-21025,United States,Seattle,Washington,98105,West
CA-2015-120677,5/31/2015,6/4/2015,Standard Class,BD-11320,United States,Minneapolis,Minnesota,55407,Central
CA-2017-123036,9/10/2017,9/17/2017,Standard Class,HA-14905,United States,Springfield,Ohio,45503,East
CA-2017-120222,4/25/2017,5/2/2017,Standard Class,LL-16840,United States,Los Angeles,California,90032,West
CA-2017-164756,9/18/2017,9/22/2017,Standard Class,SS-20140,United States,Columbus,Georgia,31907,South
CA-2017-122028,8/18/2017,8/25/2017,Standard Class,CK-12205,United States,Lakewood,Ohio,44107,East
US-2015-165512,5/24/2015,5/26/2015,Second Class,VS-21820,United States,Naperville,Illinois,60540,Central
CA-2015-140557,9/7/2015,9/11/2015,Standard Class,TN-21040,United States,New York City,New York,10009,East
US-2017-135013,7/24/2017,7/24/2017,Same Day,HR-14830,United States,Huntington Beach,California,92646,West
CA-2017-111220,9/2/2017,9/8/2017,Standard Class,JS-15595,United States,Chicago,Illinois,60653,Central
US-2017-149006,12/6/2017,12/8/2017,Second Class,BN-11470,United States,Brentwood,California,94513,West
CA-2017-149468,5/20/2017,5/20/2017,Same Day,AR-10405,United States,Trenton,Michigan,48183,Central
CA-2016-140249,9/27/2016,10/3/2016,Standard Class,SW-20455,United States,Seattle,Washington,98103,West
US-2017-135503,12/10/2017,12/15/2017,Standard Class,JE-16165,United States,North Charleston,South Carolina,29406,South
CA-2014-126277,9/13/2014,9/18/2014,Second Class,LH-16900,United States,Columbus,Ohio,43229,East
US-2017-115301,7/29/2017,8/2/2017,Standard Class,VG-21790,United States,Seattle,Washington,98103,West
CA-2017-168942,8/1/2017,8/5/2017,Second Class,EM-13960,United States,San Francisco,California,94109,West
US-2017-128398,5/2/2017,5/5/2017,Second Class,EM-13825,United States,Los Angeles,California,90049,West
CA-2015-104115,6/12/2015,6/16/2015,Standard Class,JH-15910,United States,West Palm Beach,Florida,33407,South
CA-2014-142510,12/22/2014,12/29/2014,Standard Class,NP-18700,United States,Chicago,Illinois,60623,Central
CA-2014-124247,12/16/2014,12/21/2014,Standard Class,SH-20635,United States,Sacramento,California,95823,West
CA-2016-105473,4/16/2016,4/18/2016,Second Class,BM-11785,United States,Seattle,Washington,98115,West
CA-2015-102806,5/21/2015,5/28/2015,Standard Class,HG-14965,United States,Philadelphia,Pennsylvania,19143,East
CA-2017-121706,2/26/2017,3/2/2017,Standard Class,BM-11140,United States,Santa Barbara,California,93101,West
CA-2017-109211,4/4/2017,4/10/2017,Standard Class,PS-19045,United States,New York City,New York,10011,East
CA-2015-134257,3/16/2015,3/19/2015,Second Class,MS-17710,United States,Auburn,Alabama,36830,South
CA-2015-137925,11/30/2015,12/4/2015,Standard Class,JL-15235,United States,New York City,New York,10035,East
CA-2016-140046,7/28/2016,8/3/2016,Standard Class,KM-16660,United States,Los Angeles,California,90032,West
CA-2016-140382,6/23/2016,6/25/2016,Second Class,RD-19900,United States,San Francisco,California,94109,West
CA-2014-164182,7/14/2014,7/18/2014,Standard Class,ST-20530,United States,Philadelphia,Pennsylvania,19140,East
CA-2017-137365,11/30/2017,12/3/2017,Second Class,BP-11095,United States,El Paso,Texas,79907,Central
CA-2016-129847,9/2/2016,9/4/2016,First Class,TA-21385,United States,Chicago,Illinois,60653,Central
CA-2014-126963,6/15/2014,6/15/2014,Same Day,PS-18760,United States,El Paso,Texas,79907,Central
CA-2016-125094,11/5/2016,11/9/2016,Standard Class,NP-18700,United States,Seattle,Washington,98105,West
CA-2017-107132,6/26/2017,6/30/2017,Standard Class,SC-20260,United States,New York City,New York,10009,East
CA-2015-139248,7/25/2015,7/30/2015,Standard Class,RD-19930,United States,Los Angeles,California,90032,West
CA-2014-148369,9/23/2014,9/27/2014,Standard Class,TH-21115,United States,Newark,Delaware,19711,East
CA-2016-106243,9/30/2016,10/4/2016,Standard Class,GM-14680,United States,New York City,New York,10011,East
CA-2015-126466,11/9/2015,11/13/2015,Standard Class,JO-15550,United States,Roseville,California,95661,West
CA-2015-130365,4/25/2015,4/29/2015,Standard Class,ZC-21910,United States,Aurora,Illinois,60505,Central
CA-2017-143021,11/19/2017,11/19/2017,Same Day,AP-10720,United States,New York City,New York,10011,East
CA-2015-161767,11/20/2015,11/24/2015,Standard Class,GK-14620,United States,Dallas,Texas,75217,Central
CA-2015-129917,10/2/2015,10/3/2015,First Class,HM-14980,United States,Los Angeles,California,90008,West
CA-2015-115420,4/25/2015,5/2/2015,Standard Class,LS-16945,United States,Los Angeles,California,90004,West
CA-2016-157588,7/14/2016,7/19/2016,Standard Class,AR-10570,United States,Columbus,Georgia,31907,South
CA-2015-167255,9/27/2015,9/29/2015,Second Class,RH-19510,United States,San Francisco,California,94110,West
CA-2017-162096,11/10/2017,11/10/2017,Same Day,TB-21190,United States,Riverside,California,92503,West
CA-2016-157161,7/16/2016,7/20/2016,Second Class,JD-15895,United States,Columbia,South Carolina,29203,South
CA-2015-110765,10/16/2015,10/20/2015,Second Class,MP-17965,United States,New York City,New York,10011,East
CA-2016-163937,1/10/2016,1/13/2016,Second Class,JB-16000,United States,Longview,Washington,98632,West
CA-2017-153822,9/19/2017,9/25/2017,Standard Class,AB-10105,United States,Phoenix,Arizona,85023,West
CA-2017-146185,9/15/2017,9/19/2017,Standard Class,CC-12145,United States,Houston,Texas,77095,Central
CA-2015-112144,6/28/2015,7/2/2015,Standard Class,CY-12745,United States,Gilbert,Arizona,85234,West
US-2016-119298,11/25/2016,11/28/2016,First Class,EP-13915,United States,Jonesboro,Arkansas,72401,South
CA-2017-155159,11/25/2017,11/29/2017,Second Class,DL-13315,United States,Atlanta,Georgia,30318,South
CA-2017-149076,1/14/2017,1/19/2017,Standard Class,SO-20335,United States,Los Angeles,California,90036,West
CA-2014-146990,11/7/2014,11/8/2014,First Class,BP-11095,United States,New York City,New York,10024,East
CA-2016-116526,9/1/2016,9/5/2016,Standard Class,JA-15970,United States,Detroit,Michigan,48227,Central
CA-2017-158561,11/11/2017,11/16/2017,Second Class,BB-11545,United States,Fort Lauderdale,Florida,33311,South
CA-2017-165099,12/11/2017,12/13/2017,First Class,DK-13375,United States,Abilene,Texas,79605,Central
CA-2015-109386,11/8/2015,11/13/2015,Second Class,RH-19600,United States,Hampton,Virginia,23666,South
CA-2015-166800,11/19/2015,11/26/2015,Standard Class,AG-10300,United States,Las Vegas,Nevada,89115,West
CA-2017-117443,12/23/2017,12/25/2017,Second Class,JB-15400,United States,Rockford,Illinois,61107,Central
US-2016-134369,9/16/2016,9/22/2016,Standard Class,BC-11125,United States,Laguna Niguel,California,92677,West
CA-2017-123687,5/26/2017,5/29/2017,First Class,KC-16675,United States,Louisville,Kentucky,40214,South
CA-2015-104871,3/30/2015,4/3/2015,Standard Class,DR-12940,United States,Normal,Illinois,61761,Central
CA-2014-133158,8/19/2014,8/21/2014,Second Class,DW-13195,United States,Los Angeles,California,90045,West
CA-2014-126333,12/23/2014,12/28/2014,Standard Class,ME-18010,United States,Port Arthur,Texas,77642,Central
CA-2015-141740,11/1/2015,11/5/2015,Standard Class,JF-15490,United States,New York City,New York,10009,East
CA-2014-119466,12/15/2014,12/21/2014,Standard Class,SP-20860,United States,Chicago,Illinois,60623,Central
CA-2015-154823,8/21/2015,8/25/2015,Standard Class,KN-16390,United States,Springfield,Ohio,45503,East
US-2014-135881,5/23/2014,5/27/2014,Standard Class,GT-14710,United States,New York City,New York,10035,East
CA-2017-141201,12/9/2017,12/11/2017,Second Class,DB-12910,United States,Salinas,California,93905,West
CA-2014-114790,3/11/2014,3/13/2014,Second Class,FM-14215,United States,Richmond,Kentucky,40475,South
US-2016-154256,6/23/2016,6/27/2016,Second Class,SM-20005,United States,New York City,New York,10035,East
CA-2014-124737,8/23/2014,8/27/2014,Standard Class,AP-10915,United States,Denver,Colorado,80219,West
US-2017-101840,2/6/2017,2/12/2017,Standard Class,SP-20545,United States,New York City,New York,10024,East
CA-2017-131653,1/29/2017,2/5/2017,Standard Class,RD-19585,United States,New York City,New York,10011,East
US-2016-157840,12/20/2016,12/23/2016,Second Class,MC-17575,United States,Fremont,Nebraska,68025,Central
CA-2016-145548,11/11/2016,11/16/2016,Standard Class,EB-13750,United States,New York City,New York,10011,East
CA-2017-119494,11/9/2017,11/13/2017,Standard Class,JE-15610,United States,San Diego,California,92105,West
CA-2014-124618,5/2/2014,5/4/2014,Second Class,CS-11860,United States,Lakeland,Florida,33801,South
CA-2017-161970,9/22/2017,9/27/2017,Standard Class,PB-19105,United States,Smyrna,Georgia,30080,South
CA-2017-103443,12/17/2017,12/23/2017,Standard Class,AT-10735,United States,New York City,New York,10009,East
US-2017-165358,7/18/2017,7/23/2017,Standard Class,SV-20365,United States,Philadelphia,Pennsylvania,19134,East
CA-2016-160136,11/3/2016,11/9/2016,Standard Class,PJ-18835,United States,Dallas,Texas,75217,Central
CA-2014-150581,4/8/2014,4/12/2014,Standard Class,NM-18445,United States,Concord,California,94521,West
CA-2016-119515,8/14/2016,8/16/2016,First Class,TR-21325,United States,Nashville,Tennessee,37211,South
CA-2014-141355,9/25/2014,9/30/2014,Standard Class,BF-11005,United States,Aurora,Colorado,80013,West
CA-2016-165330,12/11/2016,12/11/2016,Same Day,WB-21850,United States,Anaheim,California,92804,West
CA-2015-132633,2/3/2015,2/5/2015,Second Class,KH-16630,United States,Pleasant Grove,Utah,84062,West
CA-2016-157742,12/29/2016,12/31/2016,Second Class,KL-16645,United States,Springfield,Oregon,97477,West
CA-2017-127712,8/31/2017,9/5/2017,Standard Class,MG-17890,United States,Salem,Oregon,97301,West
CA-2017-169474,2/4/2017,2/9/2017,Standard Class,JF-15355,United States,Rochester,New York,14609,East
CA-2014-106726,12/6/2014,12/8/2014,First Class,RS-19765,United States,Los Angeles,California,90008,West
CA-2016-147473,5/30/2016,6/3/2016,Standard Class,NL-18310,United States,Los Angeles,California,90049,West
CA-2016-114209,5/21/2016,5/26/2016,Standard Class,AS-10285,United States,Dallas,Texas,75081,Central
CA-2014-141901,8/9/2014,8/14/2014,Standard Class,GM-14500,United States,Fresno,California,93727,West
CA-2016-164490,9/5/2016,9/10/2016,Second Class,SU-20665,United States,Chicago,Illinois,60653,Central
CA-2016-112256,7/23/2016,7/28/2016,Standard Class,CK-12205,United States,Mcallen,Texas,78501,Central
CA-2016-167416,5/12/2016,5/17/2016,Standard Class,JM-15580,United States,Seattle,Washington,98105,West
CA-2016-106950,9/2/2016,9/6/2016,Standard Class,JE-15715,United States,Charlotte,North Carolina,28205,South
CA-2017-118724,7/21/2017,7/25/2017,Second Class,AR-10825,United States,Concord,California,94521,West
CA-2017-112004,9/25/2017,9/28/2017,First Class,AH-10075,United States,Chester,Pennsylvania,19013,East
US-2017-143175,8/3/2017,8/6/2017,Second Class,GA-14515,United States,Los Angeles,California,90004,West
CA-2015-105844,10/25/2015,10/27/2015,Second Class,JF-15415,United States,Sparks,Nevada,89431,West
CA-2017-118864,6/15/2017,6/19/2017,Second Class,KH-16690,United States,Los Angeles,California,90032,West
CA-2015-119480,1/9/2015,1/13/2015,Standard Class,CC-12685,United States,Henderson,Kentucky,42420,South
US-2015-153374,2/9/2015,2/13/2015,Second Class,JF-15565,United States,Decatur,Illinois,62521,Central
CA-2016-101980,8/19/2016,8/20/2016,First Class,RP-19390,United States,New York City,New York,10009,East
CA-2017-144596,11/6/2017,11/10/2017,Standard Class,CD-11980,United States,New York City,New York,10011,East
CA-2015-124933,12/26/2015,12/30/2015,Second Class,DF-13135,United States,New York City,New York,10009,East
CA-2014-159625,11/23/2014,11/28/2014,Standard Class,SM-20005,United States,Scottsdale,Arizona,85254,West
CA-2016-144337,8/1/2016,8/5/2016,Second Class,SG-20890,United States,Amarillo,Texas,79109,Central
CA-2014-117478,9/21/2014,9/24/2014,First Class,LH-16750,United States,Philadelphia,Pennsylvania,19140,East
CA-2017-147410,9/4/2017,9/8/2017,Standard Class,EJ-14155,United States,Santa Ana,California,92704,West
CA-2017-128944,6/19/2017,6/21/2017,Second Class,KH-16330,United States,Newark,Ohio,43055,East
CA-2016-109666,4/19/2016,4/26/2016,Standard Class,KM-16720,United States,New York City,New York,10035,East
US-2016-102239,5/5/2016,5/6/2016,First Class,LW-16990,United States,Henderson,Nevada,89015,West
CA-2014-143168,10/18/2014,10/23/2014,Second Class,IG-15085,United States,Seattle,Washington,98103,West
CA-2017-104906,2/13/2017,2/17/2017,Standard Class,JP-15460,United States,New York City,New York,10009,East
CA-2017-118122,11/17/2017,11/24/2017,Standard Class,GG-14650,United States,Seattle,Washington,98103,West
US-2014-147774,1/20/2014,1/26/2014,Standard Class,MM-18280,United States,Smyrna,Tennessee,37167,South
CA-2017-166926,12/1/2017,12/8/2017,Standard Class,SO-20335,United States,Seattle,Washington,98105,West
CA-2015-128013,8/9/2015,8/16/2015,Standard Class,MF-18250,United States,New York City,New York,10035,East
CA-2016-123176,9/27/2016,9/29/2016,Second Class,JG-15160,United States,Atlanta,Georgia,30318,South
US-2016-117541,11/14/2016,11/20/2016,Standard Class,JM-16195,United States,Newark,Delaware,19711,East
CA-2016-166282,4/16/2016,4/22/2016,Standard Class,PK-19075,United States,Nashville,Tennessee,37211,South
CA-2017-141439,11/26/2017,12/1/2017,Standard Class,TT-21460,United States,Richmond,Indiana,47374,Central
CA-2015-163965,11/20/2015,11/27/2015,Standard Class,SS-20875,United States,Miami,Florida,33180,South
CA-2017-128783,9/7/2017,9/7/2017,Same Day,TG-21640,United States,Saint Charles,Missouri,63301,Central
CA-2014-122217,11/24/2014,11/29/2014,Standard Class,HP-14815,United States,Virginia Beach,Virginia,23464,South
US-2017-141558,3/11/2017,3/16/2017,Standard Class,MH-17290,United States,Philadelphia,Pennsylvania,19140,East
CA-2016-139941,6/12/2016,6/17/2016,Standard Class,CB-12415,United States,Long Beach,New York,11561,East
CA-2015-166583,6/26/2015,6/30/2015,Standard Class,VD-21670,United States,Houston,Texas,77070,Central
CA-2017-100412,12/22/2017,12/26/2017,Standard Class,SR-20425,United States,Tuscaloosa,Alabama,35401,South
CA-2017-142909,12/22/2017,12/25/2017,Second Class,AG-10330,United States,Mesa,Arizona,85204,West
CA-2014-137911,10/9/2014,10/15/2014,Standard Class,BP-11095,United States,Jacksonville,North Carolina,28540,South
CA-2015-106208,12/10/2015,12/15/2015,Standard Class,JW-16075,United States,Chicago,Illinois,60610,Central
US-2015-136749,12/25/2015,12/27/2015,Second Class,LH-16900,United States,Columbus,Georgia,31907,South
CA-2017-126718,4/29/2017,5/4/2017,Standard Class,KT-16480,United States,Orange,New Jersey,7050,East
CA-2016-131380,3/28/2016,3/31/2016,Second Class,CC-12220,United States,Los Angeles,California,90032,West
CA-2015-145835,5/13/2015,5/18/2015,Second Class,BF-11170,United States,Chicago,Illinois,60623,Central
CA-2014-138709,7/4/2014,7/9/2014,Standard Class,MS-17770,United States,Richmond,Virginia,23223,South
CA-2014-122070,4/22/2014,4/24/2014,Second Class,AH-10030,United States,Troy,New York,12180,East
CA-2016-158610,9/19/2016,9/22/2016,First Class,CK-12595,United States,Providence,Rhode Island,2908,East
CA-2014-117464,7/22/2014,7/24/2014,Second Class,NP-18325,United States,San Francisco,California,94122,West
US-2017-168613,10/8/2017,10/14/2017,Standard Class,GM-14440,United States,New York City,New York,10009,East
CA-2017-125381,4/25/2017,4/27/2017,Second Class,SG-20605,United States,San Francisco,California,94109,West
US-2017-141677,3/26/2017,3/30/2017,Standard Class,HK-14890,United States,Houston,Texas,77070,Central
CA-2017-133067,5/4/2017,5/10/2017,Standard Class,MY-18295,United States,Philadelphia,Pennsylvania,19140,East
US-2016-144351,11/14/2016,11/18/2016,Standard Class,RC-19960,United States,Baltimore,Maryland,21215,East
CA-2014-106054,1/6/2014,1/7/2014,First Class,JO-15145,United States,Athens,Georgia,30605,South
CA-2016-138667,12/27/2016,12/30/2016,Second Class,MW-18220,United States,Lancaster,Ohio,43130,East
CA-2017-150609,4/30/2017,5/4/2017,Standard Class,NZ-18565,United States,Los Angeles,California,90032,West
CA-2017-128853,4/21/2017,4/23/2017,First Class,JM-15250,United States,Baltimore,Maryland,21215,East
CA-2017-133102,8/17/2017,8/24/2017,Standard Class,ED-13885,United States,Houston,Texas,77095,Central
CA-2016-164399,11/12/2016,11/15/2016,First Class,DW-13480,United States,San Diego,California,92024,West
CA-2016-116918,10/1/2016,10/6/2016,Second Class,JK-15205,United States,Hialeah,Florida,33012,South
CA-2016-110492,2/12/2016,2/14/2016,First Class,JS-15880,United States,Atlanta,Georgia,30318,South
CA-2016-147683,11/13/2016,11/17/2016,Standard Class,PO-19180,United States,Seattle,Washington,98103,West
CA-2014-116785,4/26/2014,4/30/2014,Standard Class,MH-17290,United States,Los Angeles,California,90036,West
US-2015-156797,8/11/2015,8/15/2015,Standard Class,PO-19180,United States,New York City,New York,10035,East
CA-2016-104276,11/27/2016,12/3/2016,Standard Class,HF-14995,United States,Fort Lauderdale,Florida,33311,South
CA-2016-120369,10/28/2016,10/28/2016,Same Day,VB-21745,United States,Rochester,New York,14609,East
CA-2014-118276,12/29/2014,1/2/2015,Standard Class,MG-17890,United States,Saint Charles,Illinois,60174,Central
CA-2015-136658,9/10/2015,9/17/2015,Standard Class,BO-11425,United States,New York City,New York,10024,East
CA-2017-137414,10/2/2017,10/6/2017,Standard Class,CM-12115,United States,San Francisco,California,94109,West
CA-2016-143476,9/11/2016,9/13/2016,First Class,LC-16930,United States,Phoenix,Arizona,85023,West
US-2016-119046,6/2/2016,6/6/2016,Standard Class,EH-13765,United States,Seattle,Washington,98115,West
CA-2017-154949,10/15/2017,10/19/2017,Standard Class,MC-17275,United States,Camarillo,California,93010,West
CA-2015-103072,9/27/2015,9/30/2015,Second Class,HW-14935,United States,Detroit,Michigan,48205,Central
CA-2015-150770,5/3/2015,5/6/2015,First Class,LC-16870,United States,San Francisco,California,94109,West
CA-2017-154760,1/9/2017,1/13/2017,Standard Class,BP-11290,United States,Philadelphia,Pennsylvania,19140,East
US-2017-104437,1/27/2017,1/31/2017,Standard Class,TG-21310,United States,New York City,New York,10035,East
CA-2017-113075,9/2/2017,9/6/2017,Standard Class,MC-18100,United States,Chicago,Illinois,60623,Central
CA-2016-109953,7/14/2016,7/18/2016,Standard Class,RB-19360,United States,San Francisco,California,94122,West
CA-2017-127397,2/24/2017,2/28/2017,Standard Class,ES-14080,United States,Philadelphia,Pennsylvania,19134,East
CA-2014-157546,7/20/2014,7/22/2014,First Class,RD-19720,United States,San Francisco,California,94122,West
CA-2017-153843,3/13/2017,3/15/2017,First Class,SC-20380,United States,Fairfield,Connecticut,6824,East
CA-2016-137337,3/8/2016,3/12/2016,Standard Class,GB-14575,United States,New York City,New York,10011,East
CA-2014-138737,12/7/2014,12/10/2014,First Class,FP-14320,United States,Los Angeles,California,90049,West
CA-2016-164924,7/10/2016,7/10/2016,Same Day,EA-14035,United States,Philadelphia,Pennsylvania,19143,East
CA-2016-101651,12/24/2016,12/30/2016,Standard Class,SC-20305,United States,San Jose,California,95123,West
CA-2017-136651,4/23/2017,4/25/2017,Second Class,JF-15355,United States,Pasadena,California,91104,West
CA-2017-118892,8/17/2017,8/22/2017,Second Class,TP-21415,United States,Philadelphia,Pennsylvania,19134,East
US-2017-151127,5/22/2017,5/25/2017,First Class,RL-19615,United States,Los Angeles,California,90049,West
CA-2017-145807,2/9/2017,2/13/2017,Standard Class,SB-20170,United States,Los Angeles,California,90032,West
US-2014-127978,3/3/2014,3/8/2014,Standard Class,JS-15595,United States,Columbus,Ohio,43229,East
CA-2015-158491,6/4/2015,6/9/2015,Second Class,BP-11155,United States,Los Angeles,California,90008,West
CA-2016-116764,8/27/2016,9/2/2016,Standard Class,EM-13825,United States,Hollywood,Florida,33021,South
CA-2016-152457,9/12/2016,9/18/2016,Standard Class,SC-20695,United States,Roseville,Michigan,48066,Central
CA-2016-152730,5/30/2016,6/4/2016,Standard Class,EM-14140,United States,Superior,Wisconsin,54880,Central
CA-2017-137001,6/10/2017,6/13/2017,Second Class,GZ-14545,United States,Thousand Oaks,California,91360,West
CA-2017-156363,10/22/2017,10/28/2017,Standard Class,ML-17395,United States,Philadelphia,Pennsylvania,19134,East
CA-2017-122056,6/13/2017,6/17/2017,Standard Class,PG-18895,United States,Springfield,Virginia,22153,South
US-2014-143721,11/23/2014,11/26/2014,Second Class,DK-12835,United States,Houston,Texas,77095,Central
CA-2017-122987,8/16/2017,8/16/2017,Same Day,SJ-20215,United States,Columbia,Tennessee,38401,South
CA-2016-133368,1/14/2016,1/20/2016,Standard Class,AG-10675,United States,Concord,North Carolina,28027,South
CA-2016-123337,9/16/2016,9/22/2016,Standard Class,KD-16495,United States,San Jose,California,95123,West
US-2016-150357,10/10/2016,10/14/2016,Standard Class,EB-13975,United States,Greensboro,North Carolina,27405,South
CA-2015-144519,11/13/2015,11/17/2015,Standard Class,AW-10930,United States,Helena,Montana,59601,West
CA-2014-120670,11/2/2014,11/6/2014,Standard Class,JK-16120,United States,Fort Lauderdale,Florida,33311,South
CA-2016-157217,7/19/2016,7/21/2016,First Class,TC-21535,United States,San Francisco,California,94110,West
CA-2016-108224,5/14/2016,5/14/2016,Same Day,TH-21235,United States,Yuma,Arizona,85364,West
CA-2015-162782,2/21/2015,2/27/2015,Standard Class,PW-19240,United States,Columbia,Maryland,21044,East
CA-2017-159282,10/16/2017,10/21/2017,Standard Class,GH-14410,United States,Yuma,Arizona,85364,West
CA-2017-155936,6/22/2017,6/29/2017,Standard Class,JK-15730,United States,Chicago,Illinois,60653,Central
CA-2017-169439,9/9/2017,9/13/2017,Standard Class,LC-17140,United States,Cleveland,Ohio,44105,East
CA-2017-151183,10/14/2017,10/19/2017,Standard Class,BK-11260,United States,San Francisco,California,94110,West
CA-2016-149965,6/20/2016,6/25/2016,Standard Class,BS-11365,United States,Oklahoma City,Oklahoma,73120,Central
CA-2014-158281,9/2/2014,9/7/2014,Standard Class,AG-10525,United States,Houston,Texas,77095,Central
CA-2016-153661,1/30/2016,1/31/2016,First Class,SC-20725,United States,San Francisco,California,94122,West
CA-2017-109183,12/4/2017,12/9/2017,Standard Class,LR-16915,United States,Nashville,Tennessee,37211,South
CA-2016-113656,1/23/2016,1/29/2016,Standard Class,CB-12415,United States,Los Angeles,California,90036,West
CA-2015-148964,5/26/2015,5/31/2015,Standard Class,RD-19900,United States,Bellevue,Washington,98006,West
CA-2014-111899,5/4/2014,5/5/2014,First Class,NC-18340,United States,Houston,Texas,77036,Central
CA-2015-101126,2/10/2015,2/14/2015,Second Class,NB-18655,United States,Philadelphia,Pennsylvania,19143,East
CA-2014-163468,11/18/2014,11/21/2014,First Class,JK-15730,United States,Des Plaines,Illinois,60016,Central
US-2017-117450,9/4/2017,9/8/2017,Standard Class,DO-13645,United States,Boynton Beach,Florida,33437,South
CA-2014-137274,3/29/2014,4/2/2014,Standard Class,MG-18145,United States,Plano,Texas,75023,Central
CA-2016-144092,11/5/2016,11/7/2016,Second Class,LH-17155,United States,San Jose,California,95123,West
CA-2017-112172,6/10/2017,6/14/2017,Second Class,MM-18280,United States,New York City,New York,10024,East
CA-2015-121699,8/10/2015,8/14/2015,Standard Class,BD-11320,United States,Detroit,Michigan,48227,Central
CA-2015-162761,10/9/2015,10/13/2015,Standard Class,SC-20575,United States,Miami,Florida,33178,South
CA-2016-121377,5/28/2016,6/2/2016,Standard Class,TN-21040,United States,Park Ridge,Illinois,60068,Central
CA-2017-115322,5/11/2017,5/16/2017,Second Class,ZC-21910,United States,New York City,New York,10024,East
CA-2016-132066,10/16/2016,10/20/2016,Standard Class,NB-18655,United States,New York City,New York,10011,East
CA-2017-158120,11/17/2017,11/21/2017,Standard Class,KH-16330,United States,Hillsboro,Oregon,97123,West
CA-2017-100097,11/26/2017,11/29/2017,Second Class,MN-17935,United States,New York City,New York,10009,East
CA-2017-167626,9/3/2017,9/7/2017,Standard Class,MY-18295,United States,Chicago,Illinois,60623,Central
US-2017-126053,12/5/2017,12/8/2017,First Class,CS-11950,United States,New York City,New York,10024,East
US-2017-128447,11/10/2017,11/17/2017,Standard Class,MC-17845,United States,Pasco,Washington,99301,West
US-2014-131275,3/18/2014,3/24/2014,Standard Class,SC-20050,United States,Burbank,California,91505,West
CA-2016-149349,11/12/2016,11/13/2016,First Class,SP-20650,United States,Chicago,Illinois,60623,Central
CA-2017-115119,10/26/2017,10/30/2017,Standard Class,SC-20440,United States,Lancaster,Pennsylvania,17602,East
CA-2015-125563,4/11/2015,4/17/2015,Standard Class,PR-18880,United States,Tampa,Florida,33614,South
CA-2015-113152,12/25/2015,12/30/2015,Standard Class,JK-15625,United States,New York City,New York,10024,East
CA-2017-165155,9/21/2017,9/23/2017,First Class,BM-11575,United States,Los Angeles,California,90045,West
CA-2014-163412,12/20/2014,12/23/2014,Second Class,SM-20950,United States,New York City,New York,10035,East
CA-2015-159590,7/18/2015,7/21/2015,First Class,KC-16255,United States,New York City,New York,10009,East
CA-2014-116190,7/26/2014,8/1/2014,Standard Class,SG-20470,United States,Atlanta,Georgia,30318,South
CA-2014-168473,12/26/2014,1/1/2015,Standard Class,TB-21520,United States,New York City,New York,10009,East
CA-2017-168389,12/11/2017,12/17/2017,Standard Class,DV-13045,United States,Jacksonville,Florida,32216,South
CA-2014-130421,3/3/2014,3/7/2014,Standard Class,SC-20020,United States,Houston,Texas,77095,Central
CA-2017-142125,10/21/2017,10/27/2017,Standard Class,JB-15400,United States,Milwaukee,Wisconsin,53209,Central
CA-2017-141138,11/10/2017,11/16/2017,Standard Class,GH-14425,United States,Modesto,California,95351,West
CA-2017-152135,3/16/2017,3/18/2017,Second Class,MG-17650,United States,Lakewood,Ohio,44107,East
CA-2016-151974,9/22/2016,9/29/2016,Standard Class,RD-19660,United States,Philadelphia,Pennsylvania,19134,East
CA-2017-154102,2/6/2017,2/13/2017,Standard Class,SN-20560,United States,San Francisco,California,94109,West
CA-2015-139780,12/31/2015,1/2/2016,Second Class,AH-10690,United States,Detroit,Michigan,48205,Central
CA-2016-114748,10/9/2016,10/14/2016,Standard Class,MZ-17335,United States,Phoenix,Arizona,85023,West
US-2014-115189,12/30/2014,1/3/2015,Second Class,AR-10345,United States,Philadelphia,Pennsylvania,19143,East
CA-2016-163594,4/12/2016,4/14/2016,First Class,JF-15295,United States,Los Angeles,California,90036,West
CA-2016-127243,11/28/2016,12/4/2016,Standard Class,DS-13180,United States,Philadelphia,Pennsylvania,19140,East
CA-2017-161851,4/15/2017,4/17/2017,First Class,BP-11095,United States,Miami,Florida,33180,South
CA-2015-110345,3/9/2015,3/11/2015,Second Class,TG-21310,United States,Raleigh,North Carolina,27604,South
CA-2014-107769,10/28/2014,11/1/2014,Standard Class,BT-11395,United States,Garden City,Kansas,67846,Central
US-2017-123862,1/7/2017,1/9/2017,Second Class,JF-15190,United States,Long Beach,California,90805,West
CA-2017-100580,8/13/2017,8/20/2017,Standard Class,MK-17905,United States,San Diego,California,92037,West
US-2017-145597,11/2/2017,11/5/2017,First Class,GG-14650,United States,Bloomington,Illinois,61701,Central
CA-2014-132787,9/19/2014,9/23/2014,Standard Class,MC-18130,United States,Seattle,Washington,98115,West
CA-2015-136224,5/31/2015,5/31/2015,Same Day,ML-18265,United States,Fayetteville,North Carolina,28314,South
CA-2016-105732,9/13/2016,9/18/2016,Standard Class,AG-10270,United States,Omaha,Nebraska,68104,Central
CA-2017-108035,11/29/2017,12/3/2017,Standard Class,TT-21070,United States,Chattanooga,Tennessee,37421,South
CA-2017-160031,12/4/2017,12/7/2017,Second Class,LT-16765,United States,Fairfield,Ohio,45014,East
CA-2017-147844,5/2/2017,5/6/2017,Standard Class,DD-13570,United States,Los Angeles,California,90049,West
CA-2016-110975,12/25/2016,12/30/2016,Standard Class,DB-12970,United States,New York City,New York,10024,East
CA-2014-141649,9/30/2014,9/30/2014,Same Day,DM-12955,United States,Fairfield,Ohio,45014,East
CA-2014-124807,7/12/2014,7/15/2014,Second Class,ME-17725,United States,Chicago,Illinois,60610,Central
CA-2016-110009,9/8/2016,9/13/2016,Standard Class,TR-21325,United States,Seattle,Washington,98103,West
CA-2017-168172,8/6/2017,8/10/2017,Standard Class,SH-20395,United States,New York City,New York,10011,East
CA-2015-100146,5/14/2015,5/19/2015,Standard Class,CB-12535,United States,Camarillo,California,93010,West
CA-2017-152079,1/20/2017,1/21/2017,First Class,ML-17410,United States,Chicago,Illinois,60653,Central
CA-2016-129728,5/30/2016,6/6/2016,Standard Class,JG-15310,United States,Los Angeles,California,90032,West
CA-2014-121769,4/8/2014,4/12/2014,Standard Class,JS-15880,United States,Toledo,Ohio,43615,East
CA-2014-103058,7/23/2014,7/24/2014,First Class,AG-10270,United States,New York City,New York,10011,East
CA-2017-121125,5/30/2017,6/3/2017,Standard Class,MG-17890,United States,Tigard,Oregon,97224,West
US-2016-114013,3/13/2016,3/15/2016,Second Class,SC-20770,United States,Philadelphia,Pennsylvania,19134,East
CA-2017-135069,4/10/2017,4/14/2017,Standard Class,BS-11755,United States,Philadelphia,Pennsylvania,19143,East
CA-2016-101693,6/25/2016,6/27/2016,Second Class,LC-17140,United States,Houston,Texas,77070,Central
US-2014-164763,3/17/2014,3/21/2014,Standard Class,MH-17440,United States,Jackson,Mississippi,39212,South
CA-2014-161249,8/9/2014,8/13/2014,Standard Class,RD-19720,United States,Phoenix,Arizona,85023,West
CA-2015-148180,7/26/2015,7/31/2015,Standard Class,BP-11095,United States,Oxnard,California,93030,West
CA-2014-165568,2/15/2014,2/19/2014,Standard Class,BF-11020,United States,Seattle,Washington,98105,West
CA-2015-145457,3/24/2015,3/27/2015,Second Class,CP-12085,United States,Covington,Washington,98042,West
US-2017-163657,9/2/2017,9/6/2017,Standard Class,JL-15235,United States,Los Angeles,California,90049,West
CA-2015-120446,11/16/2015,11/18/2015,First Class,JG-15805,United States,San Diego,California,92105,West
CA-2014-109932,12/9/2014,12/11/2014,First Class,VP-21760,United States,Brownsville,Texas,78521,Central
CA-2017-127474,2/3/2017,2/7/2017,Second Class,RD-19810,United States,Chicago,Illinois,60610,Central
CA-2017-115448,11/11/2017,11/14/2017,First Class,MH-18025,United States,Knoxville,Tennessee,37918,South
CA-2017-105669,9/17/2017,9/22/2017,Second Class,SJ-20125,United States,Houston,Texas,77036,Central
CA-2017-134796,6/25/2017,7/1/2017,Standard Class,FM-14380,United States,Bolingbrook,Illinois,60440,Central
CA-2016-137743,7/30/2016,8/4/2016,Standard Class,KH-16360,United States,Chicago,Illinois,60623,Central
CA-2015-137974,4/16/2015,4/18/2015,First Class,LL-16840,United States,Waynesboro,Virginia,22980,South
US-2015-136987,4/11/2015,4/14/2015,Second Class,AR-10540,United States,Los Angeles,California,90004,West
CA-2015-138485,2/27/2015,3/1/2015,Second Class,NP-18670,United States,Seattle,Washington,98105,West
CA-2016-103709,9/8/2016,9/15/2016,Standard Class,LP-17095,United States,Visalia,California,93277,West
CA-2016-138282,5/19/2016,5/23/2016,Standard Class,AH-10690,United States,Los Angeles,California,90008,West
CA-2017-148985,11/11/2017,11/15/2017,Second Class,TB-21190,United States,Los Angeles,California,90045,West
CA-2014-138100,9/15/2014,9/20/2014,Standard Class,AA-10315,United States,New York City,New York,10011,East
CA-2015-100734,9/15/2015,9/20/2015,Standard Class,AC-10615,United States,Philadelphia,Pennsylvania,19143,East
CA-2016-139997,7/1/2016,7/3/2016,First Class,EM-14140,United States,Lehi,Utah,84043,West
CA-2016-109652,4/10/2016,4/15/2016,Standard Class,QJ-19255,United States,Chicago,Illinois,60653,Central
CA-2014-167199,1/6/2014,1/10/2014,Standard Class,ME-17320,United States,Henderson,Kentucky,42420,South
CA-2016-124583,9/1/2016,9/3/2016,Second Class,LB-16795,United States,Huntington Beach,California,92646,West
CA-2014-113964,9/23/2014,9/30/2014,Standard Class,JP-16135,United States,New York City,New York,10011,East
CA-2014-129938,12/15/2014,12/17/2014,Second Class,EB-13705,United States,Philadelphia,Pennsylvania,19140,East
CA-2017-135111,12/28/2017,1/2/2018,Standard Class,CS-12400,United States,Fargo,North Dakota,58103,Central
US-2015-134558,12/19/2015,12/24/2015,Second Class,PM-19135,United States,Dover,New Hampshire,3820,East
CA-2017-157196,11/5/2017,11/9/2017,Standard Class,AA-10645,United States,San Diego,California,92105,West
CA-2015-108672,9/10/2015,9/16/2015,Standard Class,FA-14230,United States,Los Angeles,California,90032,West
US-2017-118598,11/16/2017,11/16/2017,Same Day,CM-12190,United States,Utica,New York,13501,East
US-2017-160836,9/11/2017,9/16/2017,Standard Class,CC-12475,United States,Houston,Texas,77070,Central
CA-2017-121048,7/14/2017,7/18/2017,Standard Class,TC-21295,United States,Westminster,California,92683,West
US-2017-120147,3/30/2017,3/30/2017,Same Day,TB-21400,United States,Los Angeles,California,90036,West
CA-2016-158043,1/31/2016,2/4/2016,Second Class,JK-15325,United States,Atlantic City,New Jersey,8401,East
US-2017-106579,6/8/2017,6/13/2017,Standard Class,BW-11200,United States,Skokie,Illinois,60076,Central
CA-2014-115889,11/2/2014,11/6/2014,Standard Class,SH-20395,United States,San Francisco,California,94122,West
US-2017-161935,7/14/2017,7/18/2017,Standard Class,JL-15835,United States,Columbus,Ohio,43229,East
US-2017-167920,12/9/2017,12/12/2017,Second Class,JL-15835,United States,Richmond,Kentucky,40475,South
CA-2016-162383,9/5/2016,9/11/2016,Standard Class,MD-17350,United States,Lancaster,Ohio,43130,East
CA-2014-125731,9/10/2014,9/16/2014,Standard Class,CL-12565,United States,Gresham,Oregon,97030,West
US-2017-106145,9/26/2017,9/26/2017,Same Day,RA-19885,United States,San Francisco,California,94109,West
CA-2016-107146,6/17/2016,6/19/2016,First Class,LC-16885,United States,Longmont,Colorado,80501,West
US-2017-134642,2/25/2017,3/1/2017,Standard Class,SW-20245,United States,Greenville,North Carolina,27834,South
US-2017-160143,3/31/2017,4/7/2017,Standard Class,HG-14965,United States,Los Angeles,California,90004,West
CA-2017-103415,12/3/2017,12/8/2017,Standard Class,MV-17485,United States,Houston,Texas,77041,Central
CA-2016-106460,2/19/2016,2/22/2016,Second Class,GT-14710,United States,San Francisco,California,94109,West
US-2017-112347,12/2/2017,12/6/2017,Standard Class,BS-11380,United States,Denver,Colorado,80219,West
CA-2014-103492,10/10/2014,10/15/2014,Standard Class,CM-12715,United States,Huntsville,Texas,77340,Central
CA-2016-136595,9/5/2016,9/7/2016,First Class,EM-13825,United States,Houston,Texas,77036,Central
CA-2014-140396,11/20/2014,11/25/2014,Standard Class,KH-16330,United States,New York City,New York,10024,East
CA-2014-114181,5/10/2014,5/14/2014,Second Class,AF-10885,United States,Philadelphia,Pennsylvania,19134,East
CA-2017-159506,11/27/2017,12/2/2017,Standard Class,JR-16210,United States,Columbus,Indiana,47201,Central
US-2014-137155,11/1/2014,11/5/2014,Standard Class,DL-12925,United States,Long Beach,New York,11561,East
CA-2016-105746,12/30/2016,1/1/2017,First Class,BD-11605,United States,Lancaster,Pennsylvania,17602,East
US-2016-104815,9/3/2016,9/7/2016,Standard Class,RB-19570,United States,Chicago,Illinois,60610,Central
CA-2017-157672,10/5/2017,10/7/2017,First Class,RB-19795,United States,Denver,Colorado,80219,West
US-2016-166660,1/30/2016,2/1/2016,Second Class,TB-21250,United States,Seattle,Washington,98103,West
CA-2017-140802,4/21/2017,4/23/2017,First Class,KN-16390,United States,Houston,Texas,77070,Central
CA-2014-133830,12/5/2014,12/10/2014,Standard Class,RL-19615,United States,Los Angeles,California,90045,West
CA-2014-100916,10/21/2014,10/26/2014,Standard Class,FH-14275,United States,Newport News,Virginia,23602,South
CA-2015-129532,12/8/2015,12/12/2015,Standard Class,YS-21880,United States,Los Angeles,California,90036,West
CA-2014-134726,11/2/2014,11/7/2014,Second Class,SW-20755,United States,Seattle,Washington,98115,West
CA-2016-138597,12/18/2016,12/21/2016,First Class,PN-18775,United States,Omaha,Nebraska,68104,Central
CA-2015-123113,11/23/2015,11/27/2015,Second Class,AT-10735,United States,Morristown,New Jersey,7960,East
CA-2015-169656,8/13/2015,8/16/2015,First Class,EJ-13720,United States,Philadelphia,Pennsylvania,19143,East
CA-2015-142734,4/16/2015,4/21/2015,Standard Class,DM-13345,United States,New York City,New York,10024,East
CA-2014-163223,3/21/2014,3/25/2014,Standard Class,KH-16690,United States,Springfield,Virginia,22153,South
CA-2017-122945,11/16/2017,11/22/2017,Standard Class,MB-18085,United States,Roseville,California,95661,West
CA-2015-139738,9/25/2015,9/29/2015,Standard Class,DK-12895,United States,Rockford,Illinois,61107,Central
CA-2016-158778,9/5/2016,9/9/2016,Standard Class,DB-13210,United States,Philadelphia,Pennsylvania,19134,East
CA-2017-119655,4/20/2017,4/24/2017,Standard Class,CV-12295,United States,Detroit,Michigan,48234,Central
CA-2015-164567,6/15/2015,6/19/2015,Standard Class,GK-14620,United States,Los Angeles,California,90004,West
CA-2014-131947,9/17/2014,9/22/2014,Standard Class,JA-15970,United States,Springfield,Oregon,97477,West
CA-2016-152520,7/8/2016,7/12/2016,Standard Class,TH-21115,United States,Providence,Rhode Island,2908,East
CA-2016-101791,5/27/2016,5/31/2016,Standard Class,BS-11665,United States,Chicago,Illinois,60623,Central
CA-2017-121195,12/24/2017,12/27/2017,First Class,NS-18505,United States,Dallas,Texas,75220,Central
CA-2017-163209,5/3/2017,5/7/2017,Standard Class,MK-18160,United States,San Francisco,California,94122,West
CA-2014-133354,2/22/2014,2/24/2014,First Class,SA-20830,United States,Moreno Valley,California,92553,West
US-2015-130491,2/8/2015,2/11/2015,First Class,BH-11710,United States,Garden City,Kansas,67846,Central
CA-2015-113740,8/24/2015,8/28/2015,Second Class,SC-20380,United States,New York City,New York,10035,East
CA-2014-148425,11/30/2014,12/4/2014,Standard Class,RF-19345,United States,Orlando,Florida,32839,South
CA-2016-144309,12/10/2016,12/16/2016,Standard Class,CM-12235,United States,Watertown,New York,13601,East
CA-2017-151225,10/27/2017,10/29/2017,First Class,JM-15655,United States,Los Angeles,California,90032,West
US-2014-144078,11/25/2014,11/29/2014,Standard Class,RB-19435,United States,Los Angeles,California,90004,West
CA-2014-124464,7/14/2014,7/20/2014,Standard Class,SS-20515,United States,Newark,Delaware,19711,East
CA-2015-136805,5/23/2015,5/27/2015,Second Class,NM-18445,United States,Detroit,Michigan,48234,Central
US-2015-159499,11/21/2015,11/23/2015,Second Class,EM-14095,United States,Phoenix,Arizona,85023,West
CA-2014-162089,3/30/2014,4/1/2014,First Class,MP-17470,United States,Brownsville,Texas,78521,Central
US-2017-158526,12/29/2017,1/1/2018,Second Class,KH-16360,United States,Louisville,Kentucky,40214,South
CA-2017-104885,3/2/2017,3/8/2017,Standard Class,DB-13555,United States,Newark,Delaware,19711,East
US-2016-157490,10/6/2016,10/7/2016,First Class,LB-16795,United States,Pueblo,Colorado,81001,West
CA-2015-161452,4/5/2015,4/11/2015,Standard Class,CA-11965,United States,Los Angeles,California,90036,West
US-2014-115196,9/9/2014,9/13/2014,Standard Class,DL-12925,United States,Greenville,North Carolina,27834,South
CA-2016-138968,3/15/2016,3/16/2016,First Class,FC-14335,United States,San Francisco,California,94110,West
CA-2015-101889,12/27/2015,12/31/2015,Standard Class,DB-13120,United States,Marion,Ohio,43302,East
CA-2017-110821,8/7/2017,8/8/2017,First Class,CK-12205,United States,Dallas,Texas,75081,Central
CA-2015-121552,3/22/2015,3/27/2015,Standard Class,FW-14395,United States,Huntsville,Alabama,35810,South
CA-2015-107685,11/30/2015,12/2/2015,Second Class,JM-15865,United States,Las Vegas,Nevada,89115,West
US-2014-120740,4/15/2014,4/15/2014,Same Day,PS-18970,United States,Los Angeles,California,90049,West
CA-2017-155740,7/30/2017,8/2/2017,First Class,TC-21475,United States,Lakewood,Ohio,44107,East
CA-2017-146493,6/1/2017,6/5/2017,Standard Class,CV-12805,United States,Fremont,Nebraska,68025,Central
CA-2014-105417,1/7/2014,1/12/2014,Standard Class,VS-21820,United States,Huntsville,Texas,77340,Central
US-2017-141509,9/29/2017,10/1/2017,First Class,SC-20575,United States,Los Angeles,California,90036,West
CA-2017-139493,9/13/2017,9/19/2017,Standard Class,SG-20605,United States,Asheville,North Carolina,28806,South
CA-2014-151967,10/22/2014,10/26/2014,Standard Class,NB-18580,United States,Bossier City,Louisiana,71111,South
US-2016-140158,10/4/2016,10/8/2016,Standard Class,DR-12940,United States,Providence,Rhode Island,2908,East
CA-2015-130974,11/27/2015,11/29/2015,Second Class,MA-17560,United States,Everett,Massachusetts,2149,East
CA-2017-133487,5/6/2017,5/9/2017,Second Class,TS-21655,United States,Rancho Cucamonga,California,91730,West
CA-2014-142951,10/8/2014,10/8/2014,Same Day,JG-15115,United States,Charlotte,North Carolina,28205,South
CA-2014-133592,12/31/2014,1/7/2015,Standard Class,KM-16375,United States,Providence,Rhode Island,2908,East
CA-2015-120782,4/28/2015,5/1/2015,First Class,SD-20485,United States,Midland,Michigan,48640,Central
CA-2015-116876,2/14/2015,2/21/2015,Standard Class,TT-21070,United States,Rochester,New York,14609,East
CA-2016-169838,11/25/2016,11/29/2016,Standard Class,BB-11545,United States,Jackson,Michigan,49201,Central
US-2017-128951,7/15/2017,7/17/2017,First Class,RS-19420,United States,Suffolk,Virginia,23434,South
CA-2014-102330,12/29/2014,1/3/2015,Standard Class,AI-10855,United States,Brentwood,California,94513,West
CA-2016-118899,3/22/2016,3/22/2016,Same Day,MC-17275,United States,Seattle,Washington,98103,West
CA-2017-107958,7/2/2017,7/5/2017,First Class,AH-10120,United States,Houston,Texas,77036,Central
CA-2017-151799,12/14/2017,12/18/2017,Standard Class,BF-11170,United States,Lawrence,Massachusetts,1841,East
CA-2016-114601,8/26/2016,9/2/2016,Standard Class,AA-10480,United States,Detroit,Michigan,48234,Central
CA-2017-100237,10/15/2017,10/19/2017,Standard Class,SV-20815,United States,Orem,Utah,84057,West
CA-2014-139542,10/25/2014,10/29/2014,Standard Class,EH-14185,United States,Philadelphia,Pennsylvania,19120,East
US-2015-142811,4/2/2015,4/7/2015,Standard Class,JL-15850,United States,Mesa,Arizona,85204,West
CA-2017-139353,10/28/2017,10/30/2017,Second Class,JM-15250,United States,Fayetteville,North Carolina,28314,South
CA-2014-150203,12/5/2014,12/7/2014,First Class,JB-15925,United States,Los Angeles,California,90032,West
US-2017-101518,11/3/2017,11/8/2017,Standard Class,PB-19105,United States,Philadelphia,Pennsylvania,19140,East
CA-2015-149636,1/6/2015,1/12/2015,Standard Class,SP-20620,United States,Colorado Springs,Colorado,80906,West
US-2017-146213,9/9/2017,9/14/2017,Standard Class,MC-17605,United States,Los Angeles,California,90032,West
CA-2015-108588,1/5/2015,1/10/2015,Standard Class,BG-11695,United States,New York City,New York,10009,East
US-2017-138086,4/16/2017,4/20/2017,Standard Class,JO-15550,United States,San Francisco,California,94109,West
CA-2015-139374,9/10/2015,9/14/2015,Standard Class,AR-10345,United States,Austin,Texas,78745,Central
CA-2016-113978,9/25/2016,9/29/2016,Standard Class,TS-21505,United States,Cleveland,Ohio,44105,East
US-2015-150231,3/16/2015,3/20/2015,Second Class,JK-15640,United States,New York City,New York,10009,East
CA-2016-106915,11/26/2016,12/2/2016,Standard Class,GA-14515,United States,El Paso,Texas,79907,Central
US-2016-109260,9/26/2016,10/1/2016,Standard Class,TN-21040,United States,Tallahassee,Florida,32303,South
CA-2017-104850,6/13/2017,6/19/2017,Standard Class,TW-21025,United States,Seattle,Washington,98103,West
CA-2017-140508,9/18/2017,9/21/2017,First Class,PA-19060,United States,Dallas,Texas,75220,Central
CA-2017-143294,6/2/2017,6/8/2017,Standard Class,JD-15790,United States,Houston,Texas,77070,Central
CA-2016-165673,5/15/2016,5/19/2016,Second Class,MN-17935,United States,Springfield,Ohio,45503,East
CA-2017-134418,9/15/2017,9/20/2017,Standard Class,GM-14500,United States,Seattle,Washington,98103,West
US-2016-106313,8/22/2016,8/26/2016,Standard Class,DG-13300,United States,Seattle,Washington,98105,West
CA-2014-105872,5/30/2014,6/6/2014,Standard Class,JG-15160,United States,New York City,New York,10024,East
CA-2017-108287,12/18/2017,12/20/2017,First Class,AG-10330,United States,Charlotte,North Carolina,28205,South
CA-2017-141103,7/30/2017,8/6/2017,Standard Class,JF-15355,United States,Baltimore,Maryland,21215,East
CA-2014-154781,11/21/2014,11/26/2014,Standard Class,SC-20680,United States,San Francisco,California,94110,West
CA-2015-147816,9/24/2015,9/26/2015,Second Class,CM-11935,United States,Tucson,Arizona,85705,West
CA-2017-105326,8/20/2017,8/27/2017,Standard Class,KT-16480,United States,Los Angeles,California,90036,West
CA-2016-133613,6/17/2016,6/22/2016,Standard Class,CP-12340,United States,Waterbury,Connecticut,6708,East
CA-2015-109113,12/19/2015,12/23/2015,Standard Class,EK-13795,United States,Chicago,Illinois,60610,Central
CA-2015-156153,5/31/2015,6/2/2015,Second Class,CW-11905,United States,Long Beach,New York,11561,East
CA-2015-133242,6/18/2015,6/24/2015,Standard Class,KH-16510,United States,Arlington,Virginia,22204,South
CA-2015-158323,11/30/2015,12/3/2015,First Class,AB-10600,United States,Jacksonville,North Carolina,28540,South
CA-2015-161795,12/21/2015,12/23/2015,Second Class,AH-10075,United States,Columbus,Ohio,43229,East
CA-2017-100902,11/17/2017,11/21/2017,Standard Class,CK-12595,United States,Charlotte,North Carolina,28205,South
CA-2017-112844,11/13/2017,11/16/2017,Second Class,SP-20620,United States,Buffalo,New York,14215,East
CA-2016-158925,10/24/2016,10/28/2016,Standard Class,JP-15460,United States,Houston,Texas,77041,Central
CA-2014-155390,12/6/2014,12/11/2014,Standard Class,BG-11035,United States,Memphis,Tennessee,38109,South
CA-2017-123071,12/3/2017,12/6/2017,First Class,CC-12550,United States,Plano,Texas,75023,Central
CA-2017-156391,9/26/2017,9/28/2017,First Class,SL-20155,United States,Salem,Oregon,97301,West
CA-2015-103093,2/3/2015,2/7/2015,Standard Class,FO-14305,United States,Columbus,Georgia,31907,South
US-2017-118941,8/12/2017,8/12/2017,Same Day,BB-11545,United States,Columbia,Maryland,21044,East
CA-2015-169299,8/24/2015,8/26/2015,First Class,DO-13435,United States,Portland,Oregon,97206,West
CA-2017-154088,11/12/2017,11/17/2017,Standard Class,LB-16735,United States,Tallahassee,Florida,32303,South
CA-2016-155978,8/1/2016,8/1/2016,Same Day,TS-21205,United States,Riverside,California,92503,West
CA-2016-108196,11/25/2016,12/2/2016,Standard Class,CS-12505,United States,Lancaster,Ohio,43130,East
CA-2016-152800,4/13/2016,4/15/2016,First Class,SP-20920,United States,San Francisco,California,94109,West
CA-2014-166961,12/27/2014,12/31/2014,Standard Class,CD-12790,United States,Moreno Valley,California,92553,West
CA-2016-139381,4/18/2016,4/22/2016,Standard Class,RF-19840,United States,Chesapeake,Virginia,23320,South
CA-2015-132136,3/8/2015,3/12/2015,Standard Class,FO-14305,United States,Chicago,Illinois,60623,Central
CA-2016-162236,11/4/2016,11/6/2016,Second Class,ER-13855,United States,Charlotte,North Carolina,28205,South
US-2014-111353,11/29/2014,12/6/2014,Standard Class,PB-19150,United States,New York City,New York,10009,East
US-2016-117037,5/17/2016,5/20/2016,First Class,LW-17215,United States,Chicago,Illinois,60653,Central
CA-2017-160801,9/19/2017,9/19/2017,Same Day,FG-14260,United States,Philadelphia,Pennsylvania,19120,East
CA-2016-108364,12/19/2016,12/24/2016,Standard Class,BP-11050,United States,Chicago,Illinois,60623,Central
CA-2017-169362,10/12/2017,10/15/2017,First Class,SP-20860,United States,Dallas,Texas,75217,Central
CA-2015-127481,12/12/2015,12/15/2015,Second Class,JD-15895,United States,Las Vegas,Nevada,89115,West
CA-2015-112711,7/12/2015,7/18/2015,Standard Class,FM-14380,United States,Amarillo,Texas,79109,Central
US-2015-145121,10/2/2015,10/6/2015,Standard Class,MP-17965,United States,Middletown,Connecticut,6457,East
CA-2017-166184,3/24/2017,3/27/2017,First Class,HR-14830,United States,New York City,New York,10035,East
CA-2017-157413,6/1/2017,6/6/2017,Standard Class,BW-11065,United States,Philadelphia,Pennsylvania,19120,East
CA-2014-143637,3/24/2014,3/29/2014,Second Class,MS-17710,United States,Fresno,California,93727,West
CA-2015-102260,9/22/2015,9/26/2015,Standard Class,SJ-20125,United States,Franklin,Tennessee,37064,South
US-2016-137295,1/8/2016,1/13/2016,Standard Class,VS-21820,United States,Raleigh,North Carolina,27604,South
CA-2016-134334,2/14/2016,2/15/2016,First Class,DK-13090,United States,Clinton,Maryland,20735,East
US-2017-109316,6/8/2017,6/10/2017,First Class,MG-17680,United States,Los Angeles,California,90049,West
CA-2016-138478,10/21/2016,10/26/2016,Second Class,DP-13390,United States,North Las Vegas,Nevada,89031,West
CA-2017-150469,1/26/2017,1/30/2017,Standard Class,CJ-12010,United States,San Francisco,California,94109,West
CA-2017-152436,12/8/2017,12/10/2017,Second Class,CW-11905,United States,Cranston,Rhode Island,2920,East
CA-2016-169334,10/21/2016,10/24/2016,Second Class,GW-14605,United States,Jackson,Tennessee,38301,South
US-2014-115413,8/26/2014,9/1/2014,Standard Class,PP-18955,United States,Newark,Delaware,19711,East
CA-2014-125150,5/16/2014,5/23/2014,Standard Class,PW-19030,United States,Los Angeles,California,90036,West
CA-2015-127327,2/3/2015,2/7/2015,Standard Class,PW-19030,United States,Rome,New York,13440,East
CA-2017-117114,10/31/2017,11/5/2017,Standard Class,CY-12745,United States,Chicago,Illinois,60610,Central
CA-2015-137302,4/26/2015,5/1/2015,Standard Class,BW-11110,United States,San Diego,California,92105,West
CA-2016-112382,5/9/2016,5/13/2016,Standard Class,MB-18085,United States,Houston,Texas,77036,Central
CA-2015-128958,1/24/2015,1/28/2015,Standard Class,CR-12820,United States,West Palm Beach,Florida,33407,South
CA-2015-106257,4/13/2015,4/17/2015,Second Class,EB-14110,United States,Los Angeles,California,90045,West
CA-2015-149083,9/25/2015,9/30/2015,Standard Class,SH-19975,United States,Seattle,Washington,98103,West
US-2014-137869,3/28/2014,4/2/2014,Standard Class,CV-12295,United States,Des Moines,Iowa,50315,Central
CA-2016-116603,7/17/2016,7/22/2016,Standard Class,AT-10735,United States,New York City,New York,10024,East
CA-2014-158470,4/19/2014,4/23/2014,Second Class,AG-10390,United States,Arlington,Virginia,22204,South
US-2017-123834,7/21/2017,7/25/2017,Standard Class,GM-14500,United States,Pharr,Texas,78577,Central
CA-2015-125976,9/27/2015,10/2/2015,Standard Class,JK-15205,United States,Arlington,Virginia,22204,South
CA-2016-128706,2/27/2016,3/2/2016,Standard Class,DW-13540,United States,Houston,Texas,77070,Central
CA-2016-104311,5/2/2016,5/6/2016,Standard Class,AS-10090,United States,Irving,Texas,75061,Central
CA-2014-169649,12/9/2014,12/15/2014,Standard Class,TS-21205,United States,Chicago,Illinois,60653,Central
CA-2015-144890,12/25/2015,12/29/2015,Standard Class,SM-20320,United States,Los Angeles,California,90049,West
CA-2017-135587,12/7/2017,12/12/2017,Standard Class,BH-11710,United States,Hattiesburg,Mississippi,39401,South
CA-2014-103429,5/30/2014,6/1/2014,First Class,LW-16825,United States,New York City,New York,10024,East
CA-2017-152261,3/2/2017,3/6/2017,Standard Class,JA-15970,United States,Cuyahoga Falls,Ohio,44221,East
CA-2015-142993,10/12/2015,10/17/2015,Standard Class,KA-16525,United States,Seattle,Washington,98103,West
CA-2015-143364,7/14/2015,7/19/2015,Second Class,TG-21310,United States,Mesa,Arizona,85204,West
CA-2014-100972,11/19/2014,11/24/2014,Second Class,DB-13360,United States,Salt Lake City,Utah,84106,West
CA-2016-136994,5/27/2016,6/2/2016,Standard Class,LS-17245,United States,Los Angeles,California,90045,West
US-2017-166233,7/3/2017,7/9/2017,Standard Class,MO-17950,United States,Jacksonville,North Carolina,28540,South
CA-2017-122112,9/25/2017,9/29/2017,Standard Class,CA-11965,United States,Lakewood,Ohio,44107,East
CA-2016-101672,10/3/2016,10/7/2016,Standard Class,DB-12910,United States,Lake Forest,California,92630,West
CA-2017-168403,9/9/2017,9/15/2017,Standard Class,DK-12835,United States,Portland,Oregon,97206,West
CA-2015-148705,3/12/2015,3/18/2015,Standard Class,EB-14170,United States,Charlotte,North Carolina,28205,South
CA-2016-160241,11/29/2016,12/4/2016,Second Class,DR-12940,United States,Aurora,Illinois,60505,Central
CA-2016-155747,6/14/2016,6/21/2016,Standard Class,JS-15685,United States,Philadelphia,Pennsylvania,19140,East
CA-2017-118017,12/3/2017,12/6/2017,Second Class,LC-16870,United States,Thornton,Colorado,80229,West
CA-2016-113117,8/16/2016,8/22/2016,Standard Class,JP-15520,United States,Davis,California,95616,West
CA-2016-148684,12/25/2016,12/29/2016,Standard Class,TS-21655,United States,Fayetteville,Arkansas,72701,South
CA-2017-125367,7/23/2017,7/30/2017,Standard Class,NM-18445,United States,New York City,New York,10011,East
CA-2017-124744,6/21/2017,6/25/2017,Standard Class,EH-14125,United States,Wheeling,West Virginia,26003,East
CA-2017-128363,8/13/2017,8/18/2017,Standard Class,DC-12850,United States,Memphis,Tennessee,38109,South
CA-2015-126669,11/7/2015,11/13/2015,Standard Class,DO-13645,United States,Houston,Texas,77036,Central
US-2015-118766,10/15/2015,10/22/2015,Standard Class,LS-16975,United States,Dallas,Texas,75217,Central
CA-2016-112585,7/30/2016,8/2/2016,First Class,RW-19630,United States,San Francisco,California,94122,West
CA-2016-149762,12/3/2016,12/7/2016,Standard Class,RD-19720,United States,Morgan Hill,California,95037,West
CA-2016-167605,4/28/2016,4/30/2016,Second Class,RB-19570,United States,Saint Charles,Illinois,60174,Central
US-2017-105697,8/25/2017,8/27/2017,First Class,JE-15715,United States,Cleveland,Ohio,44105,East
CA-2017-165323,6/17/2017,6/21/2017,Standard Class,SR-20740,United States,New York City,New York,10024,East
CA-2015-110891,11/20/2015,11/24/2015,Standard Class,PO-19195,United States,Philadelphia,Pennsylvania,19140,East
CA-2017-100783,9/4/2017,9/8/2017,Second Class,JK-16120,United States,Garland,Texas,75043,Central
CA-2015-152513,7/4/2015,7/8/2015,Second Class,JP-16135,United States,San Diego,California,92024,West
CA-2017-139822,9/15/2017,9/21/2017,Standard Class,Dp-13240,United States,Waterbury,Connecticut,6708,East
CA-2017-107713,3/13/2017,3/17/2017,Standard Class,JB-16000,United States,Columbia,Maryland,21044,East
CA-2017-134096,9/24/2017,9/29/2017,Standard Class,PP-18955,United States,Hollywood,Florida,33021,South
CA-2016-125843,8/13/2016,8/16/2016,First Class,RF-19840,United States,Springfield,Virginia,22153,South
CA-2017-120404,11/20/2017,11/24/2017,Second Class,KH-16330,United States,New York City,New York,10035,East
CA-2017-167549,7/25/2017,7/27/2017,First Class,EM-14200,United States,Dallas,Texas,75217,Central
CA-2016-120082,3/25/2016,3/27/2016,Second Class,DK-12835,United States,New York City,New York,10024,East
US-2016-168095,7/15/2016,7/20/2016,Standard Class,MC-17425,United States,Portland,Oregon,97206,West
CA-2017-166093,8/17/2017,8/24/2017,Standard Class,RW-19540,United States,Brentwood,California,94513,West
CA-2016-146325,12/14/2016,12/17/2016,First Class,DS-13180,United States,San Diego,California,92037,West
CA-2017-134194,12/25/2017,1/1/2018,Standard Class,GA-14725,United States,Dallas,Texas,75081,Central
CA-2014-131009,3/1/2014,3/5/2014,Standard Class,SC-20380,United States,El Paso,Texas,79907,Central
CA-2015-145814,11/19/2015,11/24/2015,Standard Class,KD-16345,United States,New York City,New York,10035,East
CA-2014-138359,4/1/2014,4/6/2014,Standard Class,KH-16330,United States,Revere,Massachusetts,2151,East
CA-2017-131807,10/5/2017,10/10/2017,Standard Class,GG-14650,United States,Chico,California,95928,West
CA-2017-104864,11/18/2017,11/23/2017,Second Class,JS-15685,United States,Miramar,Florida,33023,South
CA-2015-138219,3/23/2015,3/30/2015,Standard Class,BP-11095,United States,Los Angeles,California,90049,West
CA-2016-157707,10/10/2016,10/12/2016,First Class,CC-12610,United States,Denver,Colorado,80219,West
US-2015-126753,8/16/2015,8/20/2015,Standard Class,SP-20860,United States,Philadelphia,Pennsylvania,19134,East
CA-2014-166051,5/31/2014,6/5/2014,Standard Class,JK-15625,United States,Jackson,Mississippi,39212,South
CA-2015-113040,8/27/2015,8/31/2015,Standard Class,CC-12100,United States,Los Angeles,California,90045,West
CA-2014-103800,1/3/2014,1/7/2014,Standard Class,DP-13000,United States,Houston,Texas,77095,Central
CA-2014-113383,9/10/2014,9/13/2014,First Class,SF-20065,United States,Clifton,New Jersey,7011,East
CA-2017-152499,1/22/2017,1/25/2017,Second Class,EH-13765,United States,Chicago,Illinois,60623,Central
CA-2016-151498,4/21/2016,4/24/2016,First Class,DN-13690,United States,Seattle,Washington,98115,West
CA-2016-137939,7/20/2016,7/23/2016,Second Class,PJ-19015,United States,Long Beach,New York,11561,East
US-2016-117793,8/23/2016,8/29/2016,Standard Class,MA-17560,United States,Sheboygan,Wisconsin,53081,Central
CA-2016-133872,6/14/2016,6/17/2016,First Class,VM-21835,United States,Boca Raton,Florida,33433,South
US-2015-165743,11/20/2015,11/23/2015,Second Class,MM-18055,United States,Aurora,Colorado,80013,West
US-2017-105998,11/3/2017,11/5/2017,First Class,CR-12580,United States,San Diego,California,92037,West
US-2014-148194,5/4/2014,5/7/2014,First Class,BS-11365,United States,Seattle,Washington,98105,West
US-2015-151407,11/8/2015,11/12/2015,Standard Class,RD-19585,United States,Dubuque,Iowa,52001,Central
CA-2015-110870,12/12/2015,12/15/2015,First Class,KD-16270,United States,Los Angeles,California,90032,West
CA-2014-143210,12/1/2014,12/3/2014,First Class,AA-10645,United States,Lowell,Massachusetts,1852,East
CA-2016-139808,10/7/2016,10/11/2016,Standard Class,MC-18100,United States,Marysville,Washington,98270,West
CA-2015-110863,11/17/2015,11/24/2015,Standard Class,AA-10645,United States,Oklahoma City,Oklahoma,73120,Central
CA-2014-127859,3/17/2014,3/20/2014,Second Class,QJ-19255,United States,Philadelphia,Pennsylvania,19134,East
US-2015-136427,6/20/2015,6/23/2015,First Class,JM-16195,United States,Aurora,Colorado,80013,West
CA-2017-120168,5/25/2017,5/25/2017,Same Day,TB-21625,United States,New York City,New York,10009,East
US-2014-131870,9/9/2014,9/11/2014,First Class,NF-18595,United States,Lancaster,Ohio,43130,East
CA-2017-114804,10/17/2017,10/19/2017,Second Class,BF-11020,United States,Modesto,California,95351,West
CA-2017-167227,11/2/2017,11/5/2017,First Class,NP-18670,United States,Saint Louis,Missouri,63116,Central
CA-2014-129189,7/21/2014,7/25/2014,Standard Class,HM-14860,United States,Dallas,Texas,75217,Central
CA-2015-132465,9/11/2015,9/15/2015,Second Class,DM-13525,United States,New York City,New York,10035,East
CA-2016-166373,10/21/2016,10/25/2016,Standard Class,JF-15565,United States,San Antonio,Texas,78207,Central
CA-2016-158806,1/7/2016,1/11/2016,Standard Class,NM-18520,United States,Amarillo,Texas,79109,Central
CA-2015-119690,6/25/2015,6/28/2015,First Class,MV-17485,United States,Houston,Texas,77041,Central
CA-2015-153738,9/20/2015,9/22/2015,First Class,AG-10270,United States,Lawrence,Massachusetts,1841,East
CA-2017-169012,7/10/2017,7/14/2017,Standard Class,BF-11275,United States,Columbus,Georgia,31907,South
CA-2017-109393,6/30/2017,7/2/2017,Second Class,JC-15775,United States,Los Angeles,California,90032,West
CA-2017-121489,8/21/2017,8/25/2017,Second Class,CM-11815,United States,Seattle,Washington,98115,West
US-2017-133081,3/11/2017,3/15/2017,Standard Class,PV-18985,United States,Cambridge,Massachusetts,2138,East
CA-2017-165008,9/15/2017,9/17/2017,Second Class,DO-13645,United States,Salt Lake City,Utah,84106,West
CA-2016-145611,9/20/2016,9/24/2016,Standard Class,HA-14905,United States,New York City,New York,10035,East
CA-2016-113600,12/15/2016,12/17/2016,Second Class,SH-20395,United States,Cuyahoga Falls,Ohio,44221,East
CA-2017-130834,11/3/2017,11/6/2017,Second Class,JM-16195,United States,Wilmington,North Carolina,28403,South
CA-2016-168543,7/3/2016,7/7/2016,Standard Class,DK-13225,United States,New York City,New York,10035,East
CA-2014-144974,9/26/2014,9/30/2014,Standard Class,CM-12715,United States,Philadelphia,Pennsylvania,19140,East
CA-2014-109904,7/14/2014,7/17/2014,Second Class,BF-10975,United States,New York City,New York,10009,East
CA-2017-152205,9/28/2017,10/5/2017,Standard Class,SF-20965,United States,Philadelphia,Pennsylvania,19134,East
CA-2015-121188,8/28/2015,9/4/2015,Standard Class,CB-12025,United States,Los Angeles,California,90049,West
CA-2015-156013,9/20/2015,9/26/2015,Standard Class,TC-20980,United States,Long Beach,New York,11561,East
CA-2016-132997,11/7/2016,11/9/2016,First Class,LW-17215,United States,Rochester,New York,14609,East
US-2015-160563,10/20/2015,10/24/2015,Standard Class,NS-18640,United States,San Francisco,California,94109,West
CA-2017-151750,1/1/2017,1/5/2017,Standard Class,JM-15250,United States,Huntsville,Texas,77340,Central
CA-2015-106187,6/23/2015,6/29/2015,Standard Class,RF-19345,United States,East Point,Georgia,30344,South
US-2016-164945,11/22/2016,11/27/2016,Standard Class,CA-12055,United States,New York City,New York,10009,East
CA-2015-150714,10/26/2015,11/1/2015,Standard Class,KH-16690,United States,Springfield,Oregon,97477,West
CA-2016-105753,10/20/2016,10/26/2016,Standard Class,LC-16960,United States,Arlington,Virginia,22204,South
CA-2017-120894,4/28/2017,5/2/2017,Standard Class,JL-15130,United States,Wilmington,North Carolina,28403,South
CA-2016-106621,9/29/2016,10/1/2016,Second Class,DM-12955,United States,Yuma,Arizona,85364,West
CA-2015-107020,7/10/2015,7/14/2015,Standard Class,MV-18190,United States,San Bernardino,California,92404,West
US-2015-117492,8/7/2015,8/9/2015,First Class,NS-18640,United States,Baltimore,Maryland,21215,East
CA-2014-101392,12/7/2014,12/13/2014,Standard Class,AS-10630,United States,Seattle,Washington,98103,West
CA-2015-127502,12/10/2015,12/14/2015,Standard Class,MT-17815,United States,San Francisco,California,94110,West
CA-2017-143658,11/8/2017,11/13/2017,Second Class,SR-20425,United States,New York City,New York,10035,East
CA-2017-133046,7/27/2017,8/1/2017,Second Class,DK-13375,United States,Seattle,Washington,98115,West
CA-2017-122798,12/28/2017,1/1/2018,Standard Class,SV-20935,United States,Albuquerque,New Mexico,87105,West
CA-2016-169663,3/10/2016,3/13/2016,First Class,RH-19510,United States,Los Angeles,California,90045,West
CA-2015-149846,5/22/2015,5/26/2015,Standard Class,SB-20185,United States,Los Angeles,California,90045,West
CA-2017-159149,2/17/2017,2/19/2017,First Class,CR-12820,United States,Houston,Texas,77041,Central
US-2017-167570,12/8/2017,12/15/2017,Standard Class,EG-13900,United States,Philadelphia,Pennsylvania,19140,East
CA-2017-160122,11/18/2017,11/23/2017,Standard Class,RD-19930,United States,Chicago,Illinois,60623,Central
CA-2016-130393,12/1/2016,12/3/2016,Second Class,JM-15865,United States,San Angelo,Texas,76903,Central
CA-2017-144820,10/3/2017,10/7/2017,Second Class,LW-16825,United States,Pasadena,Texas,77506,Central
CA-2017-101014,8/29/2017,9/4/2017,Standard Class,RW-19540,United States,Los Angeles,California,90049,West
CA-2017-105543,11/24/2017,11/24/2017,Same Day,BG-11695,United States,Garden City,Kansas,67846,Central
US-2017-113201,6/30/2017,7/5/2017,Standard Class,TT-21220,United States,Los Angeles,California,90045,West
US-2017-106551,7/22/2017,7/27/2017,Standard Class,EB-13930,United States,Chicago,Illinois,60653,Central
CA-2016-116722,11/11/2016,11/16/2016,Standard Class,LP-17080,United States,San Francisco,California,94110,West
CA-2014-138128,12/9/2014,12/15/2014,Standard Class,FP-14320,United States,Philadelphia,Pennsylvania,19134,East
US-2017-150070,9/7/2017,9/12/2017,Standard Class,JA-15970,United States,Modesto,California,95351,West
CA-2015-137064,2/6/2015,2/13/2015,Standard Class,TS-21655,United States,Houston,Texas,77070,Central
CA-2017-157350,8/26/2017,9/1/2017,Standard Class,DP-13000,United States,Chicago,Illinois,60610,Central
CA-2014-127866,7/20/2014,7/23/2014,First Class,JD-15895,United States,Riverside,California,92503,West
CA-2015-131352,10/8/2015,10/13/2015,Standard Class,GH-14485,United States,Dallas,Texas,75081,Central
CA-2015-121776,2/16/2015,2/21/2015,Standard Class,RD-19585,United States,Los Angeles,California,90008,West
CA-2016-118073,8/12/2016,8/16/2016,Standard Class,CS-12490,United States,Lakeland,Florida,33801,South
CA-2014-103219,11/9/2014,11/13/2014,Standard Class,BF-11215,United States,New York City,New York,10035,East
CA-2016-102561,7/18/2016,7/22/2016,Standard Class,NK-18490,United States,Philadelphia,Pennsylvania,19140,East
CA-2016-100993,2/5/2016,2/10/2016,Standard Class,AZ-10750,United States,San Diego,California,92037,West
US-2014-112949,6/20/2014,6/27/2014,Standard Class,Co-12640,United States,Lawton,Oklahoma,73505,Central
US-2017-146822,6/9/2017,6/14/2017,Standard Class,AG-10675,United States,Salem,Virginia,24153,South
US-2016-131058,12/27/2016,12/31/2016,Standard Class,EM-14140,United States,Santa Ana,California,92704,West
CA-2014-167997,1/26/2014,1/29/2014,First Class,CA-11965,United States,Rapid City,South Dakota,57701,Central
CA-2017-140151,3/23/2017,3/25/2017,First Class,RB-19360,United States,Seattle,Washington,98115,West
US-2017-143770,3/20/2017,3/24/2017,Standard Class,RD-19720,United States,Middletown,Connecticut,6457,East
CA-2016-131296,10/4/2016,10/9/2016,Standard Class,MS-17830,United States,Baltimore,Maryland,21215,East
CA-2016-103464,11/18/2016,11/22/2016,Standard Class,PG-18820,United States,San Diego,California,92105,West
CA-2017-136238,12/26/2017,1/1/2018,Standard Class,KB-16240,United States,Odessa,Texas,79762,Central
CA-2016-120803,3/9/2016,3/13/2016,Standard Class,RB-19465,United States,Milford,Connecticut,6460,East
CA-2016-134138,2/16/2016,2/20/2016,Standard Class,JD-15790,United States,Belleville,New Jersey,7109,East
CA-2015-120915,9/28/2015,10/3/2015,Second Class,JJ-15445,United States,New York City,New York,10035,East
CA-2015-168207,11/2/2015,11/6/2015,Standard Class,LT-17110,United States,San Diego,California,92105,West
CA-2016-144148,7/31/2016,8/5/2016,Standard Class,AH-10690,United States,San Francisco,California,94122,West
CA-2017-107174,11/6/2017,11/13/2017,Standard Class,AB-10060,United States,Seattle,Washington,98105,West
CA-2016-146150,2/14/2016,2/19/2016,Standard Class,FM-14380,United States,Jackson,Mississippi,39212,South
CA-2014-114125,7/9/2014,7/13/2014,Standard Class,GH-14410,United States,Los Angeles,California,90049,West
CA-2016-114944,1/30/2016,2/4/2016,Standard Class,HE-14800,United States,Chicago,Illinois,60623,Central
CA-2016-135965,9/22/2016,9/25/2016,First Class,SZ-20035,United States,New York City,New York,10035,East
CA-2017-149699,12/22/2017,12/24/2017,First Class,CM-12115,United States,Los Angeles,California,90008,West
CA-2016-166429,9/2/2016,9/8/2016,Standard Class,TG-21310,United States,Des Moines,Washington,98198,West
CA-2015-112767,8/2/2015,8/6/2015,Standard Class,DK-12985,United States,Springfield,Oregon,97477,West
CA-2015-119879,11/21/2015,11/25/2015,Standard Class,SS-20410,United States,Philadelphia,Pennsylvania,19120,East
CA-2017-155642,5/18/2017,5/22/2017,Standard Class,BM-11575,United States,Chicago,Illinois,60653,Central
US-2017-101721,7/23/2017,7/27/2017,Standard Class,MY-17380,United States,Chicago,Illinois,60623,Central
CA-2015-136728,9/13/2015,9/17/2015,Second Class,AG-10900,United States,Chicago,Illinois,60623,Central
CA-2016-127194,12/10/2016,12/16/2016,Standard Class,BW-11110,United States,New York City,New York,10024,East
CA-2015-140375,10/2/2015,10/5/2015,Second Class,SG-20470,United States,Rockville,Maryland,20852,East
US-2017-155866,11/17/2017,11/21/2017,Standard Class,CC-12370,United States,New York City,New York,10011,East
CA-2015-141327,11/30/2015,12/3/2015,First Class,LR-16915,United States,Durham,North Carolina,27707,South
CA-2015-136700,12/6/2015,12/11/2015,Second Class,DB-13120,United States,Santa Barbara,California,93101,West
CA-2017-102736,9/5/2017,9/9/2017,Standard Class,LP-17095,United States,Knoxville,Tennessee,37918,South
CA-2017-125269,4/24/2017,4/30/2017,Standard Class,AF-10870,United States,Chicago,Illinois,60610,Central
CA-2015-114811,11/8/2015,11/8/2015,Same Day,KD-16495,United States,New York City,New York,10024,East
CA-2015-122266,4/26/2015,4/30/2015,Standard Class,SA-20830,United States,Daytona Beach,Florida,32114,South
CA-2015-141565,9/20/2015,9/24/2015,Standard Class,BG-11035,United States,Nashville,Tennessee,37211,South
CA-2017-128769,9/7/2017,9/12/2017,Standard Class,DM-12955,United States,Nashville,Tennessee,37211,South
CA-2016-116337,11/7/2016,11/12/2016,Standard Class,MC-17845,United States,Dallas,Texas,75220,Central
CA-2015-120845,9/25/2015,10/2/2015,Standard Class,ML-17395,United States,Murfreesboro,Tennessee,37130,South
CA-2014-120775,10/3/2014,10/7/2014,Standard Class,RD-19930,United States,Dallas,Texas,75217,Central
CA-2014-152905,2/18/2014,2/24/2014,Standard Class,AB-10015,United States,Arlington,Texas,76017,Central
CA-2016-104633,6/12/2016,6/16/2016,Standard Class,EA-14035,United States,Pasadena,California,91104,West
CA-2017-104136,11/1/2017,11/4/2017,Second Class,SF-20065,United States,Everett,Massachusetts,2149,East
CA-2016-123050,4/4/2016,4/8/2016,Second Class,BC-11125,United States,Troy,New York,12180,East
CA-2016-162355,6/30/2016,7/2/2016,Second Class,PF-19165,United States,Sandy Springs,Georgia,30328,South
CA-2014-158225,9/22/2014,9/28/2014,Standard Class,SE-20110,United States,San Jose,California,95123,West
CA-2017-102204,5/1/2017,5/6/2017,Standard Class,CJ-12010,United States,Jacksonville,Florida,32216,South
CA-2017-103065,10/20/2017,10/20/2017,Same Day,PT-19090,United States,Jacksonville,Florida,32216,South
CA-2014-109855,9/1/2014,9/5/2014,Standard Class,LH-16900,United States,New York City,New York,10009,East
CA-2014-109897,8/12/2014,8/16/2014,Standard Class,BW-11200,United States,San Francisco,California,94122,West
US-2014-143581,8/19/2014,8/23/2014,Standard Class,BS-11365,United States,Columbus,Georgia,31907,South
CA-2015-129217,5/10/2015,5/10/2015,Same Day,DP-13390,United States,Aurora,Illinois,60505,Central
CA-2016-133816,5/10/2016,5/13/2016,Second Class,CS-12400,United States,Philadelphia,Pennsylvania,19134,East
CA-2015-140221,3/5/2015,3/9/2015,Second Class,MS-17365,United States,Chicago,Illinois,60653,Central
CA-2017-152310,8/12/2017,8/19/2017,Standard Class,DK-12895,United States,Seattle,Washington,98103,West
CA-2016-118101,6/26/2016,6/26/2016,Same Day,SN-20560,United States,Roseville,Michigan,48066,Central
CA-2016-100307,12/15/2016,12/19/2016,Standard Class,TC-21475,United States,Fayetteville,Arkansas,72701,South
CA-2015-138457,9/13/2015,9/17/2015,Standard Class,AM-10705,United States,Jacksonville,North Carolina,28540,South
CA-2014-131800,12/30/2014,1/4/2015,Standard Class,AJ-10960,United States,New York City,New York,10035,East
CA-2014-118304,4/29/2014,5/4/2014,Standard Class,KH-16360,United States,Dover,Delaware,19901,East
CA-2017-121790,1/30/2017,2/6/2017,Standard Class,LP-17095,United States,Aurora,Illinois,60505,Central
CA-2016-169670,12/25/2016,12/31/2016,Standard Class,JE-15715,United States,New York City,New York,10009,East
CA-2016-139549,10/20/2016,10/25/2016,Standard Class,MY-18295,United States,El Cajon,California,92020,West
CA-2015-104059,6/13/2015,6/15/2015,Second Class,FC-14245,United States,Springfield,Ohio,45503,East
CA-2017-164112,6/30/2017,7/4/2017,Standard Class,ND-18460,United States,Mount Vernon,New York,10550,East
CA-2015-143882,6/26/2015,6/30/2015,Standard Class,DB-13360,United States,Lakewood,Ohio,44107,East
US-2016-139262,2/21/2016,2/25/2016,Standard Class,LC-16960,United States,Tampa,Florida,33614,South
CA-2017-146192,4/22/2017,4/26/2017,Standard Class,BD-11725,United States,Columbus,Georgia,31907,South
CA-2017-134810,5/9/2017,5/10/2017,First Class,MC-17605,United States,Jacksonville,North Carolina,28540,South
CA-2015-154284,12/21/2015,12/26/2015,Second Class,SZ-20035,United States,Saint Charles,Illinois,60174,Central
CA-2014-156244,8/12/2014,8/16/2014,Standard Class,DH-13675,United States,Miami,Florida,33180,South
CA-2015-106362,12/11/2015,12/15/2015,Standard Class,LC-16885,United States,Troy,Ohio,45373,East
US-2017-168802,11/3/2017,11/7/2017,Standard Class,JO-15145,United States,Seattle,Washington,98103,West
US-2017-146906,3/13/2017,3/17/2017,Standard Class,MT-17815,United States,New York City,New York,10011,East
CA-2016-166380,5/30/2016,6/3/2016,Standard Class,EB-13750,United States,Arlington,Virginia,22204,South
US-2015-158911,7/5/2015,7/11/2015,Standard Class,RS-19765,United States,Charlotte,North Carolina,28205,South
US-2014-103338,3/11/2014,3/15/2014,Standard Class,RB-19435,United States,Roseville,California,95661,West
CA-2015-109169,4/20/2015,4/24/2015,Standard Class,OT-18730,United States,Detroit,Michigan,48234,Central
US-2017-167318,7/26/2017,8/1/2017,Standard Class,GZ-14545,United States,Los Angeles,California,90036,West
US-2014-120313,10/31/2014,11/2/2014,Second Class,NL-18310,United States,San Francisco,California,94110,West
CA-2017-135419,11/3/2017,11/9/2017,Standard Class,BG-11740,United States,Bakersfield,California,93309,West
CA-2016-128671,8/11/2016,8/16/2016,Standard Class,MT-18070,United States,Tulsa,Oklahoma,74133,Central
CA-2016-149335,7/25/2016,7/25/2016,Same Day,BC-11125,United States,San Francisco,California,94122,West
CA-2014-168312,3/1/2014,3/7/2014,Standard Class,GW-14605,United States,Houston,Texas,77036,Central
US-2017-105935,1/26/2017,1/31/2017,Standard Class,BD-11500,United States,Columbus,Georgia,31907,South
CA-2014-161508,7/12/2014,7/16/2014,Standard Class,PV-18985,United States,League City,Texas,77573,Central
CA-2017-130904,4/11/2017,4/16/2017,Standard Class,HM-14980,United States,Burlington,North Carolina,27217,South
CA-2017-133620,11/13/2017,11/18/2017,Standard Class,EM-14065,United States,New York City,New York,10009,East
CA-2015-142937,12/5/2015,12/6/2015,First Class,SF-20065,United States,Dallas,Texas,75220,Central
US-2016-149790,9/26/2016,10/1/2016,Standard Class,SC-20380,United States,Houston,Texas,77095,Central
CA-2016-130778,11/19/2016,11/25/2016,Standard Class,ND-18370,United States,Long Beach,New York,11561,East
CA-2017-144456,9/8/2017,9/9/2017,First Class,FC-14245,United States,Hialeah,Florida,33012,South
CA-2017-103478,7/21/2017,7/24/2017,Second Class,KL-16555,United States,Aurora,Illinois,60505,Central
CA-2017-118577,10/6/2017,10/11/2017,Standard Class,XP-21865,United States,Belleville,New Jersey,7109,East
CA-2017-113572,11/7/2017,11/11/2017,Standard Class,FP-14320,United States,New York City,New York,10024,East
CA-2016-153269,3/9/2016,3/12/2016,First Class,PS-18760,United States,Andover,Massachusetts,1810,East
CA-2017-161655,5/13/2017,5/18/2017,Second Class,CW-11905,United States,Newark,Delaware,19711,East
CA-2016-101469,7/2/2016,7/8/2016,Standard Class,KH-16360,United States,Arlington,Virginia,22204,South
CA-2014-153087,12/27/2014,1/3/2015,Standard Class,TC-20980,United States,Decatur,Alabama,35601,South
CA-2017-135076,4/13/2017,4/17/2017,Standard Class,YS-21880,United States,Hesperia,California,92345,West
CA-2014-161634,11/14/2014,11/20/2014,Standard Class,CC-12220,United States,Chesapeake,Virginia,23320,South
CA-2017-141481,6/11/2017,6/14/2017,First Class,ZD-21925,United States,Los Angeles,California,90036,West
CA-2016-132549,11/25/2016,11/30/2016,Standard Class,JK-15370,United States,Huntsville,Alabama,35810,South
US-2014-155544,3/21/2014,3/25/2014,Standard Class,GM-14440,United States,Knoxville,Tennessee,37918,South
US-2015-115238,4/30/2015,5/4/2015,Standard Class,JW-15220,United States,Lawrence,Massachusetts,1841,East
CA-2017-132199,5/3/2017,5/8/2017,Standard Class,BO-11350,United States,Philadelphia,Pennsylvania,19134,East
CA-2016-163174,8/26/2016,8/30/2016,Standard Class,XP-21865,United States,Athens,Georgia,30605,South
CA-2014-110555,4/11/2014,4/18/2014,Standard Class,MM-18055,United States,Great Falls,Montana,59405,West
CA-2017-147207,1/2/2017,1/4/2017,Second Class,TS-21655,United States,El Paso,Texas,79907,Central
CA-2017-137631,4/28/2017,5/2/2017,Standard Class,JL-15235,United States,Kissimmee,Florida,34741,South
CA-2017-157273,1/30/2017,2/2/2017,First Class,SZ-20035,United States,Seattle,Washington,98105,West
CA-2014-109918,9/7/2014,9/12/2014,Second Class,LR-17035,United States,Santa Clara,California,95051,West
CA-2016-118745,6/11/2016,6/16/2016,Standard Class,SV-20365,United States,Los Angeles,California,90049,West
CA-2016-163972,10/17/2016,10/21/2016,Standard Class,MG-17890,United States,Fresno,California,93727,West
CA-2014-165393,12/27/2014,12/30/2014,First Class,NC-18415,United States,Fort Worth,Texas,76106,Central
CA-2016-113726,11/24/2016,12/1/2016,Standard Class,SC-20680,United States,Seattle,Washington,98105,West
CA-2016-152940,11/10/2016,11/13/2016,First Class,RO-19780,United States,San Francisco,California,94110,West
CA-2015-158701,1/5/2015,1/10/2015,Standard Class,JL-15175,United States,San Francisco,California,94110,West
CA-2017-156272,3/21/2017,3/27/2017,Standard Class,PW-19030,United States,Pompano Beach,Florida,33068,South
CA-2015-162964,11/12/2015,11/18/2015,Standard Class,MF-18250,United States,Houston,Texas,77095,Central
CA-2014-103527,9/9/2014,9/14/2014,Second Class,CC-12220,United States,Chicago,Illinois,60653,Central
CA-2016-134544,3/17/2016,3/19/2016,Second Class,AC-10660,United States,San Francisco,California,94109,West
CA-2016-163048,2/8/2016,2/15/2016,Standard Class,MH-17440,United States,Houston,Texas,77036,Central
CA-2016-145135,11/26/2016,11/28/2016,First Class,CD-12790,United States,Shelton,Connecticut,6484,East
CA-2017-137582,9/4/2017,9/8/2017,Standard Class,CV-12805,United States,Oakland,California,94601,West
CA-2015-149601,5/28/2015,6/3/2015,Standard Class,TB-21625,United States,Manchester,Connecticut,6040,East
CA-2014-139423,11/1/2014,11/5/2014,Standard Class,DG-13300,United States,Orange,New Jersey,7050,East
CA-2016-102596,12/27/2016,12/30/2016,First Class,RD-19810,United States,Akron,Ohio,44312,East
CA-2017-153227,12/4/2017,12/6/2017,First Class,CS-12250,United States,Los Angeles,California,90032,West
CA-2017-110625,12/23/2017,12/30/2017,Standard Class,JB-16045,United States,Danbury,Connecticut,6810,East
CA-2016-142594,12/1/2016,12/6/2016,Second Class,EJ-14155,United States,Franklin,Massachusetts,2038,East
CA-2014-152254,6/30/2014,6/30/2014,Same Day,BD-11620,United States,Wilmington,North Carolina,28403,South
US-2014-120236,9/3/2014,9/4/2014,First Class,MR-17545,United States,Houston,Texas,77095,Central
CA-2017-120061,11/2/2017,11/7/2017,Second Class,SR-20425,United States,Springfield,Ohio,45503,East
CA-2015-133837,4/13/2015,4/18/2015,Standard Class,TH-21100,United States,Glendale,Arizona,85301,West
CA-2015-110814,12/5/2015,12/9/2015,Second Class,BD-11635,United States,New York City,New York,10009,East
CA-2016-154067,2/1/2016,2/7/2016,Standard Class,SM-20950,United States,Los Angeles,California,90036,West
CA-2017-140480,7/8/2017,7/12/2017,Standard Class,HE-14800,United States,Newark,Delaware,19711,East
CA-2015-134082,12/11/2015,12/17/2015,Standard Class,JK-15640,United States,San Bernardino,California,92404,West
CA-2016-130820,11/15/2016,11/15/2016,Same Day,ON-18715,United States,Burlington,North Carolina,27217,South
CA-2016-159765,5/9/2016,5/12/2016,Second Class,TH-21100,United States,Salem,Virginia,24153,South
CA-2017-132290,3/10/2017,3/14/2017,Standard Class,MD-17350,United States,Dallas,Texas,75217,Central
CA-2016-147109,12/17/2016,12/21/2016,Standard Class,AH-10075,United States,Arlington,Texas,76017,Central
CA-2017-107265,4/6/2017,4/12/2017,Standard Class,ML-17755,United States,Marion,Iowa,52302,Central
CA-2017-118199,5/9/2017,5/11/2017,First Class,LB-16795,United States,Seattle,Washington,98105,West
CA-2017-150091,10/12/2017,10/16/2017,Standard Class,NP-18670,United States,Lakewood,New Jersey,8701,East
CA-2016-137652,8/28/2016,8/30/2016,First Class,EB-13750,United States,Cincinnati,Ohio,45231,East
CA-2015-128356,10/2/2015,10/7/2015,Standard Class,RP-19390,United States,Thornton,Colorado,80229,West
CA-2017-167017,11/23/2017,11/25/2017,First Class,DC-12850,United States,Roseville,Michigan,48066,Central
US-2017-132220,11/12/2017,11/16/2017,Standard Class,DJ-13510,United States,Tempe,Arizona,85281,West
CA-2016-118129,12/19/2016,12/21/2016,Second Class,CL-12565,United States,Reading,Pennsylvania,19601,East
US-2014-113124,3/30/2014,4/5/2014,Standard Class,NC-18340,United States,Apple Valley,Minnesota,55124,Central
CA-2017-155621,11/8/2017,11/13/2017,Standard Class,KN-16450,United States,Baltimore,Maryland,21215,East
US-2014-127635,9/14/2014,9/18/2014,Second Class,SC-20260,United States,Corpus Christi,Texas,78415,Central
CA-2015-151470,9/20/2015,9/26/2015,Standard Class,AM-10705,United States,Las Vegas,Nevada,89115,West
CA-2015-112823,12/10/2015,12/16/2015,Standard Class,RA-19945,United States,Cleveland,Ohio,44105,East
CA-2014-108861,5/28/2014,6/1/2014,Standard Class,MM-17260,United States,Seattle,Washington,98105,West
CA-2017-114370,3/14/2017,3/17/2017,Second Class,BN-11470,United States,Chicago,Illinois,60623,Central
CA-2016-158302,12/8/2016,12/12/2016,Second Class,JB-16045,United States,Columbus,Ohio,43229,East
CA-2017-145779,5/6/2017,5/10/2017,Standard Class,DB-13615,United States,Tucson,Arizona,85705,West
US-2016-155173,3/6/2016,3/10/2016,Standard Class,JB-16045,United States,Philadelphia,Pennsylvania,19120,East
CA-2017-125451,10/23/2017,10/24/2017,First Class,AH-10075,United States,Cranston,Rhode Island,2920,East
CA-2014-131387,4/28/2014,4/30/2014,First Class,AI-10855,United States,San Francisco,California,94122,West
CA-2016-125087,4/18/2016,4/23/2016,Standard Class,TH-21115,United States,Houston,Texas,77070,Central
CA-2016-154081,5/22/2016,5/29/2016,Standard Class,JE-15610,United States,Los Angeles,California,90049,West
US-2017-118556,5/28/2017,6/2/2017,Second Class,TH-21235,United States,Chicago,Illinois,60653,Central
CA-2014-126200,8/25/2014,8/29/2014,Standard Class,JE-15715,United States,Houston,Texas,77070,Central
CA-2014-146500,8/30/2014,9/4/2014,Standard Class,AT-10735,United States,Bristol,Connecticut,6010,East
CA-2015-169537,9/3/2015,9/7/2015,Second Class,JH-15820,United States,Holland,Michigan,49423,Central
CA-2014-100881,3/28/2014,4/1/2014,Standard Class,DR-12940,United States,Albuquerque,New Mexico,87105,West
CA-2015-144043,5/10/2015,5/15/2015,Standard Class,AB-10165,United States,Louisville,Colorado,80027,West
CA-2015-116512,4/9/2015,4/14/2015,Standard Class,MC-18100,United States,New York City,New York,10024,East
CA-2015-101000,4/9/2015,4/14/2015,Standard Class,IG-15085,United States,Norwich,Connecticut,6360,East
CA-2016-168557,9/19/2016,9/23/2016,Standard Class,FH-14275,United States,San Francisco,California,94122,West
US-2016-164196,11/11/2016,11/17/2016,Standard Class,AS-10285,United States,Noblesville,Indiana,46060,Central
US-2017-132031,4/23/2017,4/27/2017,Standard Class,PN-18775,United States,Clarksville,Tennessee,37042,South
CA-2015-169733,10/22/2015,10/26/2015,Second Class,GM-14500,United States,Hollywood,Florida,33021,South
CA-2017-169404,4/9/2017,4/14/2017,Standard Class,NC-18625,United States,York,Pennsylvania,17403,East
CA-2017-134880,10/27/2017,11/1/2017,Standard Class,TW-21025,United States,Mesa,Arizona,85204,West
CA-2015-145758,10/30/2015,10/30/2015,Same Day,BF-11020,United States,New York City,New York,10024,East
CA-2017-158736,12/18/2017,12/24/2017,Standard Class,TT-21460,United States,San Francisco,California,94110,West
US-2016-119270,3/12/2016,3/16/2016,Standard Class,SW-20245,United States,Los Angeles,California,90036,West
CA-2014-109890,7/21/2014,7/27/2014,Standard Class,PG-18820,United States,Omaha,Nebraska,68104,Central
CA-2016-138583,5/24/2016,5/28/2016,Standard Class,DP-13390,United States,Philadelphia,Pennsylvania,19120,East
US-2017-118535,2/11/2017,2/15/2017,Standard Class,DJ-13510,United States,New York City,New York,10024,East
CA-2016-126284,9/20/2016,9/24/2016,Standard Class,EN-13780,United States,Grand Rapids,Michigan,49505,Central
CA-2017-142391,9/24/2017,9/24/2017,Same Day,PB-19150,United States,Seattle,Washington,98115,West
CA-2017-124716,3/27/2017,3/31/2017,Standard Class,BD-11560,United States,Fresno,California,93727,West
CA-2016-158841,2/2/2016,2/4/2016,Second Class,SE-20110,United States,Arlington,Virginia,22204,South
CA-2017-106824,7/7/2017,7/11/2017,Standard Class,AT-10735,United States,Los Angeles,California,90049,West
CA-2015-109190,10/23/2015,10/28/2015,Standard Class,CC-12685,United States,Lubbock,Texas,79424,Central
CA-2016-143154,12/2/2016,12/8/2016,Standard Class,AS-10225,United States,Longmont,Colorado,80501,West
CA-2014-169061,3/5/2014,3/8/2014,Second Class,AB-10150,United States,Yonkers,New York,10701,East
CA-2015-102316,3/1/2015,3/3/2015,Second Class,DH-13075,United States,Los Angeles,California,90045,West
CA-2014-164903,2/20/2014,2/24/2014,Standard Class,SR-20740,United States,Los Angeles,California,90049,West
CA-2016-109400,5/2/2016,5/6/2016,Standard Class,NR-18550,United States,Amarillo,Texas,79109,Central
CA-2016-130400,3/8/2016,3/12/2016,Standard Class,SJ-20125,United States,Dallas,Texas,75217,Central
CA-2015-135853,12/11/2015,12/14/2015,First Class,CA-12775,United States,Detroit,Michigan,48205,Central
CA-2016-103359,12/22/2016,12/26/2016,Standard Class,LC-16885,United States,New York City,New York,10035,East
CA-2016-144645,2/2/2016,2/8/2016,Standard Class,NS-18640,United States,Houston,Texas,77041,Central
CA-2017-141614,6/5/2017,6/9/2017,Standard Class,NS-18640,United States,Orlando,Florida,32839,South
CA-2015-122168,8/21/2015,8/26/2015,Standard Class,HG-14965,United States,Florence,Kentucky,41042,South
CA-2016-132899,4/7/2016,4/11/2016,Standard Class,SF-20200,United States,New York City,New York,10009,East
CA-2017-149720,6/4/2017,6/7/2017,Second Class,EM-14065,United States,Frisco,Texas,75034,Central
CA-2017-118003,12/4/2017,12/10/2017,Standard Class,DO-13645,United States,Paterson,New Jersey,7501,East
CA-2016-141887,1/11/2016,1/15/2016,Standard Class,MP-17470,United States,Columbus,Ohio,43229,East
US-2016-160206,4/1/2016,4/7/2016,Standard Class,MY-18295,United States,Milwaukee,Wisconsin,53209,Central
CA-2017-133074,9/21/2017,9/25/2017,Standard Class,DB-13615,United States,San Francisco,California,94109,West
CA-2017-161172,3/16/2017,3/16/2017,Same Day,SP-20920,United States,Columbus,Ohio,43229,East
CA-2017-137624,11/10/2017,11/17/2017,Standard Class,ME-17320,United States,Los Angeles,California,90008,West
CA-2016-156748,11/30/2016,12/6/2016,Standard Class,BS-11755,United States,Detroit,Michigan,48227,Central
CA-2015-169677,1/13/2015,1/15/2015,Second Class,KS-16300,United States,Columbus,Georgia,31907,South
US-2014-163146,5/16/2014,5/20/2014,Standard Class,CC-12475,United States,San Francisco,California,94122,West
CA-2015-157343,6/7/2015,6/11/2015,Standard Class,HD-14785,United States,Philadelphia,Pennsylvania,19143,East
CA-2017-147354,3/9/2017,3/13/2017,Standard Class,KB-16315,United States,Los Angeles,California,90008,West
CA-2015-157287,12/22/2015,12/23/2015,First Class,HR-14830,United States,Philadelphia,Pennsylvania,19140,East
CA-2014-137575,8/6/2014,8/11/2014,Standard Class,TB-21625,United States,New York City,New York,10035,East
CA-2016-119074,3/27/2016,3/31/2016,Standard Class,DS-13180,United States,Columbus,Georgia,31907,South
CA-2015-149566,12/5/2015,12/10/2015,Standard Class,GB-14530,United States,Los Angeles,California,90049,West
CA-2015-126186,9/11/2015,9/12/2015,First Class,GB-14530,United States,Aurora,Colorado,80013,West
CA-2015-121132,7/17/2015,7/24/2015,Standard Class,VB-21745,United States,Houston,Texas,77041,Central
CA-2014-140473,5/30/2014,6/3/2014,Standard Class,MC-17425,United States,Chicago,Illinois,60623,Central
US-2017-102904,11/13/2017,11/20/2017,Standard Class,CB-12025,United States,Decatur,Alabama,35601,South
CA-2016-102092,12/9/2016,12/11/2016,First Class,PM-18940,United States,Springfield,Virginia,22153,South
CA-2015-117884,3/22/2015,3/22/2015,Same Day,DC-13285,United States,Plantation,Florida,33317,South
CA-2016-132829,12/23/2016,12/26/2016,Second Class,LA-16780,United States,Houston,Texas,77041,Central
CA-2016-123540,4/2/2016,4/6/2016,Second Class,DJ-13420,United States,Milwaukee,Wisconsin,53209,Central
US-2017-108315,4/30/2017,5/4/2017,Standard Class,MH-18115,United States,Sanford,Florida,32771,South
CA-2016-134110,11/17/2016,11/18/2016,First Class,BG-11035,United States,The Colony,Texas,75056,Central
US-2016-136581,11/10/2016,11/12/2016,First Class,SV-20365,United States,Troy,Ohio,45373,East
CA-2016-162390,12/6/2016,12/12/2016,Standard Class,DP-13105,United States,Hempstead,New York,11550,East
CA-2016-162222,4/3/2016,4/3/2016,Same Day,SR-20740,United States,Dallas,Texas,75081,Central
CA-2014-121629,11/28/2014,12/2/2014,Standard Class,BT-11680,United States,Houston,Texas,77041,Central
CA-2015-164623,10/20/2015,10/22/2015,First Class,MS-17770,United States,New York City,New York,10035,East
CA-2014-159849,9/19/2014,9/19/2014,Same Day,JK-15640,United States,San Francisco,California,94110,West
CA-2017-101273,8/27/2017,8/30/2017,Second Class,ST-20530,United States,Port Saint Lucie,Florida,34952,South
CA-2017-106747,7/3/2017,7/4/2017,First Class,TS-21505,United States,Concord,New Hampshire,3301,East
CA-2017-146164,12/22/2017,12/26/2017,Standard Class,CM-12190,United States,Rochester,Minnesota,55901,Central
CA-2016-111605,12/27/2016,1/2/2017,Standard Class,JW-15955,United States,Louisville,Kentucky,40214,South
CA-2014-130673,5/20/2014,5/22/2014,Second Class,MC-17590,United States,San Marcos,Texas,78666,Central
CA-2014-104808,2/4/2014,2/8/2014,Second Class,MH-17440,United States,Escondido,California,92025,West
US-2017-132927,12/9/2017,12/15/2017,Standard Class,RD-19720,United States,Philadelphia,Pennsylvania,19134,East
CA-2017-162015,7/11/2017,7/18/2017,Standard Class,KB-16240,United States,Los Angeles,California,90049,West
CA-2015-138492,5/15/2015,5/22/2015,Standard Class,FC-14335,United States,Philadelphia,Pennsylvania,19140,East
CA-2017-145338,1/29/2017,2/1/2017,First Class,BD-11770,United States,Philadelphia,Pennsylvania,19120,East
CA-2017-126676,9/29/2017,10/1/2017,First Class,FH-14365,United States,Hempstead,New York,11550,East
CA-2017-101700,4/23/2017,4/26/2017,First Class,SO-20335,United States,Greeley,Colorado,80634,West
CA-2017-159667,11/9/2017,11/13/2017,Standard Class,PM-19135,United States,Jacksonville,Florida,32216,South
CA-2014-111934,5/5/2014,5/7/2014,First Class,GD-14590,United States,Arlington,Virginia,22204,South
US-2016-117387,10/27/2016,10/31/2016,Standard Class,PA-19060,United States,San Francisco,California,94122,West
CA-2014-141110,11/26/2014,12/1/2014,Standard Class,LS-17200,United States,Fresno,California,93727,West
US-2014-133949,12/31/2014,12/31/2014,Same Day,JL-15175,United States,Reno,Nevada,89502,West
US-2016-116365,1/3/2016,1/8/2016,Standard Class,CA-12310,United States,San Antonio,Texas,78207,Central
CA-2017-162936,8/18/2017,8/22/2017,Standard Class,CM-12160,United States,New Bedford,Massachusetts,2740,East
CA-2014-151946,6/4/2014,6/9/2014,Standard Class,BT-11440,United States,New York City,New York,10035,East
CA-2017-123624,11/13/2017,11/17/2017,Second Class,SE-20110,United States,Oxnard,California,93030,West
CA-2016-146437,1/28/2016,2/1/2016,Second Class,HG-14965,United States,Los Angeles,California,90036,West
CA-2016-138233,11/9/2016,11/14/2016,Standard Class,PF-19165,United States,Oakland,California,94601,West
CA-2016-165918,9/10/2016,9/14/2016,Standard Class,BD-11770,United States,Edmonds,Washington,98026,West
CA-2017-117513,3/3/2017,3/8/2017,Standard Class,BT-11395,United States,Los Angeles,California,90004,West
CA-2017-132437,9/8/2017,9/13/2017,Second Class,EM-14095,United States,New York City,New York,10024,East
US-2017-119319,11/6/2017,11/9/2017,Second Class,LC-17050,United States,Dallas,Texas,75217,Central
CA-2017-104318,5/13/2017,5/18/2017,Standard Class,FH-14275,United States,Franklin,Tennessee,37064,South
US-2016-114230,11/27/2016,12/1/2016,Standard Class,CM-12235,United States,Phoenix,Arizona,85023,West
CA-2015-136147,11/13/2015,11/18/2015,Standard Class,FM-14380,United States,Miami,Florida,33178,South
CA-2015-156118,12/8/2015,12/12/2015,Standard Class,HG-14965,United States,Colorado Springs,Colorado,80906,West
CA-2015-164084,9/7/2015,9/12/2015,Standard Class,AG-10525,United States,New York City,New York,10011,East
CA-2016-107783,7/28/2016,7/29/2016,First Class,OT-18730,United States,Bethlehem,Pennsylvania,18018,East
CA-2017-159793,8/25/2017,8/29/2017,Standard Class,SV-20365,United States,Philadelphia,Pennsylvania,19140,East
CA-2014-160094,4/30/2014,5/2/2014,First Class,JM-16195,United States,Louisville,Kentucky,40214,South
CA-2017-151281,4/27/2017,5/2/2017,Standard Class,HM-14980,United States,Seattle,Washington,98105,West
CA-2017-118346,7/23/2017,7/24/2017,First Class,PO-19180,United States,Kenosha,Wisconsin,53142,Central
CA-2014-129819,12/13/2014,12/15/2014,Second Class,KC-16675,United States,Henderson,Kentucky,42420,South
US-2017-148551,1/12/2017,1/16/2017,Standard Class,DB-13120,United States,Dallas,Texas,75217,Central
CA-2017-147767,12/2/2017,12/2/2017,Same Day,SV-20935,United States,Peoria,Arizona,85345,West
CA-2015-108259,11/8/2015,11/15/2015,Standard Class,NS-18640,United States,Jacksonville,North Carolina,28540,South
CA-2016-113341,11/25/2016,11/29/2016,Standard Class,MH-17455,United States,Los Angeles,California,90032,West
US-2015-131842,12/5/2015,12/8/2015,First Class,RR-19525,United States,Nashville,Tennessee,37211,South
CA-2016-164574,7/29/2016,8/3/2016,Standard Class,RH-19555,United States,Charlotte,North Carolina,28205,South
CA-2014-142769,9/13/2014,9/13/2014,Same Day,RP-19390,United States,Seattle,Washington,98103,West
CA-2016-168361,6/21/2016,6/25/2016,Standard Class,KB-16600,United States,Chicago,Illinois,60623,Central
CA-2016-153185,9/3/2016,9/8/2016,Standard Class,MH-17620,United States,Cincinnati,Ohio,45231,East
CA-2017-124765,11/25/2017,11/30/2017,Standard Class,HZ-14950,United States,Fort Lauderdale,Florida,33311,South
CA-2015-131856,5/12/2015,5/17/2015,Standard Class,JG-15160,United States,Houston,Texas,77041,Central
CA-2017-126634,3/30/2017,4/1/2017,Second Class,AB-10165,United States,Lakewood,California,90712,West
CA-2016-118500,11/17/2016,11/18/2016,First Class,HJ-14875,United States,San Francisco,California,94122,West
CA-2016-163951,12/30/2016,1/2/2017,First Class,CJ-11875,United States,Philadelphia,Pennsylvania,19140,East
CA-2016-149916,12/22/2016,12/24/2016,Second Class,ED-13885,United States,Seattle,Washington,98115,West
CA-2015-158918,12/20/2015,12/25/2015,Second Class,AI-10855,United States,Los Angeles,California,90036,West
US-2014-159611,12/27/2014,1/1/2015,Second Class,KB-16315,United States,Cleveland,Ohio,44105,East
CA-2017-163265,2/16/2017,2/21/2017,Standard Class,JS-16030,United States,Decatur,Illinois,62521,Central
CA-2017-141705,10/24/2017,10/26/2017,First Class,PO-18850,United States,Mansfield,Texas,76063,Central
CA-2016-112739,9/2/2016,9/7/2016,Second Class,RD-19810,United States,Houston,Texas,77070,Central
CA-2016-143805,12/1/2016,12/3/2016,Second Class,JD-15895,United States,Richmond,Virginia,23223,South
CA-2014-133634,11/5/2014,11/10/2014,Standard Class,SR-20740,United States,Arlington,Virginia,22204,South
CA-2017-101665,11/25/2017,12/1/2017,Standard Class,TZ-21580,United States,San Francisco,California,94122,West
CA-2016-155446,12/16/2016,12/23/2016,Standard Class,TN-21040,United States,San Diego,California,92024,West
CA-2017-137323,11/14/2017,11/18/2017,Second Class,PW-19030,United States,Watertown,New York,13601,East
CA-2016-144015,6/26/2016,6/26/2016,Same Day,AH-10075,United States,Los Angeles,California,90036,West
CA-2014-101427,12/26/2014,12/30/2014,Standard Class,AY-10555,United States,Philadelphia,Pennsylvania,19140,East
CA-2016-136770,8/14/2016,8/18/2016,Standard Class,SP-20650,United States,Akron,Ohio,44312,East
CA-2016-118311,10/24/2016,10/28/2016,Standard Class,ED-13885,United States,San Francisco,California,94110,West
US-2014-112795,8/23/2014,8/28/2014,Second Class,CR-12625,United States,Grand Rapids,Michigan,49505,Central
CA-2017-127096,9/15/2017,9/17/2017,Second Class,CS-12400,United States,San Francisco,California,94109,West
CA-2017-119284,6/15/2017,6/20/2017,Standard Class,TS-21205,United States,Nashville,Tennessee,37211,South
CA-2015-133494,3/1/2015,3/5/2015,Standard Class,RP-19390,United States,Philadelphia,Pennsylvania,19120,East
CA-2016-111318,7/23/2016,7/26/2016,First Class,IL-15100,United States,Houston,Texas,77041,Central
US-2014-132745,10/1/2014,10/5/2014,Standard Class,NF-18475,United States,Reno,Nevada,89502,West
CA-2014-146815,9/8/2014,9/13/2014,Standard Class,PP-18955,United States,New York City,New York,10009,East
CA-2014-119144,11/16/2014,11/18/2014,First Class,JD-16150,United States,Los Angeles,California,90008,West
CA-2014-105648,3/3/2014,3/7/2014,Standard Class,EJ-14155,United States,San Diego,California,92037,West
US-2015-145422,12/3/2015,12/7/2015,Standard Class,PW-19240,United States,San Francisco,California,94110,West
CA-2017-136623,7/11/2017,7/16/2017,Standard Class,TS-21430,United States,San Diego,California,92105,West
CA-2017-121678,11/16/2017,11/20/2017,Second Class,BM-11650,United States,Elyria,Ohio,44035,East
CA-2016-120824,6/12/2016,6/16/2016,Second Class,AW-10930,United States,Houston,Texas,77070,Central
US-2016-135209,12/29/2016,12/31/2016,Second Class,MH-17290,United States,Miami,Florida,33178,South
CA-2017-148145,3/18/2017,3/23/2017,Standard Class,SW-20275,United States,Seattle,Washington,98115,West
CA-2015-103870,12/27/2015,12/31/2015,Standard Class,SP-20860,United States,Murfreesboro,Tennessee,37130,South
CA-2015-111017,7/31/2015,8/6/2015,Standard Class,SC-20695,United States,Saint Louis,Missouri,63116,Central
CA-2017-116988,6/27/2017,6/29/2017,Second Class,PW-19030,United States,Seattle,Washington,98105,West
US-2014-169390,2/7/2014,2/10/2014,Second Class,CS-12250,United States,New York City,New York,10024,East
CA-2016-168774,9/4/2016,9/9/2016,Standard Class,RP-19855,United States,Woodbury,Minnesota,55125,Central
CA-2017-161592,4/6/2017,4/10/2017,Standard Class,CS-12175,United States,Chattanooga,Tennessee,37421,South
US-2017-131961,12/8/2017,12/11/2017,First Class,MJ-17740,United States,Philadelphia,Pennsylvania,19140,East
CA-2016-102498,7/24/2016,7/25/2016,First Class,JG-15160,United States,Lafayette,Louisiana,70506,South
CA-2015-113222,11/9/2015,11/9/2015,Same Day,AG-10765,United States,Lawrence,Indiana,46226,Central
US-2015-144771,10/2/2015,10/4/2015,First Class,CK-12205,United States,Hillsboro,Oregon,97123,West
CA-2015-162376,11/22/2015,11/25/2015,Second Class,HD-14785,United States,Cambridge,Massachusetts,2138,East
CA-2017-128076,2/2/2017,2/7/2017,Standard Class,BO-11350,United States,San Diego,California,92105,West
US-2015-163825,6/16/2015,6/19/2015,First Class,LC-16885,United States,New York City,New York,10009,East
CA-2016-105662,5/5/2016,5/9/2016,Standard Class,RB-19465,United States,Tallahassee,Florida,32303,South
CA-2017-152198,9/9/2017,9/10/2017,First Class,JD-16015,United States,Toledo,Ohio,43615,East
CA-2016-114307,7/22/2016,7/26/2016,Standard Class,MF-17665,United States,Columbia,Maryland,21044,East
CA-2016-159891,1/31/2016,2/6/2016,Standard Class,BF-11170,United States,Atlanta,Georgia,30318,South
CA-2016-112578,12/29/2016,1/2/2017,Standard Class,FO-14305,United States,Sacramento,California,95823,West
CA-2015-107083,11/21/2015,11/27/2015,Standard Class,BB-11545,United States,Fort Worth,Texas,76106,Central
CA-2015-151722,10/5/2015,10/9/2015,Standard Class,IL-15100,United States,Columbus,Ohio,43229,East
CA-2016-151148,9/12/2016,9/13/2016,Same Day,PO-19180,United States,Louisville,Colorado,80027,West
CA-2017-115882,9/14/2017,9/17/2017,First Class,DB-13555,United States,Raleigh,North Carolina,27604,South
CA-2015-132276,2/23/2015,2/28/2015,Standard Class,LC-16960,United States,New York City,New York,10024,East
CA-2016-163636,12/5/2016,12/9/2016,Second Class,MP-18175,United States,Chicago,Illinois,60623,Central
CA-2016-102813,7/2/2016,7/3/2016,First Class,EA-14035,United States,Huntsville,Texas,77340,Central
CA-2017-135377,12/13/2017,12/18/2017,Standard Class,BP-11095,United States,New York City,New York,10024,East
CA-2015-165813,3/20/2015,3/22/2015,Second Class,BM-11785,United States,Salem,Oregon,97301,West
CA-2015-133585,3/1/2015,3/4/2015,First Class,CM-12715,United States,Houston,Texas,77070,Central
CA-2016-116911,9/15/2016,9/20/2016,Standard Class,JD-16150,United States,Twin Falls,Idaho,83301,West
US-2017-129224,3/17/2017,3/23/2017,Standard Class,AS-10630,United States,Knoxville,Tennessee,37918,South
CA-2017-145765,5/28/2017,6/2/2017,Standard Class,CM-11815,United States,Phoenix,Arizona,85023,West
CA-2017-126914,6/15/2017,6/19/2017,Standard Class,JE-15715,United States,Monroe,North Carolina,28110,South
CA-2015-169572,9/6/2015,9/12/2015,Standard Class,AG-10525,United States,Richmond,Virginia,23223,South
CA-2017-162075,3/18/2017,3/24/2017,Standard Class,TT-21220,United States,Houston,Texas,77041,Central
CA-2014-162992,12/19/2014,12/21/2014,First Class,BP-11095,United States,Los Angeles,California,90008,West
CA-2016-106397,7/7/2016,7/13/2016,Standard Class,MJ-17740,United States,Orem,Utah,84057,West
US-2016-150140,4/6/2016,4/10/2016,Standard Class,VM-21685,United States,Burlington,Vermont,5408,East
CA-2014-116666,5/8/2014,5/10/2014,First Class,KT-16480,United States,Philadelphia,Pennsylvania,19134,East
CA-2017-148992,11/23/2017,11/27/2017,Standard Class,CS-12250,United States,Chicago,Illinois,60623,Central
CA-2016-140935,11/10/2016,11/12/2016,First Class,AB-10015,United States,Oklahoma City,Oklahoma,73120,Central
CA-2014-157644,12/31/2014,1/1/2015,First Class,AH-10030,United States,New York City,New York,10035,East
US-2017-100398,8/19/2017,8/23/2017,Standard Class,DO-13435,United States,Salt Lake City,Utah,84106,West
CA-2016-113082,9/12/2016,9/16/2016,Standard Class,MC-17590,United States,Utica,New York,13501,East
US-2017-110646,10/26/2017,10/31/2017,Standard Class,JF-15190,United States,Philadelphia,Pennsylvania,19134,East
CA-2017-120614,5/30/2017,6/4/2017,Standard Class,SM-20950,United States,Los Angeles,California,90004,West
US-2016-140172,3/8/2016,3/13/2016,Standard Class,SP-20650,United States,Jackson,Michigan,49201,Central
CA-2015-127754,7/26/2015,7/31/2015,Standard Class,CK-12760,United States,Glendale,Arizona,85301,West
CA-2015-144274,11/23/2015,11/25/2015,Second Class,PW-19240,United States,Wilmington,Delaware,19805,East
CA-2015-142930,11/28/2015,12/2/2015,Standard Class,EB-14170,United States,Austin,Texas,78745,Central
CA-2017-100622,11/3/2017,11/7/2017,Standard Class,DK-13090,United States,Orlando,Florida,32839,South
CA-2017-117156,3/21/2017,3/23/2017,Second Class,TB-21055,United States,Reading,Pennsylvania,19601,East
CA-2015-115399,12/19/2015,12/22/2015,First Class,AG-10900,United States,Philadelphia,Pennsylvania,19134,East
US-2014-157847,4/2/2014,4/6/2014,Second Class,SC-20020,United States,Houston,Texas,77095,Central
CA-2015-115168,6/5/2015,6/9/2015,Standard Class,BB-11545,United States,Saint Charles,Missouri,63301,Central
CA-2014-109680,10/6/2014,10/9/2014,First Class,VP-21760,United States,Indianapolis,Indiana,46203,Central
CA-2016-167983,8/21/2016,8/24/2016,Second Class,RP-19270,United States,Seattle,Washington,98115,West
CA-2015-145324,11/15/2015,11/19/2015,Standard Class,DH-13675,United States,Harrisonburg,Virginia,22801,South
CA-2015-153423,6/22/2015,6/27/2015,Standard Class,SW-20455,United States,Rochester,New York,14609,East
US-2017-132675,9/24/2017,9/28/2017,Standard Class,KF-16285,United States,Sandy Springs,Georgia,30328,South
CA-2014-153808,4/6/2014,4/10/2014,Second Class,FH-14275,United States,Los Angeles,California,90004,West
US-2016-112396,2/9/2016,2/13/2016,Standard Class,JR-16210,United States,San Francisco,California,94110,West
CA-2014-141173,11/18/2014,11/20/2014,Second Class,JC-16105,United States,Minneapolis,Minnesota,55407,Central
CA-2017-156664,12/18/2017,12/23/2017,Standard Class,BP-11290,United States,Columbus,Ohio,43229,East
CA-2015-140718,7/2/2015,7/4/2015,First Class,FA-14230,United States,Raleigh,North Carolina,27604,South
CA-2014-119977,10/8/2014,10/13/2014,Second Class,DN-13690,United States,New York City,New York,10011,East
US-2015-115343,9/22/2015,9/25/2015,First Class,FO-14305,United States,Philadelphia,Pennsylvania,19143,East
CA-2017-163671,12/24/2017,12/30/2017,Standard Class,DP-13105,United States,Meridian,Idaho,83642,West
CA-2017-135909,10/13/2017,10/20/2017,Standard Class,JW-15220,United States,Sacramento,California,95823,West
US-2017-114356,8/20/2017,8/26/2017,Standard Class,TT-21460,United States,Charlotte,North Carolina,28205,South
CA-2015-125934,9/11/2015,9/18/2015,Standard Class,SN-20560,United States,Paterson,New Jersey,7501,East
CA-2015-158148,12/20/2015,12/26/2015,Standard Class,JM-15865,United States,Arlington,Virginia,22204,South
CA-2014-120411,9/20/2014,9/23/2014,First Class,SB-20185,United States,Chicago,Illinois,60653,Central
CA-2016-158260,11/4/2016,11/8/2016,Standard Class,CC-12475,United States,San Diego,California,92037,West
CA-2017-101805,12/1/2017,12/6/2017,Standard Class,SH-19975,United States,Seattle,Washington,98105,West
US-2014-105137,10/10/2014,10/10/2014,Same Day,RB-19435,United States,Columbus,Ohio,43229,East
CA-2017-142489,11/14/2017,11/16/2017,Second Class,TC-21295,United States,Houston,Texas,77095,Central
US-2016-141264,8/13/2016,8/19/2016,Standard Class,CT-11995,United States,Irving,Texas,75061,Central
CA-2017-126928,9/17/2017,9/23/2017,Standard Class,GZ-14470,United States,Morristown,New Jersey,7960,East
US-2015-107944,3/23/2015,3/25/2015,First Class,AM-10360,United States,Los Angeles,California,90008,West
CA-2016-135594,6/30/2016,7/3/2016,Second Class,AH-10120,United States,Aurora,Illinois,60505,Central
US-2017-115252,10/20/2017,10/25/2017,Standard Class,MY-18295,United States,Durham,North Carolina,27707,South
CA-2014-107398,8/25/2014,8/30/2014,Standard Class,BS-11590,United States,Columbus,Ohio,43229,East
CA-2014-169642,7/27/2014,7/30/2014,Second Class,BB-10990,United States,Los Angeles,California,90036,West
CA-2017-103968,12/1/2017,12/7/2017,Standard Class,ML-17755,United States,Stockton,California,95207,West
CA-2016-147256,10/17/2016,10/21/2016,Second Class,FC-14245,United States,Columbia,Missouri,65203,Central
CA-2016-162159,9/16/2016,9/18/2016,First Class,CR-12625,United States,Columbus,Georgia,31907,South
CA-2015-111038,12/1/2015,12/6/2015,Standard Class,LC-16960,United States,San Diego,California,92037,West
CA-2014-124723,8/5/2014,8/12/2014,Standard Class,GZ-14470,United States,Texas City,Texas,77590,Central
CA-2016-167241,8/15/2016,8/22/2016,Standard Class,BD-11320,United States,Los Angeles,California,90004,West
CA-2015-163237,8/7/2015,8/9/2015,Second Class,EM-14095,United States,Springfield,Virginia,22153,South
CA-2016-150483,5/31/2016,6/4/2016,Standard Class,BP-11290,United States,Decatur,Illinois,62521,Central
US-2016-126431,7/1/2016,7/1/2016,Same Day,SU-20665,United States,New York City,New York,10009,East
CA-2016-139934,12/18/2016,12/20/2016,First Class,AY-10555,United States,San Francisco,California,94110,West
CA-2015-109603,1/26/2015,2/1/2015,Standard Class,EM-13825,United States,Moreno Valley,California,92553,West
CA-2017-160661,10/28/2017,11/1/2017,Standard Class,SA-20830,United States,Everett,Massachusetts,2149,East
CA-2017-102610,11/4/2017,11/8/2017,Standard Class,CA-12265,United States,Chattanooga,Tennessee,37421,South
US-2016-144057,5/9/2016,5/13/2016,Standard Class,CV-12805,United States,Austin,Texas,78745,Central
CA-2014-160276,4/2/2014,4/8/2014,Standard Class,AH-10690,United States,Virginia Beach,Virginia,23464,South
CA-2014-132983,4/28/2014,5/3/2014,Standard Class,DS-13180,United States,Jamestown,New York,14701,East
CA-2016-145709,10/4/2016,10/8/2016,Standard Class,AH-10690,United States,Coral Gables,Florida,33134,South
CA-2017-133928,6/11/2017,6/17/2017,Standard Class,ZC-21910,United States,Hickory,North Carolina,28601,South
CA-2016-168032,1/30/2016,2/3/2016,Standard Class,DF-13135,United States,Rockford,Illinois,61107,Central
CA-2015-143616,9/27/2015,9/29/2015,Second Class,SS-20140,United States,Seattle,Washington,98103,West
US-2015-168704,4/13/2015,4/17/2015,Standard Class,FP-14320,United States,Huntsville,Texas,77340,Central
CA-2017-143252,12/18/2017,12/24/2017,Standard Class,HE-14800,United States,Milwaukee,Wisconsin,53209,Central
CA-2016-102134,3/14/2016,3/19/2016,Standard Class,SP-20545,United States,Green Bay,Wisconsin,54302,Central
CA-2017-130036,8/27/2017,8/27/2017,Same Day,BP-11185,United States,Philadelphia,Pennsylvania,19120,East
CA-2015-134117,12/17/2015,12/19/2015,Second Class,PG-18895,United States,Los Angeles,California,90008,West
CA-2014-130918,8/22/2014,8/24/2014,Second Class,JP-15520,United States,North Miami,Florida,33161,South
CA-2016-159023,11/3/2016,11/5/2016,First Class,NW-18400,United States,Portland,Oregon,97206,West
CA-2017-111717,10/10/2017,10/16/2017,Standard Class,SW-20245,United States,Aurora,Illinois,60505,Central
CA-2014-154592,12/7/2014,12/8/2014,First Class,EH-14005,United States,San Francisco,California,94109,West
CA-2014-128622,11/15/2014,11/17/2014,Second Class,SC-20260,United States,San Francisco,California,94110,West
CA-2017-148355,12/24/2017,12/28/2017,Standard Class,NC-18535,United States,New Bedford,Massachusetts,2740,East
CA-2014-132913,12/24/2014,12/26/2014,First Class,AS-10090,United States,San Diego,California,92037,West
CA-2017-150910,12/22/2017,12/28/2017,Standard Class,JL-15130,United States,Jackson,Tennessee,38301,South
CA-2014-156790,8/8/2014,8/10/2014,Second Class,VG-21790,United States,Jacksonville,Florida,32216,South
CA-2014-126480,9/20/2014,9/24/2014,Standard Class,HG-14965,United States,San Diego,California,92024,West
CA-2017-105620,12/25/2017,12/28/2017,First Class,JH-15430,United States,Hialeah,Florida,33012,South
CA-2017-150266,11/25/2017,11/30/2017,Standard Class,RO-19780,United States,Houston,Texas,77070,Central
CA-2016-157280,11/5/2016,11/7/2016,First Class,LW-17125,United States,Virginia Beach,Virginia,23464,South
CA-2017-106691,11/6/2017,11/12/2017,Standard Class,CC-12370,United States,Houston,Texas,77070,Central
CA-2016-134180,11/3/2016,11/7/2016,Standard Class,JP-16135,United States,Philadelphia,Pennsylvania,19120,East
CA-2014-166730,12/30/2014,1/1/2015,First Class,DD-13570,United States,Memphis,Tennessee,38109,South
CA-2017-157469,12/2/2017,12/7/2017,Standard Class,ES-14080,United States,Lakewood,Ohio,44107,East
CA-2017-122308,3/24/2017,3/28/2017,Standard Class,MV-17485,United States,New York City,New York,10011,East
US-2014-149034,11/19/2014,11/21/2014,First Class,RD-19900,United States,Philadelphia,Pennsylvania,19120,East
CA-2017-159226,4/25/2017,4/27/2017,Second Class,RL-19615,United States,Los Angeles,California,90008,West
CA-2017-156622,11/23/2017,11/26/2017,First Class,JP-15460,United States,Dallas,Texas,75220,Central
CA-2014-119529,11/3/2014,11/5/2014,Second Class,DM-13345,United States,Orange,New Jersey,7050,East
CA-2015-150413,10/19/2015,10/24/2015,Second Class,CS-11860,United States,Dallas,Texas,75220,Central
CA-2014-108182,2/6/2014,2/10/2014,Second Class,DL-13315,United States,Romeoville,Illinois,60441,Central
CA-2016-110898,3/6/2016,3/12/2016,Standard Class,LC-16870,United States,Chicago,Illinois,60623,Central
CA-2015-123092,12/3/2015,12/7/2015,Standard Class,JG-15115,United States,Jacksonville,North Carolina,28540,South
US-2015-128587,12/24/2015,12/30/2015,Standard Class,HM-14860,United States,Springfield,Missouri,65807,Central
US-2017-139577,10/1/2017,10/6/2017,Standard Class,TN-21040,United States,San Francisco,California,94110,West
CA-2017-159100,10/16/2017,10/21/2017,Standard Class,VP-21760,United States,Columbia,Tennessee,38401,South
CA-2014-109043,8/15/2014,8/17/2014,First Class,CS-12355,United States,Hollywood,Florida,33021,South
US-2017-116491,11/11/2017,11/13/2017,First Class,PG-18820,United States,Dallas,Texas,75081,Central
CA-2017-122763,3/20/2017,3/20/2017,Same Day,HG-14845,United States,Houston,Texas,77041,Central
CA-2017-137785,5/13/2017,5/17/2017,Standard Class,MH-18115,United States,Philadelphia,Pennsylvania,19140,East
CA-2014-133389,6/22/2014,6/22/2014,Same Day,TB-21280,United States,Phoenix,Arizona,85023,West
CA-2014-103807,12/2/2014,12/9/2014,Standard Class,EM-13825,United States,Sandy Springs,Georgia,30328,South
CA-2015-102855,4/5/2015,4/6/2015,Same Day,JF-15415,United States,Spokane,Washington,99207,West
CA-2017-107825,11/18/2017,11/18/2017,Same Day,NB-18655,United States,Milwaukee,Wisconsin,53209,Central
CA-2017-106047,7/12/2017,7/18/2017,Standard Class,CS-11860,United States,Fairfield,Ohio,45014,East
CA-2017-127803,5/19/2017,5/23/2017,Standard Class,ND-18460,United States,Huntsville,Alabama,35810,South
CA-2015-137071,12/20/2015,12/21/2015,First Class,ED-13885,United States,Houston,Texas,77036,Central
CA-2016-121447,2/21/2016,2/22/2016,First Class,EA-14035,United States,New York City,New York,10011,East
CA-2017-143084,3/18/2017,3/22/2017,Standard Class,BP-11050,United States,Los Angeles,California,90008,West
CA-2016-131639,12/17/2016,12/23/2016,Standard Class,NS-18640,United States,Carlsbad,New Mexico,88220,West
CA-2016-161361,3/26/2016,3/28/2016,Second Class,MV-17485,United States,Pocatello,Idaho,83201,West
CA-2014-100706,12/16/2014,12/18/2014,Second Class,LE-16810,United States,Springfield,Virginia,22153,South
CA-2015-129525,11/15/2015,11/20/2015,Standard Class,VP-21760,United States,Toledo,Ohio,43615,East
US-2016-141880,8/22/2016,8/23/2016,First Class,TC-21475,United States,Fort Collins,Colorado,80525,West
CA-2015-165799,6/29/2015,7/2/2015,First Class,SG-20470,United States,New York City,New York,10024,East
CA-2016-102127,6/26/2016,7/2/2016,Standard Class,VP-21760,United States,New York City,New York,10035,East
US-2016-152415,9/17/2016,9/22/2016,Standard Class,PO-18865,United States,Marlborough,Massachusetts,1752,East
CA-2014-138198,7/18/2014,7/23/2014,Standard Class,JL-15130,United States,New Rochelle,New York,10801,East
CA-2017-128041,9/1/2017,9/1/2017,Same Day,RW-19540,United States,Seattle,Washington,98103,West
CA-2017-105823,6/22/2017,6/26/2017,Standard Class,RB-19465,United States,Detroit,Michigan,48227,Central
CA-2014-152268,9/2/2014,9/7/2014,Standard Class,SC-20095,United States,Fayetteville,Arkansas,72701,South
CA-2015-148873,10/1/2015,10/5/2015,Standard Class,EM-13960,United States,Quincy,Illinois,62301,Central
CA-2015-166492,4/7/2015,4/10/2015,First Class,RP-19390,United States,New York City,New York,10035,East
CA-2017-157420,11/21/2017,11/21/2017,Same Day,HZ-14950,United States,Houston,Texas,77095,Central
CA-2016-117121,12/17/2016,12/21/2016,Standard Class,AB-10105,United States,Detroit,Michigan,48205,Central
CA-2014-138177,9/19/2014,9/24/2014,Standard Class,ND-18460,United States,Chandler,Arizona,85224,West
CA-2014-114335,9/28/2014,10/3/2014,Standard Class,XP-21865,United States,Hollywood,Florida,33021,South
CA-2015-168760,9/22/2015,9/26/2015,Second Class,MM-18280,United States,Los Angeles,California,90049,West
CA-2016-168830,11/7/2016,11/13/2016,Standard Class,ML-17395,United States,San Francisco,California,94122,West
CA-2017-137463,12/16/2017,12/20/2017,Second Class,KM-16225,United States,Sunnyvale,California,94086,West
CA-2014-124513,9/21/2014,9/25/2014,Standard Class,SL-20155,United States,New York City,New York,10011,East
CA-2015-165554,5/18/2015,5/22/2015,Standard Class,AJ-10780,United States,Los Angeles,California,90004,West
CA-2014-141838,3/26/2014,3/31/2014,Second Class,DK-12835,United States,San Francisco,California,94122,West
CA-2017-117009,9/22/2017,9/28/2017,Standard Class,BK-11260,United States,Santa Ana,California,92704,West
CA-2015-128993,9/12/2015,9/17/2015,Second Class,CC-12670,United States,Seattle,Washington,98103,West
CA-2015-160227,11/2/2015,11/4/2015,First Class,ED-13885,United States,New York City,New York,10011,East
CA-2015-149097,10/20/2015,10/24/2015,Standard Class,SV-20785,United States,Los Angeles,California,90045,West
CA-2016-132304,6/14/2016,6/18/2016,Standard Class,AR-10825,United States,Seattle,Washington,98103,West
CA-2015-136420,11/20/2015,11/21/2015,First Class,CS-12250,United States,San Diego,California,92024,West
CA-2016-101623,2/28/2016,3/6/2016,Standard Class,RR-19525,United States,New York City,New York,10035,East
US-2014-151015,10/14/2014,10/20/2014,Standard Class,BD-11500,United States,Chicago,Illinois,60653,Central
CA-2017-152968,5/26/2017,5/30/2017,Standard Class,BM-11785,United States,Harrisonburg,Virginia,22801,South
CA-2016-150077,2/4/2016,2/10/2016,Standard Class,MS-17365,United States,Rockville,Maryland,20852,East
CA-2016-106278,9/2/2016,9/5/2016,Second Class,BM-11140,United States,Des Moines,Washington,98198,West
CA-2017-147550,12/4/2017,12/5/2017,First Class,KE-16420,United States,Philadelphia,Pennsylvania,19134,East
CA-2015-136105,6/12/2015,6/16/2015,Standard Class,SZ-20035,United States,Columbus,Indiana,47201,Central
CA-2016-142524,9/4/2016,9/8/2016,Standard Class,MB-18085,United States,Springfield,Missouri,65807,Central
CA-2014-136336,4/21/2014,4/26/2014,Standard Class,DB-13555,United States,Henderson,Kentucky,42420,South
US-2015-136259,11/5/2015,11/8/2015,First Class,CB-12415,United States,Lakewood,Ohio,44107,East
US-2014-124625,11/3/2014,11/7/2014,Standard Class,SP-20650,United States,Omaha,Nebraska,68104,Central
CA-2016-108105,2/16/2016,2/23/2016,Standard Class,GW-14605,United States,Henderson,Kentucky,42420,South
CA-2017-166898,9/11/2017,9/13/2017,Second Class,KH-16630,United States,Santa Ana,California,92704,West
CA-2017-169005,11/2/2017,11/6/2017,Standard Class,BG-11035,United States,Springfield,Virginia,22153,South
CA-2015-104038,2/6/2015,2/8/2015,First Class,LO-17170,United States,Suffolk,Virginia,23434,South
CA-2016-126102,9/10/2016,9/12/2016,Second Class,DV-13465,United States,Los Angeles,California,90049,West
CA-2016-143406,9/26/2016,9/30/2016,Standard Class,LR-17035,United States,Houston,Texas,77041,Central
CA-2015-150308,12/15/2015,12/20/2015,Standard Class,RR-19525,United States,Cary,North Carolina,27511,South
CA-2016-131093,9/17/2016,9/20/2016,Second Class,TS-21610,United States,Springfield,Ohio,45503,East
US-2017-148831,10/13/2017,10/15/2017,First Class,AH-10210,United States,Louisville,Kentucky,40214,South
CA-2015-162950,6/28/2015,7/3/2015,Second Class,DW-13585,United States,Troy,Ohio,45373,East
US-2015-132836,6/1/2015,6/5/2015,Standard Class,AJ-10945,United States,Detroit,Michigan,48227,Central
US-2014-158365,4/12/2014,4/17/2014,Standard Class,SV-20785,United States,Bloomington,Indiana,47401,Central
CA-2017-152933,10/12/2017,10/16/2017,Standard Class,MG-17650,United States,Dallas,Texas,75081,Central
CA-2015-163181,11/7/2015,11/12/2015,Standard Class,AB-10105,United States,Houston,Texas,77041,Central
CA-2015-132941,5/25/2015,5/28/2015,First Class,MM-18280,United States,Haltom City,Texas,76117,Central
CA-2014-132010,10/13/2014,10/15/2014,First Class,MA-17995,United States,Richmond,Virginia,23223,South
CA-2016-135461,2/7/2016,2/10/2016,Second Class,EB-13975,United States,Los Angeles,California,90049,West
CA-2017-153045,1/19/2017,1/24/2017,Second Class,NS-18505,United States,Philadelphia,Pennsylvania,19140,East
US-2016-155971,6/6/2016,6/12/2016,Standard Class,RB-19795,United States,Los Angeles,California,90036,West
CA-2017-122007,3/18/2017,3/20/2017,Second Class,JK-15325,United States,Los Angeles,California,90032,West
CA-2017-162250,11/24/2017,11/24/2017,Same Day,PR-18880,United States,San Francisco,California,94109,West
US-2016-158288,11/26/2016,11/28/2016,Second Class,EH-13945,United States,Philadelphia,Pennsylvania,19120,East
CA-2016-128916,8/18/2016,8/20/2016,Second Class,MA-17560,United States,Houston,Texas,77070,Central
CA-2015-157028,11/28/2015,12/3/2015,Standard Class,MA-17995,United States,Las Cruces,New Mexico,88001,West
CA-2017-112473,5/25/2017,6/1/2017,Standard Class,JL-15505,United States,Houston,Texas,77070,Central
US-2017-147655,9/4/2017,9/5/2017,First Class,AS-10045,United States,Redmond,Oregon,97756,West
CA-2016-130911,3/24/2016,3/26/2016,Second Class,DC-12850,United States,Cleveland,Ohio,44105,East
CA-2017-100055,5/28/2017,6/1/2017,Standard Class,MD-17860,United States,Laurel,Maryland,20707,East
CA-2015-157805,8/31/2015,9/4/2015,Standard Class,RH-19510,United States,San Diego,California,92037,West
CA-2016-124254,4/12/2016,4/17/2016,Standard Class,TB-21175,United States,Wilson,North Carolina,27893,South
CA-2014-123400,2/2/2014,2/9/2014,Standard Class,EB-13930,United States,Saint Petersburg,Florida,33710,South
CA-2014-106971,9/2/2014,9/8/2014,Standard Class,BM-11785,United States,Buffalo Grove,Illinois,60089,Central
CA-2017-123029,9/30/2017,10/2/2017,Second Class,BT-11530,United States,Los Angeles,California,90049,West
CA-2016-139409,9/5/2016,9/7/2016,First Class,FW-14395,United States,New York City,New York,10011,East
US-2017-166688,5/20/2017,5/26/2017,Standard Class,RD-19480,United States,Las Vegas,Nevada,89115,West
CA-2015-126970,9/20/2015,9/24/2015,Standard Class,TP-21130,United States,Naperville,Illinois,60540,Central
US-2016-165505,1/23/2016,1/27/2016,Standard Class,CB-12535,United States,Burlington,Vermont,5408,East
US-2014-157070,6/1/2014,6/6/2014,Standard Class,QJ-19255,United States,Detroit,Michigan,48234,Central
US-2015-106873,9/24/2015,9/29/2015,Second Class,KM-16720,United States,Avondale,Arizona,85323,West
CA-2016-132990,8/1/2016,8/3/2016,Second Class,KM-16660,United States,Philadelphia,Pennsylvania,19140,East
CA-2014-102645,1/23/2014,1/28/2014,Standard Class,IM-15055,United States,Las Vegas,Nevada,89115,West
CA-2014-134215,8/4/2014,8/8/2014,Standard Class,ML-17395,United States,Bangor,Maine,4401,East
CA-2016-118934,8/9/2016,8/14/2016,Standard Class,GH-14410,United States,Hendersonville,Tennessee,37075,South
CA-2016-160108,12/8/2016,12/12/2016,Standard Class,AG-10900,United States,Eau Claire,Wisconsin,54703,Central
CA-2015-164007,6/8/2015,6/12/2015,Standard Class,MG-17695,United States,Chicago,Illinois,60610,Central
CA-2016-100300,6/24/2016,6/26/2016,Second Class,MJ-17740,United States,San Diego,California,92037,West
CA-2016-140571,3/15/2016,3/19/2016,Standard Class,SJ-20125,United States,Jackson,Mississippi,39212,South
US-2016-155768,12/1/2016,12/1/2016,Same Day,LB-16795,United States,Oxnard,California,93030,West
CA-2017-119424,6/12/2017,6/14/2017,Second Class,SB-20185,United States,Kent,Washington,98031,West
CA-2016-118178,3/19/2016,3/24/2016,Standard Class,CC-12610,United States,Nashville,Tennessee,37211,South
CA-2016-166618,11/14/2016,11/18/2016,Standard Class,DP-13000,United States,New York City,New York,10035,East
CA-2017-156776,8/7/2017,8/11/2017,Standard Class,JL-15505,United States,Westminster,California,92683,West
US-2015-130512,8/21/2015,8/25/2015,Standard Class,SM-20320,United States,Allentown,Pennsylvania,18103,East
CA-2015-141810,11/2/2015,11/7/2015,Standard Class,BB-10990,United States,San Antonio,Texas,78207,Central
CA-2014-146843,11/30/2014,12/6/2014,Standard Class,PB-19150,United States,Avondale,Arizona,85323,West
CA-2014-103310,5/10/2014,5/15/2014,Standard Class,GM-14680,United States,San Jose,California,95123,West
CA-2016-152688,10/17/2016,10/20/2016,First Class,NR-18550,United States,Perth Amboy,New Jersey,8861,East
CA-2016-153836,10/30/2016,11/3/2016,Standard Class,EH-13765,United States,New York City,New York,10011,East
CA-2016-104689,12/1/2016,12/5/2016,Standard Class,FH-14365,United States,Los Angeles,California,90004,West
CA-2016-146423,4/21/2016,4/21/2016,Same Day,BT-11680,United States,Milford,Connecticut,6460,East
CA-2017-140781,8/3/2017,8/7/2017,Standard Class,AB-10105,United States,Bloomington,Illinois,61701,Central
CA-2017-141747,8/3/2017,8/8/2017,Second Class,SC-20230,United States,Seattle,Washington,98105,West
CA-2017-142776,12/11/2017,12/14/2017,Second Class,RS-19870,United States,Burlington,Iowa,52601,Central
CA-2015-167479,3/14/2015,3/19/2015,Standard Class,AI-10855,United States,Roseville,California,95661,West
CA-2014-144071,12/8/2014,12/15/2014,Standard Class,DJ-13420,United States,San Francisco,California,94110,West
US-2017-120908,9/30/2017,10/2/2017,First Class,BF-10975,United States,Philadelphia,Pennsylvania,19120,East
CA-2016-152646,11/21/2016,11/26/2016,Standard Class,TH-21235,United States,Los Angeles,California,90049,West
CA-2017-103765,11/24/2017,11/30/2017,Standard Class,JG-15310,United States,Odessa,Texas,79762,Central
US-2017-118157,11/14/2017,11/17/2017,First Class,AW-10930,United States,Minneapolis,Minnesota,55407,Central
US-2015-164238,8/16/2015,8/20/2015,Standard Class,JW-15955,United States,Philadelphia,Pennsylvania,19120,East
CA-2017-103212,10/13/2017,10/14/2017,First Class,MH-18025,United States,Lafayette,Louisiana,70506,South
CA-2017-121160,11/4/2017,11/4/2017,Same Day,FM-14290,United States,Bryan,Texas,77803,Central
CA-2017-140515,3/19/2017,3/24/2017,Standard Class,GZ-14545,United States,Los Angeles,California,90008,West
CA-2014-153619,11/3/2014,11/3/2014,Same Day,TC-21535,United States,Los Angeles,California,90049,West
CA-2017-133718,7/23/2017,7/26/2017,First Class,TB-21520,United States,Los Angeles,California,90045,West
CA-2014-148383,12/27/2014,12/31/2014,Standard Class,RP-19390,United States,Phoenix,Arizona,85023,West
CA-2016-126732,9/2/2016,9/6/2016,Standard Class,LR-16915,United States,Los Angeles,California,90036,West
CA-2017-138156,2/11/2017,2/14/2017,First Class,MM-17260,United States,Columbus,Ohio,43229,East
CA-2017-110310,10/27/2017,11/2/2017,Standard Class,NB-18655,United States,Tallahassee,Florida,32303,South
CA-2014-113271,7/9/2014,7/14/2014,Standard Class,DS-13030,United States,San Francisco,California,94122,West
CA-2017-130106,5/22/2017,5/26/2017,Standard Class,VF-21715,United States,San Francisco,California,94109,West
CA-2016-127761,11/10/2016,11/14/2016,Standard Class,SW-20275,United States,New York City,New York,10009,East
CA-2016-105354,12/2/2016,12/6/2016,Standard Class,PW-19030,United States,Marion,Iowa,52302,Central
CA-2017-155712,3/2/2017,3/8/2017,Standard Class,KD-16615,United States,Los Angeles,California,90008,West
CA-2017-102309,9/23/2017,9/25/2017,Second Class,DO-13645,United States,Pine Bluff,Arkansas,71603,South
CA-2014-168368,2/11/2014,2/15/2014,Second Class,GA-14725,United States,Columbia,Missouri,65203,Central
CA-2017-167976,11/11/2017,11/14/2017,Second Class,JL-15505,United States,Aberdeen,South Dakota,57401,Central
CA-2017-111388,9/2/2017,9/2/2017,Same Day,SU-20665,United States,Seattle,Washington,98103,West
CA-2015-124499,10/9/2015,10/13/2015,Standard Class,FM-14380,United States,Detroit,Michigan,48227,Central
US-2017-128118,11/24/2017,12/1/2017,Standard Class,MY-17380,United States,Memphis,Tennessee,38109,South
CA-2014-125759,2/8/2014,2/9/2014,First Class,NM-18445,United States,North Las Vegas,Nevada,89031,West
CA-2015-151869,9/25/2015,9/25/2015,Same Day,CS-11950,United States,Freeport,New York,11520,East
US-2017-102183,8/21/2017,8/28/2017,Standard Class,PK-19075,United States,New York City,New York,10035,East
CA-2016-100510,5/12/2016,5/17/2016,Standard Class,HM-14860,United States,New York City,New York,10024,East
CA-2017-146983,9/2/2017,9/6/2017,Standard Class,AH-10210,United States,Henderson,Kentucky,42420,South
US-2014-134054,10/10/2014,10/10/2014,Same Day,FC-14335,United States,Albuquerque,New Mexico,87105,West
CA-2016-113236,5/26/2016,5/29/2016,Second Class,CP-12085,United States,Delray Beach,Florida,33445,South
CA-2017-122539,12/1/2017,12/5/2017,Standard Class,SC-20305,United States,Philadelphia,Pennsylvania,19140,East
CA-2016-166772,9/20/2016,9/24/2016,Standard Class,HJ-14875,United States,Seattle,Washington,98105,West
US-2017-152898,9/11/2017,9/15/2017,Standard Class,CB-12025,United States,Richmond,Virginia,23223,South
CA-2016-160486,12/30/2016,1/4/2017,Standard Class,EH-14185,United States,West Palm Beach,Florida,33407,South
CA-2017-102218,9/2/2017,9/4/2017,Second Class,LW-17215,United States,Fort Collins,Colorado,80525,West
CA-2014-161032,11/18/2014,11/23/2014,Standard Class,MK-17905,United States,Franklin,Wisconsin,53132,Central
CA-2015-102778,11/21/2015,11/24/2015,First Class,JH-15820,United States,Monroe,North Carolina,28110,South
CA-2017-154011,6/19/2017,6/26/2017,Standard Class,DB-13270,United States,Dallas,Texas,75081,Central
US-2017-165456,11/30/2017,12/3/2017,First Class,TB-21625,United States,Philadelphia,Pennsylvania,19134,East
CA-2014-111857,4/23/2014,4/26/2014,Second Class,NM-18445,United States,San Francisco,California,94109,West
CA-2014-163650,9/23/2014,9/25/2014,First Class,TT-21220,United States,Dover,Delaware,19901,East
CA-2017-124114,3/2/2017,3/2/2017,Same Day,RS-19765,United States,Waco,Texas,76706,Central
US-2017-116505,11/17/2017,11/21/2017,Second Class,TB-21625,United States,Hagerstown,Maryland,21740,East
CA-2017-161340,5/28/2017,6/1/2017,Standard Class,AM-10360,United States,Cleveland,Ohio,44105,East
US-2015-163433,4/18/2015,4/22/2015,Second Class,MP-17965,United States,Mcallen,Texas,78501,Central
CA-2015-137603,9/19/2015,9/24/2015,Standard Class,MH-17290,United States,Santa Fe,New Mexico,87505,West
CA-2014-128237,3/25/2014,3/30/2014,Standard Class,CA-12265,United States,San Francisco,California,94110,West
US-2016-102141,8/26/2016,8/31/2016,Standard Class,KD-16615,United States,New York City,New York,10024,East
CA-2017-148642,3/6/2017,3/12/2017,Standard Class,DW-13540,United States,Dallas,Texas,75220,Central
CA-2015-111948,11/11/2015,11/11/2015,Same Day,AG-10495,United States,Detroit,Michigan,48234,Central
CA-2016-161907,4/5/2016,4/9/2016,Standard Class,JH-16180,United States,Philadelphia,Pennsylvania,19140,East
CA-2017-124940,2/21/2017,2/26/2017,Standard Class,DK-13090,United States,Carrollton,Texas,75007,Central
US-2017-108343,7/20/2017,7/25/2017,Standard Class,AR-10825,United States,New York City,New York,10009,East
US-2016-111563,11/4/2016,11/8/2016,Standard Class,SM-20005,United States,Houston,Texas,77041,Central
CA-2017-121853,9/23/2017,9/29/2017,Standard Class,DB-13660,United States,Los Angeles,California,90036,West
US-2017-130687,9/7/2017,9/10/2017,First Class,PF-19225,United States,Edmonds,Washington,98026,West
CA-2015-164497,11/28/2015,11/30/2015,First Class,AJ-10945,United States,San Francisco,California,94110,West
US-2015-153283,11/12/2015,11/18/2015,Standard Class,EB-14110,United States,New York City,New York,10035,East
CA-2016-108056,9/29/2016,10/3/2016,Standard Class,ES-14080,United States,Springfield,Oregon,97477,West
CA-2017-127726,9/11/2017,9/13/2017,Second Class,SS-20410,United States,Georgetown,Kentucky,40324,South
CA-2017-110198,5/1/2017,5/2/2017,First Class,AG-10900,United States,Coral Springs,Florida,33065,South
CA-2017-130715,9/16/2017,9/20/2017,Standard Class,CY-12745,United States,San Francisco,California,94110,West
CA-2014-155264,10/19/2014,10/22/2014,Second Class,RP-19270,United States,San Francisco,California,94110,West
CA-2016-119123,3/13/2016,3/18/2016,Standard Class,DB-13360,United States,Riverside,California,92503,West
CA-2017-109085,2/17/2017,2/20/2017,First Class,CK-12325,United States,Troy,Ohio,45373,East
CA-2016-114860,12/22/2016,12/28/2016,Standard Class,DN-13690,United States,Moreno Valley,California,92553,West
CA-2016-159009,9/23/2016,9/27/2016,Standard Class,DP-13105,United States,Seattle,Washington,98115,West
CA-2017-148411,9/24/2017,9/26/2017,First Class,RO-19780,United States,Chicago,Illinois,60623,Central
CA-2015-110324,12/1/2015,12/5/2015,Standard Class,MA-17560,United States,Jackson,Michigan,49201,Central
CA-2016-168046,1/25/2016,1/28/2016,Second Class,JD-15895,United States,New York City,New York,10024,East
CA-2017-111591,3/21/2017,3/25/2017,Standard Class,PS-18970,United States,Seattle,Washington,98105,West
US-2014-166828,8/22/2014,8/25/2014,First Class,JF-15415,United States,Saint Charles,Missouri,63301,Central
CA-2014-108147,6/8/2014,6/13/2014,Standard Class,RD-19480,United States,Long Beach,New York,11561,East
CA-2016-154998,4/7/2016,4/9/2016,First Class,ES-14080,United States,Lakewood,New Jersey,8701,East
CA-2017-113460,11/7/2017,11/9/2017,Second Class,KN-16390,United States,Clinton,Maryland,20735,East
CA-2015-111339,5/29/2015,5/31/2015,First Class,VP-21760,United States,Columbus,Ohio,43229,East
CA-2017-102820,5/7/2017,5/11/2017,Standard Class,CS-11950,United States,Pasadena,California,91104,West
CA-2016-149671,6/5/2016,6/9/2016,Standard Class,KB-16600,United States,Seattle,Washington,98105,West
CA-2015-126347,12/14/2015,12/19/2015,Second Class,AJ-10945,United States,Los Angeles,California,90045,West
CA-2017-108756,12/25/2017,12/29/2017,Standard Class,PO-18865,United States,East Orange,New Jersey,7017,East
CA-2017-155362,12/17/2017,12/21/2017,Standard Class,DP-13105,United States,Eau Claire,Wisconsin,54703,Central
CA-2016-117625,5/10/2016,5/15/2016,Standard Class,GM-14500,United States,Chicago,Illinois,60610,Central
CA-2014-154158,12/23/2014,12/27/2014,Second Class,CC-12670,United States,Tampa,Florida,33614,South
CA-2017-100433,8/11/2017,8/16/2017,Standard Class,SJ-20125,United States,New York City,New York,10009,East
CA-2017-163097,8/27/2017,8/31/2017,Standard Class,SF-20200,United States,Mesa,Arizona,85204,West
US-2017-127292,1/19/2017,1/23/2017,Standard Class,RM-19375,United States,Burlington,Vermont,5408,East
CA-2015-163734,6/19/2015,6/24/2015,Standard Class,KM-16375,United States,Houston,Texas,77070,Central
CA-2017-162474,3/13/2017,3/16/2017,First Class,FH-14275,United States,Aurora,Illinois,60505,Central
CA-2015-130848,10/25/2015,10/25/2015,Same Day,DG-13300,United States,Denver,Colorado,80219,West
CA-2014-125997,9/20/2014,9/23/2014,First Class,MW-18220,United States,New York City,New York,10011,East
CA-2016-103128,11/11/2016,11/15/2016,Standard Class,SC-20845,United States,Arlington Heights,Illinois,60004,Central
CA-2015-167696,9/16/2015,9/21/2015,Standard Class,BD-11500,United States,Newport News,Virginia,23602,South
CA-2014-159814,6/24/2014,6/28/2014,Standard Class,LP-17080,United States,Tucson,Arizona,85705,West
CA-2016-105459,8/12/2016,8/17/2016,Second Class,NP-18700,United States,New York City,New York,10024,East
CA-2017-141663,4/13/2017,4/17/2017,Standard Class,DP-13105,United States,Philadelphia,Pennsylvania,19134,East
CA-2014-152618,3/14/2014,3/17/2014,First Class,RB-19465,United States,Chicago,Illinois,60653,Central
CA-2017-162789,9/22/2017,9/24/2017,Second Class,LC-17140,United States,New York City,New York,10035,East
US-2017-110149,12/10/2017,12/13/2017,First Class,WB-21850,United States,Philadelphia,Pennsylvania,19143,East
CA-2016-108959,3/10/2016,3/14/2016,Second Class,MH-17785,United States,Glendale,Arizona,85301,West
CA-2015-164777,1/27/2015,1/29/2015,First Class,SC-20305,United States,Los Angeles,California,90036,West
CA-2016-132017,9/26/2016,9/27/2016,First Class,MH-17620,United States,Houston,Texas,77041,Central
CA-2015-127824,10/18/2015,10/22/2015,Standard Class,JC-15775,United States,Seattle,Washington,98115,West
CA-2014-148285,10/27/2014,11/1/2014,Standard Class,RD-19810,United States,Fayetteville,North Carolina,28314,South
CA-2017-152926,10/2/2017,10/4/2017,Second Class,SC-20695,United States,Houston,Texas,77041,Central
CA-2014-145254,7/23/2014,7/27/2014,Standard Class,NC-18535,United States,San Francisco,California,94122,West
CA-2014-116246,9/12/2014,9/17/2014,Second Class,LW-17215,United States,New York City,New York,10035,East
CA-2016-160479,9/15/2016,9/20/2016,Standard Class,AH-10585,United States,Seattle,Washington,98105,West
CA-2014-167486,11/27/2014,12/1/2014,Standard Class,JO-15145,United States,Buffalo,New York,14215,East
CA-2014-152100,5/11/2014,5/16/2014,Standard Class,VW-21775,United States,Huntsville,Texas,77340,Central
CA-2015-166219,8/28/2015,9/1/2015,Standard Class,BP-11185,United States,Dallas,Texas,75081,Central
CA-2015-111864,6/19/2015,6/19/2015,Same Day,PP-18955,United States,Philadelphia,Pennsylvania,19134,East
CA-2015-119627,8/17/2015,8/23/2015,Standard Class,SC-20725,United States,Peoria,Arizona,85345,West
CA-2015-160787,9/25/2015,9/25/2015,Same Day,BM-11785,United States,Philadelphia,Pennsylvania,19143,East
CA-2017-107853,5/26/2017,5/31/2017,Standard Class,CD-11920,United States,Oceanside,California,92054,West
CA-2017-126144,7/31/2017,8/5/2017,Standard Class,GM-14680,United States,Philadelphia,Pennsylvania,19134,East
US-2014-154655,10/12/2014,10/17/2014,Standard Class,BP-11050,United States,Chicago,Illinois,60623,Central
CA-2014-100391,5/25/2014,5/29/2014,Standard Class,BW-11065,United States,New York City,New York,10035,East
CA-2014-165477,12/29/2014,12/31/2014,Second Class,RE-19405,United States,Kent,Ohio,44240,East
CA-2017-165904,4/7/2017,4/11/2017,Standard Class,HR-14770,United States,Jacksonville,Florida,32216,South
CA-2015-104052,3/1/2015,3/2/2015,First Class,TP-21565,United States,Coppell,Texas,75019,Central
CA-2015-168277,5/29/2015,6/3/2015,Standard Class,KB-16315,United States,Indianapolis,Indiana,46203,Central
CA-2016-158617,9/22/2016,9/28/2016,Standard Class,AC-10660,United States,Lawrence,Indiana,46226,Central
CA-2017-136882,5/27/2017,6/3/2017,Standard Class,DN-13690,United States,Tulsa,Oklahoma,74133,Central
US-2016-148957,9/17/2016,9/23/2016,Standard Class,CC-12430,United States,Redmond,Washington,98052,West
CA-2014-140032,9/8/2014,9/13/2014,Standard Class,TS-21340,United States,San Francisco,California,94109,West
CA-2017-145506,6/3/2017,6/7/2017,Standard Class,MO-17800,United States,Spokane,Washington,99207,West
CA-2015-129546,9/28/2015,10/5/2015,Standard Class,RP-19855,United States,Los Angeles,California,90032,West
CA-2016-140977,6/16/2016,6/19/2016,Second Class,JL-15175,United States,Chattanooga,Tennessee,37421,South
CA-2017-151855,5/27/2017,6/3/2017,Standard Class,BW-11110,United States,Greensboro,North Carolina,27405,South
CA-2014-138240,10/9/2014,10/14/2014,Standard Class,SJ-20500,United States,San Francisco,California,94122,West
CA-2014-101833,11/17/2014,11/22/2014,Second Class,FG-14260,United States,New York City,New York,10024,East
CA-2014-100867,10/19/2014,10/24/2014,Standard Class,EH-14125,United States,Lakewood,California,90712,West
US-2017-109610,11/25/2017,11/30/2017,Second Class,BS-11590,United States,Louisville,Kentucky,40214,South
CA-2014-156545,2/27/2014,3/3/2014,First Class,JS-16030,United States,Columbus,Ohio,43229,East
CA-2014-109127,12/21/2014,12/25/2014,Standard Class,JC-15775,United States,Newark,Delaware,19711,East
CA-2016-126858,11/19/2016,11/23/2016,Standard Class,JM-15265,United States,Seattle,Washington,98115,West
CA-2017-102925,11/5/2017,11/10/2017,Second Class,CD-12280,United States,New York City,New York,10024,East
CA-2015-100818,5/31/2015,6/5/2015,Second Class,JM-15265,United States,Chicago,Illinois,60653,Central
CA-2014-126193,9/7/2014,9/14/2014,Standard Class,SS-20410,United States,Oswego,Illinois,60543,Central
CA-2017-150504,11/6/2017,11/12/2017,Standard Class,HG-14845,United States,Dallas,Texas,75220,Central
CA-2015-158351,6/20/2015,6/24/2015,Second Class,BC-11125,United States,Philadelphia,Pennsylvania,19134,East
CA-2014-122679,7/22/2014,7/28/2014,Standard Class,AB-10255,United States,Los Angeles,California,90008,West
CA-2016-164770,12/2/2016,12/4/2016,Second Class,MY-18295,United States,Houston,Texas,77036,Central
CA-2017-130505,10/12/2017,10/12/2017,Same Day,NF-18385,United States,Wheeling,West Virginia,26003,East
US-2017-125213,12/11/2017,12/13/2017,First Class,NB-18655,United States,Paterson,New Jersey,7501,East
CA-2015-156566,10/1/2015,10/4/2015,First Class,EM-13960,United States,Portland,Oregon,97206,West
US-2016-102232,8/5/2016,8/11/2016,Standard Class,MF-17665,United States,Huntsville,Alabama,35810,South
CA-2017-111738,1/3/2017,1/7/2017,Standard Class,CM-12385,United States,San Francisco,California,94110,West
CA-2017-163188,11/7/2017,11/7/2017,Same Day,EC-14050,United States,Oklahoma City,Oklahoma,73120,Central
CA-2016-105207,1/3/2016,1/8/2016,Standard Class,BO-11350,United States,Broken Arrow,Oklahoma,74012,Central
US-2016-123610,5/12/2016,5/16/2016,Standard Class,VM-21835,United States,Mission Viejo,California,92691,West
CA-2017-118213,11/5/2017,11/7/2017,First Class,AB-10060,United States,Greenwood,Indiana,46142,Central
CA-2016-149237,5/26/2016,5/30/2016,Standard Class,CM-12235,United States,Milwaukee,Wisconsin,53209,Central
US-2015-158589,11/20/2015,11/24/2015,Standard Class,KW-16570,United States,San Francisco,California,94109,West
CA-2016-101329,4/22/2016,4/29/2016,Standard Class,MM-17920,United States,Rome,New York,13440,East
CA-2016-113607,10/14/2016,10/18/2016,Standard Class,PW-19030,United States,New York City,New York,10009,East
CA-2014-149104,4/5/2014,4/7/2014,Second Class,RD-19900,United States,Dearborn Heights,Michigan,48127,Central
CA-2016-105263,8/6/2016,8/11/2016,Standard Class,LM-17065,United States,New York City,New York,10024,East
CA-2014-130575,12/14/2014,12/16/2014,First Class,CS-11845,United States,Chicago,Illinois,60623,Central
CA-2017-142461,5/30/2017,6/3/2017,Second Class,KT-16480,United States,Dallas,Texas,75217,Central
CA-2016-125220,10/14/2016,10/19/2016,Standard Class,BE-11410,United States,Appleton,Wisconsin,54915,Central
CA-2014-100293,3/14/2014,3/18/2014,Standard Class,NF-18475,United States,Jacksonville,Florida,32216,South
CA-2014-154165,2/17/2014,2/24/2014,Standard Class,DL-13315,United States,Chicago,Illinois,60653,Central
CA-2015-123939,8/24/2015,8/26/2015,Second Class,MS-17710,United States,Bowling Green,Ohio,43402,East
US-2017-104451,5/8/2017,5/12/2017,Second Class,MM-18055,United States,San Francisco,California,94110,West
CA-2016-101189,2/4/2016,2/9/2016,Standard Class,JB-15400,United States,Los Angeles,California,90049,West
CA-2014-169446,12/19/2014,12/25/2014,Standard Class,SG-20605,United States,Chicago,Illinois,60623,Central
CA-2017-156958,12/5/2017,12/6/2017,First Class,PB-18805,United States,Seattle,Washington,98115,West
CA-2017-101637,3/24/2017,3/25/2017,Same Day,AC-10615,United States,Beaumont,Texas,77705,Central
CA-2017-111759,7/8/2017,7/12/2017,Standard Class,MR-17545,United States,Seattle,Washington,98103,West
CA-2017-102729,10/26/2017,10/31/2017,Standard Class,BF-11215,United States,Dallas,Texas,75217,Central
CA-2016-116596,10/27/2016,10/31/2016,Standard Class,BW-11200,United States,New York City,New York,10011,East
CA-2017-124191,6/12/2017,6/14/2017,Second Class,TS-21610,United States,Chicago,Illinois,60610,Central
CA-2016-148747,9/25/2016,9/27/2016,First Class,AS-10045,United States,San Francisco,California,94110,West
US-2017-169488,9/7/2017,9/9/2017,First Class,AA-10375,United States,Providence,Rhode Island,2908,East
CA-2015-135727,5/11/2015,5/16/2015,Second Class,PS-18970,United States,Phoenix,Arizona,85023,West
CA-2015-135251,8/6/2015,8/10/2015,Standard Class,RP-19270,United States,Houston,Texas,77095,Central
CA-2014-166590,10/29/2014,11/2/2014,Standard Class,NC-18625,United States,Columbus,Indiana,47201,Central
CA-2016-131744,6/18/2016,6/20/2016,Second Class,SC-20770,United States,Philadelphia,Pennsylvania,19134,East
CA-2015-160864,5/3/2015,5/6/2015,First Class,NF-18595,United States,San Jose,California,95123,West
CA-2015-147690,11/10/2015,11/14/2015,Standard Class,SC-20020,United States,Philadelphia,Pennsylvania,19140,East
CA-2015-163923,5/30/2015,6/3/2015,Standard Class,BD-11560,United States,Springfield,Virginia,22153,South
CA-2016-125724,9/22/2016,9/27/2016,Standard Class,SM-20950,United States,Broomfield,Colorado,80020,West
CA-2015-111612,11/28/2015,12/2/2015,Standard Class,EB-14110,United States,Columbus,Ohio,43229,East
CA-2015-156853,12/3/2015,12/5/2015,Second Class,HP-14815,United States,Concord,New Hampshire,3301,East
CA-2014-103086,10/17/2014,10/19/2014,Second Class,EB-14170,United States,Houston,Texas,77095,Central
CA-2016-129280,5/3/2016,5/5/2016,First Class,SM-20905,United States,Newark,Ohio,43055,East
CA-2015-161242,6/1/2015,6/8/2015,Standard Class,CG-12040,United States,Los Angeles,California,90045,West
CA-2014-130428,3/31/2014,3/31/2014,Same Day,TG-21640,United States,Tampa,Florida,33614,South
CA-2017-104388,7/5/2017,7/7/2017,First Class,DK-12835,United States,Fremont,Nebraska,68025,Central
CA-2015-113131,9/24/2015,9/24/2015,Same Day,MB-17305,United States,Columbus,Ohio,43229,East
CA-2015-148495,8/13/2015,8/13/2015,Same Day,SF-20065,United States,Pomona,California,91767,West
CA-2015-143147,5/26/2015,5/28/2015,Second Class,PS-18760,United States,San Antonio,Texas,78207,Central
CA-2017-152975,9/14/2017,9/16/2017,First Class,RB-19705,United States,New York City,New York,10035,East
CA-2016-107475,6/7/2016,6/11/2016,Standard Class,RS-19870,United States,Philadelphia,Pennsylvania,19120,East
CA-2017-116127,6/25/2017,6/27/2017,Second Class,SB-20185,United States,New York City,New York,10024,East
CA-2017-132584,8/26/2017,8/27/2017,First Class,HJ-14875,United States,Detroit,Michigan,48234,Central
CA-2016-160598,8/26/2016,8/28/2016,First Class,SV-20815,United States,Miami,Florida,33142,South
CA-2016-108630,11/18/2016,11/18/2016,Same Day,BE-11410,United States,Concord,California,94521,West
US-2017-129203,4/17/2017,4/22/2017,Standard Class,BM-11575,United States,Chicago,Illinois,60653,Central
CA-2017-110940,7/23/2017,7/28/2017,Standard Class,AZ-10750,United States,Wheeling,Illinois,60090,Central
CA-2014-119172,5/11/2014,5/15/2014,Standard Class,HD-14785,United States,Chicago,Illinois,60610,Central
US-2016-105452,7/28/2016,8/1/2016,Standard Class,BF-11005,United States,Pasadena,Texas,77506,Central
CA-2017-108931,9/14/2017,9/19/2017,Standard Class,HZ-14950,United States,New York City,New York,10024,East
CA-2017-104619,1/24/2017,1/29/2017,Standard Class,KD-16495,United States,San Jose,California,95123,West
CA-2015-149517,9/19/2015,9/23/2015,Standard Class,FC-14245,United States,Sacramento,California,95823,West
CA-2015-116841,4/14/2015,4/18/2015,Standard Class,TP-21130,United States,Springfield,Oregon,97477,West
CA-2017-107797,5/8/2017,5/11/2017,Second Class,EB-13705,United States,Mansfield,Texas,76063,Central
CA-2016-117604,9/4/2016,9/9/2016,Standard Class,JP-15520,United States,Jonesboro,Arkansas,72401,South
CA-2014-130155,5/19/2014,5/22/2014,First Class,TD-20995,United States,Virginia Beach,Virginia,23464,South
CA-2016-129861,6/17/2016,6/23/2016,Standard Class,DM-13345,United States,Rochester,New York,14609,East
CA-2015-138625,11/2/2015,11/5/2015,First Class,EG-13900,United States,Chesapeake,Virginia,23320,South
US-2017-122672,11/4/2017,11/9/2017,Standard Class,HG-14965,United States,Lancaster,Ohio,43130,East
CA-2017-117128,12/5/2017,12/8/2017,Second Class,BF-11080,United States,New York City,New York,10024,East
CA-2016-130638,5/16/2016,5/19/2016,Second Class,SC-20095,United States,Los Angeles,California,90045,West
CA-2017-144365,10/24/2017,10/30/2017,Standard Class,CS-11950,United States,Jackson,Mississippi,39212,South
CA-2016-110086,9/18/2016,9/22/2016,Standard Class,BD-11320,United States,Woodland,California,95695,West
CA-2014-128524,11/11/2014,11/13/2014,First Class,MZ-17515,United States,Seattle,Washington,98115,West
CA-2016-140256,8/22/2016,8/29/2016,Standard Class,PW-19030,United States,Los Angeles,California,90049,West
CA-2017-160633,11/16/2017,11/21/2017,Standard Class,BS-11380,United States,Bowling Green,Ohio,43402,East
CA-2014-115133,9/26/2014,9/30/2014,Standard Class,DA-13450,United States,Lancaster,Ohio,43130,East
CA-2017-137449,6/29/2017,6/30/2017,First Class,ME-17725,United States,Dallas,Texas,75220,Central
CA-2017-103520,9/23/2017,9/25/2017,First Class,MH-17785,United States,Lubbock,Texas,79424,Central
CA-2014-139283,11/23/2014,11/27/2014,Standard Class,BT-11440,United States,Detroit,Michigan,48227,Central
CA-2014-118192,1/13/2014,1/18/2014,Standard Class,MM-17920,United States,Newark,Ohio,43055,East
CA-2016-168844,5/31/2016,6/6/2016,Standard Class,NM-18520,United States,New York City,New York,10011,East
CA-2017-154809,2/13/2017,2/17/2017,Standard Class,MH-17455,United States,Minneapolis,Minnesota,55407,Central
CA-2014-151330,10/14/2014,10/17/2014,First Class,TC-21295,United States,Everett,Massachusetts,2149,East
CA-2014-124702,11/18/2014,11/25/2014,Standard Class,MH-17785,United States,Seattle,Washington,98105,West
US-2017-125808,11/12/2017,11/15/2017,Second Class,EP-13915,United States,Los Angeles,California,90032,West
CA-2015-116638,1/28/2015,1/31/2015,Second Class,JH-15985,United States,Concord,North Carolina,28027,South
CA-2014-104563,3/7/2014,3/12/2014,Standard Class,CM-12715,United States,Seattle,Washington,98103,West
US-2017-107979,6/8/2017,6/13/2017,Standard Class,FO-14305,United States,Glendale,Arizona,85301,West
CA-2014-150518,11/19/2014,11/24/2014,Standard Class,MW-18220,United States,Coon Rapids,Minnesota,55433,Central
CA-2016-107104,11/26/2016,11/30/2016,Standard Class,MS-17365,United States,Los Angeles,California,90045,West
CA-2017-161893,1/23/2017,1/27/2017,Standard Class,HP-14815,United States,Tucson,Arizona,85705,West
CA-2014-156160,9/22/2014,9/29/2014,Standard Class,AS-10090,United States,New York City,New York,10035,East
CA-2014-100860,3/26/2014,3/30/2014,Second Class,CS-12505,United States,Pomona,California,91767,West
CA-2016-160717,6/6/2016,6/11/2016,Standard Class,ME-17320,United States,Santa Barbara,California,93101,West
CA-2017-132619,8/31/2017,9/5/2017,Standard Class,MS-17770,United States,San Francisco,California,94109,West
US-2015-120957,12/7/2015,12/7/2015,Same Day,KH-16690,United States,Riverside,California,92503,West
CA-2017-157448,11/16/2017,11/20/2017,Standard Class,LC-16885,United States,Los Angeles,California,90049,West
CA-2016-126270,4/23/2016,4/27/2016,Standard Class,AF-10870,United States,San Clemente,California,92672,West
CA-2017-145275,4/2/2017,4/6/2017,Standard Class,AH-10465,United States,Decatur,Alabama,35601,South
CA-2015-133396,8/13/2015,8/15/2015,First Class,GK-14620,United States,Greensboro,North Carolina,27405,South
US-2017-140312,11/13/2017,11/19/2017,Standard Class,KL-16645,United States,Dublin,California,94568,West
CA-2016-114867,12/23/2016,12/28/2016,Standard Class,FM-14290,United States,Philadelphia,Pennsylvania,19143,East
US-2014-164644,7/22/2014,7/24/2014,Second Class,JL-15850,United States,Houston,Texas,77095,Central
CA-2016-137393,5/6/2016,5/10/2016,Standard Class,GM-14500,United States,Bakersfield,California,93309,West
US-2014-120175,11/28/2014,12/3/2014,Standard Class,MC-17635,United States,Richmond,Indiana,47374,Central
CA-2016-144785,4/18/2016,4/23/2016,Standard Class,CS-12490,United States,New York City,New York,10009,East
CA-2015-130113,12/27/2015,12/31/2015,Standard Class,AH-10030,United States,San Francisco,California,94122,West
CA-2017-122770,12/13/2017,12/18/2017,Standard Class,EP-13915,United States,San Francisco,California,94122,West
CA-2017-118668,1/2/2017,1/4/2017,Second Class,FW-14395,United States,Los Angeles,California,90032,West
CA-2017-116498,5/30/2017,6/3/2017,Standard Class,KA-16525,United States,San Diego,California,92037,West
US-2017-130603,9/30/2017,10/6/2017,Standard Class,SC-20050,United States,Arlington,Texas,76017,Central
US-2017-135986,6/20/2017,6/27/2017,Standard Class,PG-18895,United States,Richmond,Virginia,23223,South
CA-2017-140536,4/4/2017,4/5/2017,First Class,TA-21385,United States,New York City,New York,10035,East
CA-2015-130183,11/13/2015,11/17/2015,Standard Class,PO-18850,United States,Houston,Texas,77041,Central
CA-2015-107902,8/28/2015,9/2/2015,Standard Class,SM-20950,United States,Fairfield,Connecticut,6824,East
CA-2017-130148,9/24/2017,9/28/2017,Second Class,NK-18490,United States,San Francisco,California,94110,West
US-2016-151260,12/11/2016,12/14/2016,First Class,SC-20695,United States,Springfield,Ohio,45503,East
CA-2014-144281,6/10/2014,6/15/2014,Second Class,HK-14890,United States,Detroit,Michigan,48234,Central
CA-2016-122511,3/11/2016,3/11/2016,Same Day,BT-11485,United States,Philadelphia,Pennsylvania,19140,East
CA-2017-154116,12/15/2017,12/19/2017,Standard Class,KM-16660,United States,Inglewood,California,90301,West
CA-2016-105291,10/30/2016,11/4/2016,Standard Class,SP-20920,United States,San Luis Obispo,California,93405,West
CA-2017-147032,7/31/2017,8/4/2017,Standard Class,LB-16795,United States,Wilmington,Delaware,19805,East
CA-2017-125990,10/19/2017,10/23/2017,Standard Class,JS-16030,United States,San Francisco,California,94122,West
CA-2016-161746,10/21/2016,10/27/2016,Standard Class,CS-11950,United States,Los Angeles,California,90045,West
CA-2014-114251,11/5/2014,11/10/2014,Standard Class,MD-17350,United States,Philadelphia,Pennsylvania,19143,East
CA-2016-116379,11/7/2016,11/12/2016,Standard Class,LD-17005,United States,San Francisco,California,94122,West
US-2016-144477,8/12/2016,8/14/2016,Second Class,DB-13270,United States,Philadelphia,Pennsylvania,19134,East
CA-2016-108210,5/30/2016,5/31/2016,Same Day,AT-10735,United States,Houston,Texas,77041,Central
CA-2017-166835,11/12/2017,11/14/2017,Second Class,DK-13375,United States,Lancaster,Pennsylvania,17602,East
CA-2016-119641,9/22/2016,9/26/2016,Standard Class,CS-12250,United States,Green Bay,Wisconsin,54302,Central
CA-2016-105781,2/16/2016,2/20/2016,Standard Class,JF-15565,United States,New York City,New York,10024,East
CA-2014-101364,12/22/2014,12/26/2014,Standard Class,TW-21025,United States,New York City,New York,10011,East
CA-2015-117898,12/5/2015,12/11/2015,Standard Class,TB-21250,United States,Bloomington,Illinois,61701,Central
CA-2017-142293,9/17/2017,9/20/2017,First Class,SC-20380,United States,Boise,Idaho,83704,West
CA-2017-167395,12/2/2017,12/4/2017,First Class,KM-16720,United States,Lowell,Massachusetts,1852,East
CA-2014-111962,9/29/2014,10/4/2014,Standard Class,EB-14170,United States,Seattle,Washington,98115,West
CA-2017-124261,11/14/2017,11/19/2017,Standard Class,JE-15715,United States,Los Angeles,California,90049,West
CA-2014-114321,8/20/2014,8/25/2014,Standard Class,NC-18535,United States,Hampton,Virginia,23666,South
CA-2014-128062,11/19/2014,11/22/2014,Second Class,AD-10180,United States,Philadelphia,Pennsylvania,19134,East
US-2015-100069,6/29/2015,7/3/2015,Standard Class,NF-18475,United States,Omaha,Nebraska,68104,Central
CA-2017-129294,3/16/2017,3/21/2017,Standard Class,KD-16615,United States,Los Angeles,California,90032,West
CA-2015-117086,11/8/2015,11/12/2015,Standard Class,QJ-19255,United States,Burlington,Vermont,5408,East
CA-2017-131303,11/28/2017,12/2/2017,Standard Class,EP-13915,United States,San Diego,California,92037,West
CA-2016-137127,6/16/2016,6/22/2016,Standard Class,JJ-15445,United States,Newark,Delaware,19711,East
CA-2017-141782,1/21/2017,1/25/2017,Standard Class,BE-11410,United States,Aurora,Illinois,60505,Central
CA-2017-137505,11/24/2017,11/24/2017,Same Day,BP-11290,United States,Los Angeles,California,90008,West
US-2014-140914,11/11/2014,11/15/2014,Standard Class,BH-11710,United States,Chicago,Illinois,60653,Central
CA-2016-158358,3/4/2016,3/8/2016,Standard Class,EM-13810,United States,Dover,New Hampshire,3820,East
CA-2016-113390,10/11/2016,10/15/2016,Standard Class,EP-13915,United States,Chicago,Illinois,60610,Central
US-2016-158680,7/1/2016,7/2/2016,First Class,NZ-18565,United States,Seattle,Washington,98115,West
CA-2017-113705,3/27/2017,3/29/2017,Second Class,LC-16870,United States,Richmond,Virginia,23223,South
CA-2016-146913,10/31/2016,11/5/2016,Standard Class,SF-20965,United States,San Francisco,California,94109,West
CA-2017-159135,11/4/2017,11/8/2017,Standard Class,KM-16375,United States,Springdale,Arkansas,72762,South
CA-2014-121762,2/14/2014,2/18/2014,Standard Class,ML-17395,United States,Seattle,Washington,98103,West
CA-2014-123855,6/18/2014,6/23/2014,Standard Class,MC-18100,United States,Los Angeles,California,90036,West
CA-2017-101959,2/28/2017,3/6/2017,Standard Class,DB-13660,United States,Middletown,Connecticut,6457,East
CA-2017-102659,12/9/2017,12/15/2017,Standard Class,LW-17215,United States,Grand Rapids,Michigan,49505,Central
CA-2017-142328,12/7/2017,12/14/2017,Standard Class,TC-21535,United States,San Francisco,California,94122,West
CA-2016-123533,11/24/2016,11/30/2016,Standard Class,SC-20050,United States,Hialeah,Florida,33012,South
CA-2016-104983,7/3/2016,7/3/2016,Same Day,FM-14215,United States,Philadelphia,Pennsylvania,19143,East
CA-2016-160234,6/26/2016,7/3/2016,Standard Class,PF-19225,United States,Atlanta,Georgia,30318,South
CA-2014-169019,7/26/2014,7/30/2014,Standard Class,LF-17185,United States,San Antonio,Texas,78207,Central
CA-2016-153178,9/14/2016,9/18/2016,Standard Class,CL-12565,United States,Long Beach,New York,11561,East
CA-2015-149748,5/31/2015,6/2/2015,Second Class,EM-13825,United States,Paterson,New Jersey,7501,East
CA-2015-155635,5/9/2015,5/13/2015,Standard Class,ME-17725,United States,Louisville,Kentucky,40214,South
US-2014-114377,11/5/2014,11/5/2014,Same Day,BG-11035,United States,Hampton,Virginia,23666,South
CA-2017-144491,3/27/2017,4/1/2017,Standard Class,CJ-12010,United States,Houston,Texas,77070,Central
CA-2014-127166,5/21/2014,5/23/2014,Second Class,KH-16360,United States,Houston,Texas,77070,Central
CA-2016-125920,5/21/2016,5/28/2016,Standard Class,SH-19975,United States,Chicago,Illinois,60610,Central
CA-2015-128608,1/12/2015,1/17/2015,Standard Class,CS-12490,United States,Toledo,Ohio,43615,East
CA-2017-137918,9/29/2017,10/6/2017,Standard Class,JK-15730,United States,Lodi,California,95240,West
CA-2015-122973,7/18/2015,7/20/2015,Second Class,PJ-19015,United States,New York City,New York,10024,East
CA-2016-136322,10/21/2016,10/26/2016,Standard Class,AP-10720,United States,Fort Lauderdale,Florida,33311,South
CA-2017-107209,7/27/2017,8/1/2017,Second Class,JW-15955,United States,Raleigh,North Carolina,27604,South
CA-2017-145093,7/21/2017,7/26/2017,Standard Class,PT-19090,United States,Chicago,Illinois,60623,Central
US-2014-139640,11/7/2014,11/11/2014,Second Class,TB-21595,United States,Portland,Oregon,97206,West
CA-2016-117583,11/27/2016,11/30/2016,First Class,CB-12025,United States,East Orange,New Jersey,7017,East
CA-2015-162201,6/8/2015,6/12/2015,Standard Class,AG-10495,United States,Saint Petersburg,Florida,33710,South
US-2014-164406,8/15/2014,8/19/2014,Standard Class,BD-11605,United States,San Francisco,California,94122,West
CA-2017-169999,6/19/2017,6/26/2017,Standard Class,JS-15685,United States,New York City,New York,10035,East
US-2017-152842,7/16/2017,7/23/2017,Standard Class,NF-18385,United States,Charlotte,North Carolina,28205,South
CA-2014-113257,12/16/2014,12/18/2014,Second Class,SC-20305,United States,Beaumont,Texas,77705,Central
CA-2014-133963,5/18/2014,5/22/2014,Second Class,GA-14515,United States,Dallas,Texas,75220,Central
CA-2017-130302,9/14/2017,9/19/2017,Standard Class,CY-12745,United States,Springfield,Ohio,45503,East
CA-2016-126627,10/10/2016,10/12/2016,First Class,WB-21850,United States,La Porte,Texas,77571,Central
US-2016-125402,9/25/2016,10/1/2016,Standard Class,DL-12865,United States,Long Beach,California,90805,West
CA-2014-163867,6/3/2014,6/6/2014,First Class,RE-19450,United States,Decatur,Illinois,62521,Central
CA-2017-169327,9/2/2017,9/4/2017,Second Class,MH-17290,United States,Los Angeles,California,90008,West
CA-2014-142979,4/12/2014,4/18/2014,Standard Class,EH-13765,United States,Lodi,California,95240,West
CA-2016-158155,5/2/2016,5/6/2016,Standard Class,EH-13765,United States,New York City,New York,10009,East
CA-2017-138870,6/19/2017,6/23/2017,Standard Class,GA-14515,United States,San Francisco,California,94109,West
CA-2014-120950,11/6/2014,11/11/2014,Standard Class,GA-14515,United States,Columbus,Georgia,31907,South
CA-2015-164301,3/26/2015,3/30/2015,Standard Class,EB-13840,United States,Seattle,Washington,98103,West
CA-2017-113278,1/14/2017,1/20/2017,Standard Class,HR-14770,United States,Richmond,Indiana,47374,Central
US-2015-116981,3/26/2015,3/28/2015,Second Class,SM-20950,United States,New York City,New York,10009,East
CA-2014-114195,11/1/2014,11/3/2014,First Class,EA-14035,United States,Mason,Ohio,45040,East
CA-2017-146269,10/6/2017,10/6/2017,Same Day,MH-17455,United States,Chicago,Illinois,60623,Central
CA-2016-100587,12/10/2016,12/14/2016,Standard Class,SL-20155,United States,New York City,New York,10024,East
CA-2016-166653,9/22/2016,9/24/2016,Second Class,NP-18685,United States,Parma,Ohio,44134,East
CA-2015-130855,12/29/2015,1/5/2016,Standard Class,RF-19840,United States,New York City,New York,10035,East
US-2017-166324,4/20/2017,4/21/2017,First Class,BE-11455,United States,Cleveland,Ohio,44105,East
CA-2016-122581,8/21/2016,8/25/2016,Standard Class,JK-15370,United States,New York City,New York,10035,East
CA-2015-104297,5/29/2015,5/31/2015,First Class,CC-12100,United States,Cleveland,Ohio,44105,East
CA-2014-153927,8/12/2014,8/13/2014,First Class,LL-16840,United States,Woodstock,Georgia,30188,South
CA-2014-112291,4/3/2014,4/8/2014,Standard Class,KE-16420,United States,Los Angeles,California,90008,West
CA-2014-146997,1/23/2014,1/27/2014,Standard Class,SG-20605,United States,Lafayette,Indiana,47905,Central
CA-2017-169607,10/12/2017,10/15/2017,First Class,CA-12265,United States,New York City,New York,10024,East
CA-2015-127544,8/8/2015,8/12/2015,Standard Class,RD-19585,United States,Utica,New York,13501,East
CA-2017-166499,3/19/2017,3/20/2017,First Class,VG-21805,United States,Lakewood,New Jersey,8701,East
US-2016-115441,7/25/2016,7/28/2016,Second Class,SH-19975,United States,Milwaukee,Wisconsin,53209,Central
CA-2014-115049,9/26/2014,10/1/2014,Standard Class,MM-17920,United States,Chicago,Illinois,60623,Central
CA-2014-156342,6/17/2014,6/20/2014,Second Class,JF-15415,United States,Chicago,Illinois,60653,Central
CA-2016-112830,6/6/2016,6/10/2016,Standard Class,LP-17095,United States,Fairfield,Ohio,45014,East
US-2014-117380,3/28/2014,4/3/2014,Standard Class,MP-18175,United States,Springfield,Ohio,45503,East
CA-2017-117646,8/21/2017,8/25/2017,Standard Class,SC-20845,United States,Louisville,Colorado,80027,West
CA-2014-122609,11/12/2014,11/18/2014,Standard Class,DP-13000,United States,Carrollton,Texas,75007,Central
US-2015-129007,9/13/2015,9/15/2015,First Class,KD-16615,United States,Anaheim,California,92804,West
US-2014-157231,4/5/2014,4/9/2014,Standard Class,RP-19855,United States,Richmond,Kentucky,40475,South
CA-2015-132388,10/10/2015,10/12/2015,First Class,KN-16390,United States,Santa Barbara,California,93101,West
CA-2017-160927,1/29/2017,1/31/2017,Second Class,TM-21010,United States,Marion,Iowa,52302,Central
CA-2015-105508,9/24/2015,9/29/2015,Standard Class,JF-15190,United States,New York City,New York,10035,East
CA-2016-149272,3/15/2016,3/19/2016,Standard Class,MY-18295,United States,Bryan,Texas,77803,Central
CA-2014-111360,11/24/2014,11/30/2014,Standard Class,AT-10435,United States,Akron,Ohio,44312,East
US-2017-162124,5/6/2017,5/10/2017,Standard Class,JF-15490,United States,Chicago,Illinois,60653,Central
CA-2015-159534,3/20/2015,3/23/2015,First Class,DH-13075,United States,New York City,New York,10035,East
CA-2016-129630,9/4/2016,9/4/2016,Same Day,IM-15055,United States,San Francisco,California,94122,West
CA-2015-104948,11/13/2015,11/17/2015,Standard Class,KH-16510,United States,San Bernardino,California,92404,West
CA-2014-166555,7/11/2014,7/14/2014,First Class,JK-15205,United States,Niagara Falls,New York,14304,East
CA-2016-114405,4/7/2016,4/12/2016,Standard Class,AS-10240,United States,Philadelphia,Pennsylvania,19120,East
CA-2017-132955,6/24/2017,6/28/2017,Standard Class,SC-20575,United States,Cranston,Rhode Island,2920,East
CA-2016-164889,6/3/2016,6/6/2016,Second Class,CP-12340,United States,Los Angeles,California,90049,West
CA-2016-169824,12/12/2016,12/17/2016,Standard Class,NS-18640,United States,New York City,New York,10009,East
CA-2017-164028,11/24/2017,11/30/2017,Standard Class,JL-15835,United States,San Francisco,California,94122,West
CA-2014-143371,12/28/2014,1/3/2015,Standard Class,MD-17350,United States,Anaheim,California,92804,West
CA-2015-145415,4/12/2015,4/17/2015,Second Class,RD-19660,United States,Seattle,Washington,98103,West
CA-2014-111157,3/2/2014,3/6/2014,Standard Class,NH-18610,United States,Philadelphia,Pennsylvania,19120,East
CA-2017-121559,6/1/2017,6/3/2017,Second Class,HW-14935,United States,Indianapolis,Indiana,46203,Central
CA-2015-141593,12/14/2015,12/16/2015,Second Class,DB-12970,United States,Los Angeles,California,90045,West
US-2014-143287,11/11/2014,11/17/2014,Standard Class,KN-16705,United States,New Rochelle,New York,10801,East
CA-2017-137421,10/6/2017,10/11/2017,Standard Class,AJ-10945,United States,Chandler,Arizona,85224,West
CA-2017-141446,9/16/2017,9/18/2017,Second Class,CL-12700,United States,Florence,Kentucky,41042,South
CA-2015-168088,3/19/2015,3/22/2015,First Class,CM-12655,United States,Houston,Texas,77041,Central
CA-2015-143700,7/26/2015,7/26/2015,Same Day,AS-10240,United States,Philadelphia,Pennsylvania,19140,East
CA-2016-146374,12/5/2016,12/10/2016,Second Class,HE-14800,United States,Newark,Delaware,19711,East
CA-2017-153871,12/11/2017,12/17/2017,Standard Class,RB-19435,United States,Plainfield,New Jersey,7060,East
CA-2015-103772,6/28/2015,7/2/2015,Standard Class,MP-17470,United States,Smyrna,Georgia,30080,South
CA-2016-130225,9/11/2016,9/17/2016,Standard Class,RC-19960,United States,Houston,Texas,77041,Central
US-2016-103674,12/6/2016,12/10/2016,Standard Class,AP-10720,United States,Los Angeles,California,90032,West
US-2015-151435,9/6/2015,9/9/2015,Second Class,SW-20455,United States,Lafayette,Louisiana,70506,South
CA-2017-163566,8/3/2017,8/6/2017,First Class,TB-21055,United States,Fairfield,Ohio,45014,East
US-2016-157728,9/22/2016,9/28/2016,Standard Class,RC-19960,United States,Grand Rapids,Michigan,49505,Central
CA-2015-100251,5/17/2015,5/23/2015,Standard Class,DV-13465,United States,Long Beach,New York,11561,East
CA-2016-125794,9/29/2016,10/3/2016,Standard Class,ML-17410,United States,Los Angeles,California,90008,West
CA-2017-163629,11/17/2017,11/21/2017,Standard Class,RA-19885,United States,Athens,Georgia,30605,South
CA-2014-110422,1/21/2014,1/23/2014,Second Class,TB-21400,United States,Miami,Florida,33180,South
CA-2017-121258,2/26/2017,3/3/2017,Standard Class,DB-13060,United States,Costa Mesa,California,92627,West
CA-2017-119914,5/4/2017,5/9/2017,Second Class,CC-12220,United States,Westminster,California,92683,West
